layer,public_use,next_gate,region_id,country,kind,source_type,confidence_tier,published_annual_twh,include_in_source_verified_floor,include_in_modelled_envelope,annual_value_basis,definition_notes,source,source_url,validation_doc
measured_feed_needs_calendar_year_aggregation,do_not_publish_annual_floor_until_calendar_year_sum_is_reproduced,"retrieve raw measured series, apply documented formula, sum the target calendar year",aemo-nsw-solar,AUS,solar,direct_constrained_off,T1a-live-tso,,no_pending_annual_aggregation,no,needs calendar-year aggregation or source-note validation,direct operator constrained-off/restriction measurement; annual aggregation still required where annual TWh is blank,AEMO NEMWeb solar SEMIDISPATCHCAP,https://nemweb.com.au/Reports/Current/Next_Day_Dispatch/,docs/validation/aemo-nsw-solar.md
measured_feed_needs_calendar_year_aggregation,do_not_publish_annual_floor_until_calendar_year_sum_is_reproduced,"retrieve raw measured series, apply documented formula, sum the target calendar year",aemo-nsw-wind,AUS,wind,direct_constrained_off,T1a-live-tso,,no_pending_annual_aggregation,no,needs calendar-year aggregation or source-note validation,direct operator constrained-off/restriction measurement; annual aggregation still required where annual TWh is blank,AEMO NEMWeb wind SEMIDISPATCHCAP,https://nemweb.com.au/Reports/Current/Next_Day_Dispatch/,docs/validation/aemo-nsw-wind.md
measured_feed_needs_calendar_year_aggregation,do_not_publish_annual_floor_until_calendar_year_sum_is_reproduced,"retrieve raw measured series, apply documented formula, sum the target calendar year",aemo-qld-solar,AUS,solar,direct_constrained_off,T1a-live-tso,,no_pending_annual_aggregation,no,needs calendar-year aggregation or source-note validation,direct operator constrained-off/restriction measurement; annual aggregation still required where annual TWh is blank,AEMO NEMWeb solar SEMIDISPATCHCAP,https://nemweb.com.au/Reports/Current/Next_Day_Dispatch/,docs/validation/aemo-qld-solar.md
measured_feed_needs_calendar_year_aggregation,do_not_publish_annual_floor_until_calendar_year_sum_is_reproduced,"retrieve raw measured series, apply documented formula, sum the target calendar year",aemo-qld-wind,AUS,wind,direct_constrained_off,T1a-live-tso,,no_pending_annual_aggregation,no,needs calendar-year aggregation or source-note validation,direct operator constrained-off/restriction measurement; annual aggregation still required where annual TWh is blank,AEMO NEMWeb wind SEMIDISPATCHCAP,https://nemweb.com.au/Reports/Current/Next_Day_Dispatch/,docs/validation/aemo-qld-wind.md
measured_feed_needs_calendar_year_aggregation,do_not_publish_annual_floor_until_calendar_year_sum_is_reproduced,"retrieve raw measured series, apply documented formula, sum the target calendar year",aemo-sa-solar,AUS,solar,direct_constrained_off,T1a-live-tso,,no_pending_annual_aggregation,no,needs calendar-year aggregation or source-note validation,direct operator constrained-off/restriction measurement; annual aggregation still required where annual TWh is blank,AEMO NEMWeb solar SEMIDISPATCHCAP,https://nemweb.com.au/Reports/Current/Next_Day_Dispatch/,docs/validation/aemo-sa-solar.md
measured_feed_needs_calendar_year_aggregation,do_not_publish_annual_floor_until_calendar_year_sum_is_reproduced,"retrieve raw measured series, apply documented formula, sum the target calendar year",aemo-sa-wind,AUS,wind,direct_constrained_off,T1a-live-tso,,no_pending_annual_aggregation,no,needs calendar-year aggregation or source-note validation,direct operator constrained-off/restriction measurement; annual aggregation still required where annual TWh is blank,AEMO NEMWeb wind SEMIDISPATCHCAP,https://nemweb.com.au/Reports/Current/Next_Day_Dispatch/,docs/validation/aemo-sa-wind.md
measured_feed_needs_calendar_year_aggregation,do_not_publish_annual_floor_until_calendar_year_sum_is_reproduced,"retrieve raw measured series, apply documented formula, sum the target calendar year",aemo-tas-solar,AUS,solar,direct_constrained_off,T1a-live-tso,,no_pending_annual_aggregation,no,needs calendar-year aggregation or source-note validation,direct operator constrained-off/restriction measurement; annual aggregation still required where annual TWh is blank,AEMO NEMWeb solar SEMIDISPATCHCAP,https://nemweb.com.au/Reports/Current/Next_Day_Dispatch/,docs/validation/aemo-tas-solar.md
measured_feed_needs_calendar_year_aggregation,do_not_publish_annual_floor_until_calendar_year_sum_is_reproduced,"retrieve raw measured series, apply documented formula, sum the target calendar year",aemo-tas-wind,AUS,wind,direct_constrained_off,T1a-live-tso,,no_pending_annual_aggregation,no,needs calendar-year aggregation or source-note validation,direct operator constrained-off/restriction measurement; annual aggregation still required where annual TWh is blank,AEMO NEMWeb wind SEMIDISPATCHCAP,https://nemweb.com.au/Reports/Current/Next_Day_Dispatch/,docs/validation/aemo-tas-wind.md
measured_feed_needs_calendar_year_aggregation,do_not_publish_annual_floor_until_calendar_year_sum_is_reproduced,"retrieve raw measured series, apply documented formula, sum the target calendar year",aemo-vic-solar,AUS,solar,direct_constrained_off,T1a-live-tso,,no_pending_annual_aggregation,no,needs calendar-year aggregation or source-note validation,direct operator constrained-off/restriction measurement; annual aggregation still required where annual TWh is blank,AEMO NEMWeb solar SEMIDISPATCHCAP,https://nemweb.com.au/Reports/Current/Next_Day_Dispatch/,docs/validation/aemo-vic-solar.md
measured_feed_needs_calendar_year_aggregation,do_not_publish_annual_floor_until_calendar_year_sum_is_reproduced,"retrieve raw measured series, apply documented formula, sum the target calendar year",aemo-vic-wind,AUS,wind,direct_constrained_off,T1a-live-tso,,no_pending_annual_aggregation,no,needs calendar-year aggregation or source-note validation,direct operator constrained-off/restriction measurement; annual aggregation still required where annual TWh is blank,AEMO NEMWeb wind SEMIDISPATCHCAP,https://nemweb.com.au/Reports/Current/Next_Day_Dispatch/,docs/validation/aemo-vic-wind.md
measured_feed_needs_calendar_year_aggregation,do_not_publish_annual_floor_until_calendar_year_sum_is_reproduced,"retrieve raw measured series, apply documented formula, sum the target calendar year",atacama,CHL,solar,direct_operator_workbook,T1a-live-tso,,no_pending_annual_aggregation,no,needs calendar-year aggregation or source-note validation,direct operator constrained-off/restriction measurement; annual aggregation still required where annual TWh is blank,CEN Chile XLSX,https://www.coordinador.cl/operacion/documentos/reducciones-de-generacion-renovable/,docs/validation/atacama.md
measured_feed_needs_calendar_year_aggregation,do_not_publish_annual_floor_until_calendar_year_sum_is_reproduced,"retrieve raw measured series, apply documented formula, sum the target calendar year",brazil-go-solar,BRA,solar,direct_constrained_off,T1a-live-tso,,no_pending_annual_aggregation,no,needs calendar-year aggregation or source-note validation,direct operator constrained-off/restriction measurement; annual aggregation still required where annual TWh is blank,ONS solar constrained-off,https://www.ons.org.br/,docs/validation/brazil-go-solar.md
measured_feed_needs_calendar_year_aggregation,do_not_publish_annual_floor_until_calendar_year_sum_is_reproduced,"retrieve raw measured series, apply documented formula, sum the target calendar year",brazil-go-wind,BRA,wind,direct_constrained_off,T1a-live-tso,,no_pending_annual_aggregation,no,needs calendar-year aggregation or source-note validation,direct operator constrained-off/restriction measurement; annual aggregation still required where annual TWh is blank,ONS wind constrained-off,https://www.ons.org.br/,docs/validation/brazil-go-wind.md
measured_feed_needs_calendar_year_aggregation,do_not_publish_annual_floor_until_calendar_year_sum_is_reproduced,"retrieve raw measured series, apply documented formula, sum the target calendar year",brazil-maranhao-solar,BRA,solar,direct_constrained_off,T1a-live-tso,,no_pending_annual_aggregation,no,needs calendar-year aggregation or source-note validation,direct operator constrained-off/restriction measurement; annual aggregation still required where annual TWh is blank,ONS solar constrained-off,https://www.ons.org.br/,docs/validation/brazil-maranhao-solar.md
measured_feed_needs_calendar_year_aggregation,do_not_publish_annual_floor_until_calendar_year_sum_is_reproduced,"retrieve raw measured series, apply documented formula, sum the target calendar year",brazil-mg-wind,BRA,wind,direct_constrained_off,T1a-live-tso,,no_pending_annual_aggregation,no,needs calendar-year aggregation or source-note validation,direct operator constrained-off/restriction measurement; annual aggregation still required where annual TWh is blank,ONS wind constrained-off,https://www.ons.org.br/,docs/validation/brazil-mg-wind.md
measured_feed_needs_calendar_year_aggregation,do_not_publish_annual_floor_until_calendar_year_sum_is_reproduced,"retrieve raw measured series, apply documented formula, sum the target calendar year",brazil-mt-solar,BRA,solar,direct_constrained_off,T1a-live-tso,,no_pending_annual_aggregation,no,needs calendar-year aggregation or source-note validation,direct operator constrained-off/restriction measurement; annual aggregation still required where annual TWh is blank,ONS solar constrained-off,https://www.ons.org.br/,docs/validation/brazil-mt-solar.md
measured_feed_needs_calendar_year_aggregation,do_not_publish_annual_floor_until_calendar_year_sum_is_reproduced,"retrieve raw measured series, apply documented formula, sum the target calendar year",brazil-mt-wind,BRA,wind,direct_constrained_off,T1a-live-tso,,no_pending_annual_aggregation,no,needs calendar-year aggregation or source-note validation,direct operator constrained-off/restriction measurement; annual aggregation still required where annual TWh is blank,ONS wind constrained-off,https://www.ons.org.br/,docs/validation/brazil-mt-wind.md
measured_feed_needs_calendar_year_aggregation,do_not_publish_annual_floor_until_calendar_year_sum_is_reproduced,"retrieve raw measured series, apply documented formula, sum the target calendar year",brazil-other-solar,BRA,solar,direct_constrained_off,T1a-live-tso,,no_pending_annual_aggregation,no,needs calendar-year aggregation or source-note validation,direct operator constrained-off/restriction measurement; annual aggregation still required where annual TWh is blank,ONS solar constrained-off,https://www.ons.org.br/,docs/validation/brazil-other-solar.md
measured_feed_needs_calendar_year_aggregation,do_not_publish_annual_floor_until_calendar_year_sum_is_reproduced,"retrieve raw measured series, apply documented formula, sum the target calendar year",brazil-other-wind,BRA,wind,direct_constrained_off,T1a-live-tso,,no_pending_annual_aggregation,no,needs calendar-year aggregation or source-note validation,direct operator constrained-off/restriction measurement; annual aggregation still required where annual TWh is blank,ONS wind constrained-off,https://www.ons.org.br/,docs/validation/brazil-other-wind.md
measured_feed_needs_calendar_year_aggregation,do_not_publish_annual_floor_until_calendar_year_sum_is_reproduced,"retrieve raw measured series, apply documented formula, sum the target calendar year",brazil-pr-solar,BRA,solar,direct_constrained_off,T1a-live-tso,,no_pending_annual_aggregation,no,needs calendar-year aggregation or source-note validation,direct operator constrained-off/restriction measurement; annual aggregation still required where annual TWh is blank,ONS solar constrained-off,https://www.ons.org.br/,docs/validation/brazil-pr-solar.md
measured_feed_needs_calendar_year_aggregation,do_not_publish_annual_floor_until_calendar_year_sum_is_reproduced,"retrieve raw measured series, apply documented formula, sum the target calendar year",brazil-pr-wind,BRA,wind,direct_constrained_off,T1a-live-tso,,no_pending_annual_aggregation,no,needs calendar-year aggregation or source-note validation,direct operator constrained-off/restriction measurement; annual aggregation still required where annual TWh is blank,ONS wind constrained-off,https://www.ons.org.br/,docs/validation/brazil-pr-wind.md
measured_feed_needs_calendar_year_aggregation,do_not_publish_annual_floor_until_calendar_year_sum_is_reproduced,"retrieve raw measured series, apply documented formula, sum the target calendar year",brazil-rs-solar,BRA,solar,direct_constrained_off,T1a-live-tso,,no_pending_annual_aggregation,no,needs calendar-year aggregation or source-note validation,direct operator constrained-off/restriction measurement; annual aggregation still required where annual TWh is blank,ONS solar constrained-off,https://www.ons.org.br/,docs/validation/brazil-rs-solar.md
measured_feed_needs_calendar_year_aggregation,do_not_publish_annual_floor_until_calendar_year_sum_is_reproduced,"retrieve raw measured series, apply documented formula, sum the target calendar year",brazil-sp-wind,BRA,wind,direct_constrained_off,T1a-live-tso,,no_pending_annual_aggregation,no,needs calendar-year aggregation or source-note validation,direct operator constrained-off/restriction measurement; annual aggregation still required where annual TWh is blank,ONS wind constrained-off,https://www.ons.org.br/,docs/validation/brazil-sp-wind.md
measured_feed_needs_calendar_year_aggregation,do_not_publish_annual_floor_until_calendar_year_sum_is_reproduced,"retrieve raw measured series, apply documented formula, sum the target calendar year",bulgaria-solar,BGR,solar,live_operator_feed,T1a-live-tso,,no_pending_annual_aggregation,no,needs calendar-year aggregation or source-note validation,,ENTSO-E ESO solar,https://transparency.entsoe.eu/,docs/validation/bulgaria-solar.md
measured_feed_needs_calendar_year_aggregation,do_not_publish_annual_floor_until_calendar_year_sum_is_reproduced,"retrieve raw measured series, apply documented formula, sum the target calendar year",bulgaria-wind,BGR,wind,live_operator_feed,T1a-live-tso,,no_pending_annual_aggregation,no,needs calendar-year aggregation or source-note validation,,ENTSO-E ESO wind,https://transparency.entsoe.eu/,docs/validation/bulgaria-wind.md
measured_feed_needs_calendar_year_aggregation,do_not_publish_annual_floor_until_calendar_year_sum_is_reproduced,"retrieve raw measured series, apply documented formula, sum the target calendar year",croatia-solar,HRV,solar,live_operator_feed,T1a-live-tso,,no_pending_annual_aggregation,no,needs calendar-year aggregation or source-note validation,,ENTSO-E HOPS solar,https://transparency.entsoe.eu/,docs/validation/croatia-solar.md
measured_feed_needs_calendar_year_aggregation,do_not_publish_annual_floor_until_calendar_year_sum_is_reproduced,"retrieve raw measured series, apply documented formula, sum the target calendar year",croatia-wind,HRV,wind,live_operator_feed,T1a-live-tso,,no_pending_annual_aggregation,no,needs calendar-year aggregation or source-note validation,,ENTSO-E HOPS wind,https://transparency.entsoe.eu/,docs/validation/croatia-wind.md
measured_feed_needs_calendar_year_aggregation,do_not_publish_annual_floor_until_calendar_year_sum_is_reproduced,"retrieve raw measured series, apply documented formula, sum the target calendar year",czech-republic-solar,CZE,solar,live_operator_feed,T1a-live-tso,,no_pending_annual_aggregation,no,needs calendar-year aggregation or source-note validation,,ENTSO-E CEPS solar,https://transparency.entsoe.eu/,docs/validation/czech-republic-solar.md
measured_feed_needs_calendar_year_aggregation,do_not_publish_annual_floor_until_calendar_year_sum_is_reproduced,"retrieve raw measured series, apply documented formula, sum the target calendar year",czech-republic-wind,CZE,wind,live_operator_feed,T1a-live-tso,,no_pending_annual_aggregation,no,needs calendar-year aggregation or source-note validation,,ENTSO-E CEPS wind,https://transparency.entsoe.eu/,docs/validation/czech-republic-wind.md
measured_feed_needs_calendar_year_aggregation,do_not_publish_annual_floor_until_calendar_year_sum_is_reproduced,"retrieve raw measured series, apply documented formula, sum the target calendar year",ercot-native-east,,,live_operator_feed,T1-live-TSO,,no_pending_annual_aggregation,no,needs calendar-year aggregation or source-note validation,,,,
measured_feed_needs_calendar_year_aggregation,do_not_publish_annual_floor_until_calendar_year_sum_is_reproduced,"retrieve raw measured series, apply documented formula, sum the target calendar year",ercot-native-west,,,live_operator_feed,T1-live-TSO,,no_pending_annual_aggregation,no,needs calendar-year aggregation or source-note validation,,,,
measured_feed_needs_calendar_year_aggregation,do_not_publish_annual_floor_until_calendar_year_sum_is_reproduced,"retrieve raw measured series, apply documented formula, sum the target calendar year",estonia,EST,wind,live_operator_feed,T1a-live-tso,,no_pending_annual_aggregation,no,needs calendar-year aggregation or source-note validation,,ENTSO-E Elering,https://transparency.entsoe.eu/,docs/validation/estonia.md
measured_feed_needs_calendar_year_aggregation,do_not_publish_annual_floor_until_calendar_year_sum_is_reproduced,"retrieve raw measured series, apply documented formula, sum the target calendar year",finland-solar,FIN,solar,live_operator_feed,T1a-live-tso,,no_pending_annual_aggregation,no,needs calendar-year aggregation or source-note validation,,ENTSO-E A75 FI B16 solar,https://transparency.entsoe.eu/,docs/validation/finland-solar.md
measured_feed_needs_calendar_year_aggregation,do_not_publish_annual_floor_until_calendar_year_sum_is_reproduced,"retrieve raw measured series, apply documented formula, sum the target calendar year",germany-wind,DEU,wind,live_operator_feed,T1a-live-tso,,no_pending_annual_aggregation,no,needs calendar-year aggregation or source-note validation,,ENTSO-E BNetzA/SMARD wind,https://transparency.entsoe.eu/,docs/validation/germany-wind.md
measured_feed_needs_calendar_year_aggregation,do_not_publish_annual_floor_until_calendar_year_sum_is_reproduced,"retrieve raw measured series, apply documented formula, sum the target calendar year",greece-solar,GRC,solar,live_operator_feed,T1a-live-tso,,no_pending_annual_aggregation,no,needs calendar-year aggregation or source-note validation,,ENTSO-E IPTO 2024 solar,https://transparency.entsoe.eu/,docs/validation/greece-solar.md
measured_feed_needs_calendar_year_aggregation,do_not_publish_annual_floor_until_calendar_year_sum_is_reproduced,"retrieve raw measured series, apply documented formula, sum the target calendar year",greece-wind,GRC,wind,live_operator_feed,T1a-live-tso,,no_pending_annual_aggregation,no,needs calendar-year aggregation or source-note validation,,ENTSO-E IPTO 2024 wind,https://transparency.entsoe.eu/,docs/validation/greece-wind.md
measured_feed_needs_calendar_year_aggregation,do_not_publish_annual_floor_until_calendar_year_sum_is_reproduced,"retrieve raw measured series, apply documented formula, sum the target calendar year",hungary-solar,HUN,solar,live_operator_feed,T1a-live-tso,,no_pending_annual_aggregation,no,needs calendar-year aggregation or source-note validation,,ENTSO-E MAVIR solar,https://transparency.entsoe.eu/,docs/validation/hungary-solar.md
measured_feed_needs_calendar_year_aggregation,do_not_publish_annual_floor_until_calendar_year_sum_is_reproduced,"retrieve raw measured series, apply documented formula, sum the target calendar year",hungary-wind,HUN,wind,live_operator_feed,T1a-live-tso,,no_pending_annual_aggregation,no,needs calendar-year aggregation or source-note validation,,ENTSO-E MAVIR wind,https://transparency.entsoe.eu/,docs/validation/hungary-wind.md
measured_feed_needs_calendar_year_aggregation,do_not_publish_annual_floor_until_calendar_year_sum_is_reproduced,"retrieve raw measured series, apply documented formula, sum the target calendar year",ireland-republic-solar,IRL,solar,live_operator_feed,T1a-live-tso,,no_pending_annual_aggregation,no,needs calendar-year aggregation or source-note validation,,EirGrid/SONI DD half-hourly workbook (ROI 58% solar share fallback),https://www.eirgrid.ie/grid/system-and-renewable-data-reports,docs/validation/ireland-republic-solar.md
measured_feed_needs_calendar_year_aggregation,do_not_publish_annual_floor_until_calendar_year_sum_is_reproduced,"retrieve raw measured series, apply documented formula, sum the target calendar year",ireland-republic-wind,IRL,wind,live_operator_feed,T1a-live-tso,,no_pending_annual_aggregation,no,needs calendar-year aggregation or source-note validation,,EirGrid/SONI DD half-hourly workbook (ROI 58% of all-island DD),https://www.eirgrid.ie/grid/system-and-renewable-data-reports,docs/validation/ireland-republic-wind.md
measured_feed_needs_calendar_year_aggregation,do_not_publish_annual_floor_until_calendar_year_sum_is_reproduced,"retrieve raw measured series, apply documented formula, sum the target calendar year",italy-north-zone-solar,ITA,solar,live_operator_feed,T1b-live-domestic-anchored,,no_pending_annual_aggregation,no,needs calendar-year aggregation or source-note validation,,ENTSO-E Terna North zone solar,https://transparency.entsoe.eu/,docs/validation/italy-north-zone-solar.md
measured_feed_needs_calendar_year_aggregation,do_not_publish_annual_floor_until_calendar_year_sum_is_reproduced,"retrieve raw measured series, apply documented formula, sum the target calendar year",italy-north-zone-wind,ITA,wind,live_operator_feed,T1b-live-domestic-anchored,,no_pending_annual_aggregation,no,needs calendar-year aggregation or source-note validation,,ENTSO-E Terna North zone wind,https://transparency.entsoe.eu/,docs/validation/italy-north-zone-wind.md
measured_feed_needs_calendar_year_aggregation,do_not_publish_annual_floor_until_calendar_year_sum_is_reproduced,"retrieve raw measured series, apply documented formula, sum the target calendar year",italy-sardinia-solar,ITA,solar,live_operator_feed,T1b-live-domestic-anchored,,no_pending_annual_aggregation,no,needs calendar-year aggregation or source-note validation,,ENTSO-E Terna Sardinia solar,https://transparency.entsoe.eu/,docs/validation/italy-sardinia-solar.md
measured_feed_needs_calendar_year_aggregation,do_not_publish_annual_floor_until_calendar_year_sum_is_reproduced,"retrieve raw measured series, apply documented formula, sum the target calendar year",italy-sardinia-wind,ITA,wind,live_operator_feed,T1b-live-domestic-anchored,,no_pending_annual_aggregation,no,needs calendar-year aggregation or source-note validation,,ENTSO-E Terna Sardinia wind,https://transparency.entsoe.eu/,docs/validation/italy-sardinia-wind.md
measured_feed_needs_calendar_year_aggregation,do_not_publish_annual_floor_until_calendar_year_sum_is_reproduced,"retrieve raw measured series, apply documented formula, sum the target calendar year",italy-sicily-solar,ITA,solar,live_operator_feed,T1b-live-domestic-anchored,,no_pending_annual_aggregation,no,needs calendar-year aggregation or source-note validation,,ENTSO-E Terna Sicily solar,https://transparency.entsoe.eu/,docs/validation/italy-sicily-solar.md
measured_feed_needs_calendar_year_aggregation,do_not_publish_annual_floor_until_calendar_year_sum_is_reproduced,"retrieve raw measured series, apply documented formula, sum the target calendar year",italy-sicily-wind,ITA,wind,live_operator_feed,T1b-live-domestic-anchored,,no_pending_annual_aggregation,no,needs calendar-year aggregation or source-note validation,,ENTSO-E Terna Sicily wind,https://transparency.entsoe.eu/,docs/validation/italy-sicily-wind.md
measured_feed_needs_calendar_year_aggregation,do_not_publish_annual_floor_until_calendar_year_sum_is_reproduced,"retrieve raw measured series, apply documented formula, sum the target calendar year",japan-tohoku,JPN,solar,live_operator_feed,T1a-live-tso,,no_pending_annual_aggregation,no,ambiguous source-note annual hint; manual extraction required,,"Tohoku Electric area supply/demand CSV — direct 太陽光出力制御量+風力出力制御量 columns (MW, 30-min). Solar-dominant (>95% of measured curtailment). FY2023 OCCTO anchor: 0.13 TWh; rising ~1.5-2 TWh/yr.",https://setsuden.nw.tohoku-epco.co.jp/common/demand/realtime_jukyu/,docs/validation/japan-tohoku.md
measured_feed_needs_calendar_year_aggregation,do_not_publish_annual_floor_until_calendar_year_sum_is_reproduced,"retrieve raw measured series, apply documented formula, sum the target calendar year",latvia,LVA,wind,live_operator_feed,T1a-live-tso,,no_pending_annual_aggregation,no,needs calendar-year aggregation or source-note validation,,ENTSO-E AST,https://transparency.entsoe.eu/,docs/validation/latvia.md
measured_feed_needs_calendar_year_aggregation,do_not_publish_annual_floor_until_calendar_year_sum_is_reproduced,"retrieve raw measured series, apply documented formula, sum the target calendar year",lithuania,LTU,wind,live_operator_feed,T1a-live-tso,,no_pending_annual_aggregation,no,needs calendar-year aggregation or source-note validation,,ENTSO-E Litgrid,https://transparency.entsoe.eu/,docs/validation/lithuania.md
measured_feed_needs_calendar_year_aggregation,do_not_publish_annual_floor_until_calendar_year_sum_is_reproduced,"retrieve raw measured series, apply documented formula, sum the target calendar year",luxembourg-solar,LUX,solar,live_operator_feed,T1a-live-tso,,no_pending_annual_aggregation,no,needs calendar-year aggregation or source-note validation,,ENTSO-E Cegedel solar,https://transparency.entsoe.eu/,docs/validation/luxembourg-solar.md
measured_feed_needs_calendar_year_aggregation,do_not_publish_annual_floor_until_calendar_year_sum_is_reproduced,"retrieve raw measured series, apply documented formula, sum the target calendar year",luxembourg-wind,LUX,wind,live_operator_feed,T1a-live-tso,,no_pending_annual_aggregation,no,needs calendar-year aggregation or source-note validation,,ENTSO-E Cegedel wind,https://transparency.entsoe.eu/,docs/validation/luxembourg-wind.md
measured_feed_needs_calendar_year_aggregation,do_not_publish_annual_floor_until_calendar_year_sum_is_reproduced,"retrieve raw measured series, apply documented formula, sum the target calendar year",moldova-solar,MDA,solar,live_operator_feed,T1a-live-tso,,no_pending_annual_aggregation,no,needs calendar-year aggregation or source-note validation,,ENTSO-E Moldelectrica solar (MEPSO protocol),https://transparency.entsoe.eu/,docs/validation/moldova-solar.md
measured_feed_needs_calendar_year_aggregation,do_not_publish_annual_floor_until_calendar_year_sum_is_reproduced,"retrieve raw measured series, apply documented formula, sum the target calendar year",moldova-wind,MDA,wind,live_operator_feed,T1a-live-tso,,no_pending_annual_aggregation,no,needs calendar-year aggregation or source-note validation,,ENTSO-E Moldelectrica wind (MEPSO protocol),https://transparency.entsoe.eu/,docs/validation/moldova-wind.md
measured_feed_needs_calendar_year_aggregation,do_not_publish_annual_floor_until_calendar_year_sum_is_reproduced,"retrieve raw measured series, apply documented formula, sum the target calendar year",montenegro,MNE,hydro,live_operator_feed,T1a-live-tso,,no_pending_annual_aggregation,no,needs calendar-year aggregation or source-note validation,,ENTSO-E CGES,https://transparency.entsoe.eu/,docs/validation/montenegro.md
measured_feed_needs_calendar_year_aggregation,do_not_publish_annual_floor_until_calendar_year_sum_is_reproduced,"retrieve raw measured series, apply documented formula, sum the target calendar year",netherlands-solar,NLD,solar,live_operator_feed,T1b-live-domestic-anchored,,no_pending_annual_aggregation,no,needs calendar-year aggregation or source-note validation,,ENTSO-E IEEFA 2024 solar,https://transparency.entsoe.eu/,docs/validation/netherlands-solar.md
measured_feed_needs_calendar_year_aggregation,do_not_publish_annual_floor_until_calendar_year_sum_is_reproduced,"retrieve raw measured series, apply documented formula, sum the target calendar year",netherlands-wind,NLD,wind,live_operator_feed,T1b-live-domestic-anchored,,no_pending_annual_aggregation,no,ambiguous source-note annual hint; manual extraction required,,ENTSO-E IEEFA 2024 wind,https://transparency.entsoe.eu/,docs/validation/netherlands-wind.md
measured_feed_needs_calendar_year_aggregation,do_not_publish_annual_floor_until_calendar_year_sum_is_reproduced,"retrieve raw measured series, apply documented formula, sum the target calendar year",north-macedonia-solar,MKD,solar,live_operator_feed,T1a-live-tso,,no_pending_annual_aggregation,no,needs calendar-year aggregation or source-note validation,,ENTSO-E MEPSO solar,https://transparency.entsoe.eu/,docs/validation/north-macedonia-solar.md
measured_feed_needs_calendar_year_aggregation,do_not_publish_annual_floor_until_calendar_year_sum_is_reproduced,"retrieve raw measured series, apply documented formula, sum the target calendar year",north-macedonia-wind,MKD,wind,live_operator_feed,T1a-live-tso,,no_pending_annual_aggregation,no,needs calendar-year aggregation or source-note validation,,ENTSO-E MEPSO wind,https://transparency.entsoe.eu/,docs/validation/north-macedonia-wind.md
measured_feed_needs_calendar_year_aggregation,do_not_publish_annual_floor_until_calendar_year_sum_is_reproduced,"retrieve raw measured series, apply documented formula, sum the target calendar year",northern-ireland-solar,GBR,solar,live_operator_feed,T1a-live-tso,,no_pending_annual_aggregation,no,needs calendar-year aggregation or source-note validation,,EirGrid/SONI DD half-hourly workbook (NI 42% solar share fallback),https://www.eirgrid.ie/grid/system-and-renewable-data-reports,docs/validation/northern-ireland-solar.md
measured_feed_needs_calendar_year_aggregation,do_not_publish_annual_floor_until_calendar_year_sum_is_reproduced,"retrieve raw measured series, apply documented formula, sum the target calendar year",northern-ireland-wind,GBR,wind,live_operator_feed,T1a-live-tso,,no_pending_annual_aggregation,no,needs calendar-year aggregation or source-note validation,,EirGrid/SONI DD half-hourly workbook (NI 42% of all-island DD),https://www.eirgrid.ie/grid/system-and-renewable-data-reports,docs/validation/northern-ireland-wind.md
measured_feed_needs_calendar_year_aggregation,do_not_publish_annual_floor_until_calendar_year_sum_is_reproduced,"retrieve raw measured series, apply documented formula, sum the target calendar year",poland-solar,POL,solar,live_operator_feed,T1a-live-tso,,no_pending_annual_aggregation,no,needs calendar-year aggregation or source-note validation,,ENTSO-E URE 2024 solar,https://transparency.entsoe.eu/,docs/validation/poland-solar.md
measured_feed_needs_calendar_year_aggregation,do_not_publish_annual_floor_until_calendar_year_sum_is_reproduced,"retrieve raw measured series, apply documented formula, sum the target calendar year",poland-wind,POL,wind,live_operator_feed,T1a-live-tso,,no_pending_annual_aggregation,no,needs calendar-year aggregation or source-note validation,,ENTSO-E URE 2024 wind,https://transparency.entsoe.eu/,docs/validation/poland-wind.md
measured_feed_needs_calendar_year_aggregation,do_not_publish_annual_floor_until_calendar_year_sum_is_reproduced,"retrieve raw measured series, apply documented formula, sum the target calendar year",portugal-solar,PRT,solar,live_operator_feed,T1a-live-tso,,no_pending_annual_aggregation,no,needs calendar-year aggregation or source-note validation,,ENTSO-E REN solar,https://transparency.entsoe.eu/,docs/validation/portugal-solar.md
measured_feed_needs_calendar_year_aggregation,do_not_publish_annual_floor_until_calendar_year_sum_is_reproduced,"retrieve raw measured series, apply documented formula, sum the target calendar year",romania-solar,ROU,solar,live_operator_feed,T1a-live-tso,,no_pending_annual_aggregation,no,needs calendar-year aggregation or source-note validation,,ENTSO-E Transelectrica solar,https://transparency.entsoe.eu/,docs/validation/romania-solar.md
measured_feed_needs_calendar_year_aggregation,do_not_publish_annual_floor_until_calendar_year_sum_is_reproduced,"retrieve raw measured series, apply documented formula, sum the target calendar year",romania-wind,ROU,wind,live_operator_feed,T1a-live-tso,,no_pending_annual_aggregation,no,needs calendar-year aggregation or source-note validation,,ENTSO-E Transelectrica wind,https://transparency.entsoe.eu/,docs/validation/romania-wind.md
measured_feed_needs_calendar_year_aggregation,do_not_publish_annual_floor_until_calendar_year_sum_is_reproduced,"retrieve raw measured series, apply documented formula, sum the target calendar year",serbia-solar,SRB,solar,live_operator_feed,T1a-live-tso,,no_pending_annual_aggregation,no,needs calendar-year aggregation or source-note validation,,ENTSO-E EMS solar,https://transparency.entsoe.eu/,docs/validation/serbia-solar.md
measured_feed_needs_calendar_year_aggregation,do_not_publish_annual_floor_until_calendar_year_sum_is_reproduced,"retrieve raw measured series, apply documented formula, sum the target calendar year",serbia-wind,SRB,wind,live_operator_feed,T1a-live-tso,,no_pending_annual_aggregation,no,needs calendar-year aggregation or source-note validation,,ENTSO-E EMS wind,https://transparency.entsoe.eu/,docs/validation/serbia-wind.md
measured_feed_needs_calendar_year_aggregation,do_not_publish_annual_floor_until_calendar_year_sum_is_reproduced,"retrieve raw measured series, apply documented formula, sum the target calendar year",slovakia-solar,SVK,solar,live_operator_feed,T1a-live-tso,,no_pending_annual_aggregation,no,needs calendar-year aggregation or source-note validation,,ENTSO-E SEPS solar,https://transparency.entsoe.eu/,docs/validation/slovakia-solar.md
measured_feed_needs_calendar_year_aggregation,do_not_publish_annual_floor_until_calendar_year_sum_is_reproduced,"retrieve raw measured series, apply documented formula, sum the target calendar year",slovakia-wind,SVK,wind,live_operator_feed,T1a-live-tso,,no_pending_annual_aggregation,no,needs calendar-year aggregation or source-note validation,,ENTSO-E SEPS wind,https://transparency.entsoe.eu/,docs/validation/slovakia-wind.md
measured_feed_needs_calendar_year_aggregation,do_not_publish_annual_floor_until_calendar_year_sum_is_reproduced,"retrieve raw measured series, apply documented formula, sum the target calendar year",slovenia-solar,SVN,solar,live_operator_feed,T1a-live-tso,,no_pending_annual_aggregation,no,needs calendar-year aggregation or source-note validation,,ENTSO-E ELES solar,https://transparency.entsoe.eu/,docs/validation/slovenia-solar.md
measured_feed_needs_calendar_year_aggregation,do_not_publish_annual_floor_until_calendar_year_sum_is_reproduced,"retrieve raw measured series, apply documented formula, sum the target calendar year",slovenia-wind,SVN,wind,live_operator_feed,T1a-live-tso,,no_pending_annual_aggregation,no,needs calendar-year aggregation or source-note validation,,ENTSO-E ELES wind,https://transparency.entsoe.eu/,docs/validation/slovenia-wind.md
measured_feed_needs_calendar_year_aggregation,do_not_publish_annual_floor_until_calendar_year_sum_is_reproduced,"retrieve raw measured series, apply documented formula, sum the target calendar year",spain-solar,ESP,solar,live_operator_feed,T1a-live-tso,,no_pending_annual_aggregation,no,ambiguous source-note annual hint; manual extraction required,,ENTSO-E REE solar,https://transparency.entsoe.eu/,docs/validation/spain-solar.md
measured_feed_needs_calendar_year_aggregation,do_not_publish_annual_floor_until_calendar_year_sum_is_reproduced,"retrieve raw measured series, apply documented formula, sum the target calendar year",sweden-south-solar,SWE,solar,live_operator_feed,T1a-live-tso,,no_pending_annual_aggregation,no,needs calendar-year aggregation or source-note validation,,ENTSO-E SE4 solar,https://transparency.entsoe.eu/,docs/validation/sweden-south-solar.md
measured_feed_needs_calendar_year_aggregation,do_not_publish_annual_floor_until_calendar_year_sum_is_reproduced,"retrieve raw measured series, apply documented formula, sum the target calendar year",sweden-south-wind,SWE,wind,live_operator_feed,T1a-live-tso,,no_pending_annual_aggregation,no,needs calendar-year aggregation or source-note validation,,ENTSO-E SE4 wind,https://transparency.entsoe.eu/,docs/validation/sweden-south-wind.md
measured_feed_needs_calendar_year_aggregation,do_not_publish_annual_floor_until_calendar_year_sum_is_reproduced,"retrieve raw measured series, apply documented formula, sum the target calendar year",uruguay,URY,wind,direct_operator_workbook,T1a-live-tso,,no_pending_annual_aggregation,no,needs calendar-year aggregation or source-note validation,direct operator constrained-off/restriction measurement; annual aggregation still required where annual TWh is blank,ADME hourly Restricciones Operativas workbook,https://www.adme.com.uy/panelControl/ro_excel.php,docs/validation/uruguay.md
missing_snapshot_or_registry_gap,do_not_publish_numeric_row_until_emission_path_is_explained,"confirm whether this is intentional placeholder, registry gap, or emission bug",afghanistan,AFG,solar,no_emitted_snapshot,,,no_missing_snapshot,no,no emitted snapshot row,,IRENA RCS 2025 / DABS (~150 MW solar capacity),https://www.irena.org/Data/Downloads/IRENASTAT,docs/validation/afghanistan.md
missing_snapshot_or_registry_gap,do_not_publish_numeric_row_until_emission_path_is_explained,"confirm whether this is intentional placeholder, registry gap, or emission bug",albania,ALB,solar,no_emitted_snapshot,,,no_missing_snapshot,no,no emitted snapshot row,,IRENA RE Statistics 2024 (~240 MW solar capacity: Karavasta 140 MW + Spitalla 100 MW); wind negligible; modelled curtailment ~2% per regional default,https://www.irena.org/Data/Energy-Profiles,docs/validation/albania.md
missing_snapshot_or_registry_gap,do_not_publish_numeric_row_until_emission_path_is_explained,"confirm whether this is intentional placeholder, registry gap, or emission bug",algeria,DZA,solar,no_emitted_snapshot,,,no_missing_snapshot,no,no emitted snapshot row,,"IRENA Country Statistics 2024 (Algeria SONELGAZ/OS, ~1.5 GW wind+PV)",https://www.grte.dz/,docs/validation/algeria.md
missing_snapshot_or_registry_gap,do_not_publish_numeric_row_until_emission_path_is_explained,"confirm whether this is intentional placeholder, registry gap, or emission bug",andorra,AND,hydro,no_emitted_snapshot,,,no_missing_snapshot,no,no emitted snapshot row,,IRENA RCS 2025 / FEDA (Alpine hydro + pumped storage; near-zero VRE),https://www.irena.org/Data/Downloads/IRENASTAT,docs/validation/andorra.md
missing_snapshot_or_registry_gap,do_not_publish_numeric_row_until_emission_path_is_explained,"confirm whether this is intentional placeholder, registry gap, or emission bug",angola,AGO,solar,no_emitted_snapshot,,,no_missing_snapshot,no,no emitted snapshot row,,IRENA Angola 2024 (RNT transmission; nascent solar),https://www.rnt.co.ao/,docs/validation/angola.md
missing_snapshot_or_registry_gap,do_not_publish_numeric_row_until_emission_path_is_explained,"confirm whether this is intentional placeholder, registry gap, or emission bug",antigua-and-barbuda,ATG,solar,no_emitted_snapshot,,,no_missing_snapshot,no,no emitted snapshot row,,IRENA RCS 2025 / APUA (~10 MW PV + diesel; island grid),https://www.irena.org/Data/Downloads/IRENASTAT,docs/validation/antigua-and-barbuda.md
missing_snapshot_or_registry_gap,do_not_publish_numeric_row_until_emission_path_is_explained,"confirm whether this is intentional placeholder, registry gap, or emission bug",armenia,ARM,solar,no_emitted_snapshot,,,no_missing_snapshot,no,no emitted snapshot row,,"IRENA RE Statistics 2024 (~180 MW solar capacity, growing post-2020); modelled curtailment ~2% per regional default",https://www.irena.org/Data/Energy-Profiles,docs/validation/armenia.md
missing_snapshot_or_registry_gap,do_not_publish_numeric_row_until_emission_path_is_explained,"confirm whether this is intentional placeholder, registry gap, or emission bug",austria,AUT,mixed,no_emitted_snapshot,,,no_missing_snapshot,no,no emitted snapshot row,,APG Strombilanz 2024 + ENTSO-E redispatch A75 (provisional anchor),https://www.apg.at/en/news-press/apg-strombilanz-2024-oesterreich-erstmals-wieder-exportland/,docs/validation/austria.md
missing_snapshot_or_registry_gap,do_not_publish_numeric_row_until_emission_path_is_explained,"confirm whether this is intentional placeholder, registry gap, or emission bug",azerbaijan,AZE,mixed,no_emitted_snapshot,,,no_missing_snapshot,no,no emitted snapshot row,,IRENA RE Statistics 2024 (~200 MW solar + ~200 MW wind in operation post-2023); modelled curtailment ~2% per regional default,https://www.irena.org/Data/Energy-Profiles,docs/validation/azerbaijan.md
missing_snapshot_or_registry_gap,do_not_publish_numeric_row_until_emission_path_is_explained,"confirm whether this is intentional placeholder, registry gap, or emission bug",bahamas,BHS,solar,no_emitted_snapshot,,,no_missing_snapshot,no,no emitted snapshot row,,IRENA RCS 2025 / BPL (~20 MW solar + oil; island grids),https://www.irena.org/Data/Downloads/IRENASTAT,docs/validation/bahamas.md
missing_snapshot_or_registry_gap,do_not_publish_numeric_row_until_emission_path_is_explained,"confirm whether this is intentional placeholder, registry gap, or emission bug",bahrain,BHR,solar,no_emitted_snapshot,,,no_missing_snapshot,no,no emitted snapshot row,,IRENA RCS 2025 / EWA Bahrain (~100 MW PV),https://www.irena.org/Data/Downloads/IRENASTAT,docs/validation/bahrain.md
missing_snapshot_or_registry_gap,do_not_publish_numeric_row_until_emission_path_is_explained,"confirm whether this is intentional placeholder, registry gap, or emission bug",barbados,BRB,solar,no_emitted_snapshot,,,no_missing_snapshot,no,no emitted snapshot row,,IRENA Barbados Renewables 2024 (rooftop PV; at inclusion threshold),https://www.blpc.com.bb/,docs/validation/barbados.md
missing_snapshot_or_registry_gap,do_not_publish_numeric_row_until_emission_path_is_explained,"confirm whether this is intentional placeholder, registry gap, or emission bug",belarus-solar,BLR,solar,no_emitted_snapshot,,,no_missing_snapshot,no,no emitted snapshot row,,IRENA RCS 2025 / Belenergo (~90 MW solar),https://www.irena.org/Data/Downloads/IRENASTAT,docs/validation/belarus-solar.md
missing_snapshot_or_registry_gap,do_not_publish_numeric_row_until_emission_path_is_explained,"confirm whether this is intentional placeholder, registry gap, or emission bug",belarus-wind,BLR,wind,no_emitted_snapshot,,,no_missing_snapshot,no,no emitted snapshot row,,IRENA RCS 2025 / Belenergo (~160 MW wind),https://www.irena.org/Data/Downloads/IRENASTAT,docs/validation/belarus-wind.md
missing_snapshot_or_registry_gap,do_not_publish_numeric_row_until_emission_path_is_explained,"confirm whether this is intentional placeholder, registry gap, or emission bug",belize,BLZ,hydro,no_emitted_snapshot,,,no_missing_snapshot,no,no emitted snapshot row,,IRENA RCS 2025 / BEL (Herrera hydro + oil + solar),https://www.irena.org/Data/Downloads/IRENASTAT,docs/validation/belize.md
missing_snapshot_or_registry_gap,do_not_publish_numeric_row_until_emission_path_is_explained,"confirm whether this is intentional placeholder, registry gap, or emission bug",benin,BEN,solar,no_emitted_snapshot,,,no_missing_snapshot,no,no emitted snapshot row,,IRENA Benin 2024 (SBEE; imports ~80% via WAPP),https://sbee.bj/,docs/validation/benin.md
missing_snapshot_or_registry_gap,do_not_publish_numeric_row_until_emission_path_is_explained,"confirm whether this is intentional placeholder, registry gap, or emission bug",bhutan,BTN,hydro,no_emitted_snapshot,,,no_missing_snapshot,no,no emitted snapshot row,,IRENA RCS 2025 / BPC (hydro-dominant; ~1.6 GW; seasonal spillage),https://www.irena.org/Data/Downloads/IRENASTAT,docs/validation/bhutan.md
missing_snapshot_or_registry_gap,do_not_publish_numeric_row_until_emission_path_is_explained,"confirm whether this is intentional placeholder, registry gap, or emission bug",bolivia,BOL,solar,no_emitted_snapshot,,,no_missing_snapshot,no,no emitted snapshot row,,IRENA Bolivia 2024 (hydro+gas dominated grid; solar+wind ~3% of mix; CNDC PDF reports),https://www.cndc.bo/,docs/validation/bolivia.md
missing_snapshot_or_registry_gap,do_not_publish_numeric_row_until_emission_path_is_explained,"confirm whether this is intentional placeholder, registry gap, or emission bug",botswana,BWA,solar,no_emitted_snapshot,,,no_missing_snapshot,no,no emitted snapshot row,,IRENA Botswana 2024 (BPC; SAPP member; Mmadinare PV),https://www.bpc.bw/,docs/validation/botswana.md
missing_snapshot_or_registry_gap,do_not_publish_numeric_row_until_emission_path_is_explained,"confirm whether this is intentional placeholder, registry gap, or emission bug",bpa-solar,USA,solar,no_emitted_snapshot,,,no_missing_snapshot,no,no emitted snapshot row,,EIA BPA solar,https://www.eia.gov/opendata/browser/electricity/rto/fuel-type-data,docs/validation/bpa-solar.md
missing_snapshot_or_registry_gap,do_not_publish_numeric_row_until_emission_path_is_explained,"confirm whether this is intentional placeholder, registry gap, or emission bug",bpa-wind,USA,wind,no_emitted_snapshot,,,no_missing_snapshot,no,no emitted snapshot row,,EIA BPA wind,https://www.eia.gov/opendata/browser/electricity/rto/fuel-type-data,docs/validation/bpa-wind.md
missing_snapshot_or_registry_gap,do_not_publish_numeric_row_until_emission_path_is_explained,"confirm whether this is intentional placeholder, registry gap, or emission bug",brunei,BRN,solar,no_emitted_snapshot,,,no_missing_snapshot,no,no emitted snapshot row,,IRENA RCS 2025 / AEDED (~15 MW PV including Tengah 1.2 MW),https://www.irena.org/Data/Downloads/IRENASTAT,docs/validation/brunei.md
missing_snapshot_or_registry_gap,do_not_publish_numeric_row_until_emission_path_is_explained,"confirm whether this is intentional placeholder, registry gap, or emission bug",burkina-faso,BFA,solar,no_emitted_snapshot,,,no_missing_snapshot,no,no emitted snapshot row,,IRENA Burkina Faso 2024 (SONABEL; Zagtouli + Nagreongo PV ~70 MW),https://www.sonabel.bf/,docs/validation/burkina-faso.md
missing_snapshot_or_registry_gap,do_not_publish_numeric_row_until_emission_path_is_explained,"confirm whether this is intentional placeholder, registry gap, or emission bug",burundi,BDI,mixed,no_emitted_snapshot,,,no_missing_snapshot,no,no emitted snapshot row,,IRENA RCS 2025 / REGIDESO (~30 MW hydro + emerging solar),https://www.irena.org/Data/Downloads/IRENASTAT,docs/validation/burundi.md
missing_snapshot_or_registry_gap,do_not_publish_numeric_row_until_emission_path_is_explained,"confirm whether this is intentional placeholder, registry gap, or emission bug",cabo-verde,CPV,solar,no_emitted_snapshot,,,no_missing_snapshot,no,no emitted snapshot row,,IRENA Cabo Verde 2024 (ELECTRA; 9-island system; high VRE),https://www.electra.cv/,docs/validation/cabo-verde.md
missing_snapshot_or_registry_gap,do_not_publish_numeric_row_until_emission_path_is_explained,"confirm whether this is intentional placeholder, registry gap, or emission bug",caiso-solar,USA,solar,no_emitted_snapshot,,,no_missing_snapshot,no,no emitted snapshot row,,CAISO OASIS / EIA solar,https://oasis.caiso.com/oasisapi,docs/validation/caiso-solar.md
missing_snapshot_or_registry_gap,do_not_publish_numeric_row_until_emission_path_is_explained,"confirm whether this is intentional placeholder, registry gap, or emission bug",caiso-wind,USA,wind,no_emitted_snapshot,,,no_missing_snapshot,no,no emitted snapshot row,,CAISO OASIS / EIA wind,https://oasis.caiso.com/oasisapi,docs/validation/caiso-wind.md
missing_snapshot_or_registry_gap,do_not_publish_numeric_row_until_emission_path_is_explained,"confirm whether this is intentional placeholder, registry gap, or emission bug",cambodia,KHM,solar,no_emitted_snapshot,,,no_missing_snapshot,no,no emitted snapshot row,,"IRENA RE Statistics 2024 (~470 MW solar 2024, rapid solar growth); modelled curtailment ~2% per regional default",https://www.irena.org/Data/Energy-Profiles,docs/validation/cambodia.md
missing_snapshot_or_registry_gap,do_not_publish_numeric_row_until_emission_path_is_explained,"confirm whether this is intentional placeholder, registry gap, or emission bug",cameroon,CMR,hydro,no_emitted_snapshot,,,no_missing_snapshot,no,no emitted snapshot row,,IRENA Cameroon 2024 (ENEO/SONATREL; mostly hydro),https://eneo.cm/,docs/validation/cameroon.md
missing_snapshot_or_registry_gap,do_not_publish_numeric_row_until_emission_path_is_explained,"confirm whether this is intentional placeholder, registry gap, or emission bug",central-african-republic,CAF,hydro,no_emitted_snapshot,,,no_missing_snapshot,no,no emitted snapshot row,,IRENA RCS 2025 / ENERCA (micro-hydro + diesel; very small grid),https://www.irena.org/Data/Downloads/IRENASTAT,docs/validation/central-african-republic.md
missing_snapshot_or_registry_gap,do_not_publish_numeric_row_until_emission_path_is_explained,"confirm whether this is intentional placeholder, registry gap, or emission bug",chad,TCD,solar,no_emitted_snapshot,,,no_missing_snapshot,no,no emitted snapshot row,,IRENA RCS 2025 / SNE Chad (diesel + emerging solar; large landlocked grid),https://www.irena.org/Data/Downloads/IRENASTAT,docs/validation/chad.md
missing_snapshot_or_registry_gap,do_not_publish_numeric_row_until_emission_path_is_explained,"confirm whether this is intentional placeholder, registry gap, or emission bug",china-hebei,CHN,wind,no_emitted_snapshot,,,no_missing_snapshot,no,no emitted snapshot row,,"NEA 2024 provincial RE monitoring bulletin — wind curtailment ~2 TWh/yr (north China wind corridor, Zhangjiakou transmission bottleneck)",https://www.nea.gov.cn/20251113/cc1fb0298a2944f8bd5441f67c9be9b3/c.html,docs/validation/china-hebei.md
missing_snapshot_or_registry_gap,do_not_publish_numeric_row_until_emission_path_is_explained,"confirm whether this is intentional placeholder, registry gap, or emission bug",china-heilongjiang,CHN,wind,no_emitted_snapshot,,,no_missing_snapshot,no,no emitted snapshot row,,NEA 2024 provincial RE monitoring bulletin — wind curtailment ~1.5 TWh/yr (northeast grid; Daqing-area wind build-out),https://www.nea.gov.cn/20251113/cc1fb0298a2944f8bd5441f67c9be9b3/c.html,docs/validation/china-heilongjiang.md
missing_snapshot_or_registry_gap,do_not_publish_numeric_row_until_emission_path_is_explained,"confirm whether this is intentional placeholder, registry gap, or emission bug",china-jilin,CHN,wind,no_emitted_snapshot,,,no_missing_snapshot,no,no emitted snapshot row,,NEA 2024 provincial RE monitoring bulletin — wind curtailment ~1 TWh/yr (northeast grid; Baicheng wind corridor),https://www.nea.gov.cn/20251113/cc1fb0298a2944f8bd5441f67c9be9b3/c.html,docs/validation/china-jilin.md
missing_snapshot_or_registry_gap,do_not_publish_numeric_row_until_emission_path_is_explained,"confirm whether this is intentional placeholder, registry gap, or emission bug",comoros,COM,solar,no_emitted_snapshot,,,no_missing_snapshot,no,no emitted snapshot row,,IRENA RCS 2025 / MA-MWE (~5 MW PV + diesel; island grid),https://www.irena.org/Data/Downloads/IRENASTAT,docs/validation/comoros.md
missing_snapshot_or_registry_gap,do_not_publish_numeric_row_until_emission_path_is_explained,"confirm whether this is intentional placeholder, registry gap, or emission bug",congo-drc,COD,hydro,no_emitted_snapshot,,,no_missing_snapshot,no,no emitted snapshot row,,IRENA DRC 2024 (SNEL; Inga hydro complex ~2.5 GW; SAPP),https://www.snel.cd/,docs/validation/congo-drc.md
missing_snapshot_or_registry_gap,do_not_publish_numeric_row_until_emission_path_is_explained,"confirm whether this is intentional placeholder, registry gap, or emission bug",congo-republic,COG,hydro,no_emitted_snapshot,,,no_missing_snapshot,no,no emitted snapshot row,,IRENA RCS 2025 / SNE Congo (Moukoukoulou hydro + gas),https://www.irena.org/Data/Downloads/IRENASTAT,docs/validation/congo-republic.md
missing_snapshot_or_registry_gap,do_not_publish_numeric_row_until_emission_path_is_explained,"confirm whether this is intentional placeholder, registry gap, or emission bug",costa-rica,CRI,hydro,no_emitted_snapshot,,,no_missing_snapshot,no,no emitted snapshot row,,IRENA Costa Rica 2024 (98% renewable; hydro spill not anchored to hourly feed; ICE/CENCE),https://www.grupoice.com/,docs/validation/costa-rica.md
missing_snapshot_or_registry_gap,do_not_publish_numeric_row_until_emission_path_is_explained,"confirm whether this is intentional placeholder, registry gap, or emission bug",cote-divoire,CIV,solar,no_emitted_snapshot,,,no_missing_snapshot,no,no emitted snapshot row,,IRENA Cote d'Ivoire 2024 (CIE; major WAPP exporter),https://www.cie.ci/,docs/validation/cote-divoire.md
missing_snapshot_or_registry_gap,do_not_publish_numeric_row_until_emission_path_is_explained,"confirm whether this is intentional placeholder, registry gap, or emission bug",cuba,CUB,mixed,no_emitted_snapshot,,,no_missing_snapshot,no,no emitted snapshot row,,Cuba UNE 2022-24 grid restoration + Ember Cuba Electricity Review 2024 (post-Hurricane-Ian grid stress; not steady-state anchor),https://www.une.cu/,docs/validation/cuba.md
missing_snapshot_or_registry_gap,do_not_publish_numeric_row_until_emission_path_is_explained,"confirm whether this is intentional placeholder, registry gap, or emission bug",denmark-east-solar,DNK,solar,no_emitted_snapshot,,,no_missing_snapshot,no,no emitted snapshot row,,Energinet DK2 solar (25% share),https://api.energidataservice.dk/,docs/validation/denmark-east-solar.md
missing_snapshot_or_registry_gap,do_not_publish_numeric_row_until_emission_path_is_explained,"confirm whether this is intentional placeholder, registry gap, or emission bug",denmark-east-wind,DNK,wind,no_emitted_snapshot,,,no_missing_snapshot,no,no emitted snapshot row,,Energinet DK2 wind (25% share),https://api.energidataservice.dk/,docs/validation/denmark-east-wind.md
missing_snapshot_or_registry_gap,do_not_publish_numeric_row_until_emission_path_is_explained,"confirm whether this is intentional placeholder, registry gap, or emission bug",denmark-west-solar,DNK,solar,no_emitted_snapshot,,,no_missing_snapshot,no,no emitted snapshot row,,Energinet DK1 solar (75% share),https://api.energidataservice.dk/,docs/validation/denmark-west-solar.md
missing_snapshot_or_registry_gap,do_not_publish_numeric_row_until_emission_path_is_explained,"confirm whether this is intentional placeholder, registry gap, or emission bug",denmark-west-wind,DNK,wind,no_emitted_snapshot,,,no_missing_snapshot,no,no emitted snapshot row,,Energinet DK1 wind (75% share),https://api.energidataservice.dk/,docs/validation/denmark-west-wind.md
missing_snapshot_or_registry_gap,do_not_publish_numeric_row_until_emission_path_is_explained,"confirm whether this is intentional placeholder, registry gap, or emission bug",djibouti,DJI,solar,no_emitted_snapshot,,,no_missing_snapshot,no,no emitted snapshot row,,IRENA RCS 2025 / EDD (~15 MW solar; geothermal in development),https://www.irena.org/Data/Downloads/IRENASTAT,docs/validation/djibouti.md
missing_snapshot_or_registry_gap,do_not_publish_numeric_row_until_emission_path_is_explained,"confirm whether this is intentional placeholder, registry gap, or emission bug",dominica,DMA,solar,no_emitted_snapshot,,,no_missing_snapshot,no,no emitted snapshot row,,IRENA RCS 2025 / DOMLEC (hydro + solar + geothermal in development),https://www.irena.org/Data/Downloads/IRENASTAT,docs/validation/dominica.md
missing_snapshot_or_registry_gap,do_not_publish_numeric_row_until_emission_path_is_explained,"confirm whether this is intentional placeholder, registry gap, or emission bug",dominican-republic,DOM,solar,no_emitted_snapshot,,,no_missing_snapshot,no,no emitted snapshot row,,"IRENA Dominican Republic 2024 + OC (Organismo Coordinador del SENI) Reportes de Operacion 2024. Live promotion attempt 2026-04-29 reverted: OC `GetGeneracionReprogramadaJSon` endpoint exposes scheduled/actual total generation, not renewable-specific curtailed-energy. Held at T3 pending a genuine curtailment source.",https://www.oc.org.do/,docs/validation/dominican-republic.md
missing_snapshot_or_registry_gap,do_not_publish_numeric_row_until_emission_path_is_explained,"confirm whether this is intentional placeholder, registry gap, or emission bug",e-saudi,SAU,flare,no_emitted_snapshot,,,no_missing_snapshot,no,no emitted snapshot row,,VIIRS + GGFR,https://www.worldbank.org/en/programs/gasflaringreduction,docs/validation/e-saudi.md
missing_snapshot_or_registry_gap,do_not_publish_numeric_row_until_emission_path_is_explained,"confirm whether this is intentional placeholder, registry gap, or emission bug",east-timor,TLS,solar,no_emitted_snapshot,,,no_missing_snapshot,no,no emitted snapshot row,,IRENA RCS 2025 / EDTL (~30 MW solar + diesel; small island grid),https://www.irena.org/Data/Downloads/IRENASTAT,docs/validation/east-timor.md
missing_snapshot_or_registry_gap,do_not_publish_numeric_row_until_emission_path_is_explained,"confirm whether this is intentional placeholder, registry gap, or emission bug",ecuador,ECU,hydro,no_emitted_snapshot,,,no_missing_snapshot,no,no emitted snapshot row,,IRENA Ecuador 2024 (hydro-dominated; CENACE Ecuador PDF reports; at inclusion threshold),https://www.cenace.gob.ec/,docs/validation/ecuador.md
missing_snapshot_or_registry_gap,do_not_publish_numeric_row_until_emission_path_is_explained,"confirm whether this is intentional placeholder, registry gap, or emission bug",el-salvador,SLV,solar,no_emitted_snapshot,,,no_missing_snapshot,no,no emitted snapshot row,,IRENA Renewable Energy Statistics 2024 (El Salvador VRE share),https://www.ut.com.sv/,docs/validation/el-salvador.md
missing_snapshot_or_registry_gap,do_not_publish_numeric_row_until_emission_path_is_explained,"confirm whether this is intentional placeholder, registry gap, or emission bug",equatorial-guinea,GNQ,mixed,no_emitted_snapshot,,,no_missing_snapshot,no,no emitted snapshot row,,IRENA RCS 2025 / SEGESA (gas + Djibloho hydro; small grid),https://www.irena.org/Data/Downloads/IRENASTAT,docs/validation/equatorial-guinea.md
missing_snapshot_or_registry_gap,do_not_publish_numeric_row_until_emission_path_is_explained,"confirm whether this is intentional placeholder, registry gap, or emission bug",ercot-east-solar,USA,solar,no_emitted_snapshot,,,no_missing_snapshot,no,no emitted snapshot row,,EIA ERCO solar,https://www.eia.gov/opendata/browser/electricity/rto/fuel-type-data,docs/validation/ercot-east-solar.md
missing_snapshot_or_registry_gap,do_not_publish_numeric_row_until_emission_path_is_explained,"confirm whether this is intentional placeholder, registry gap, or emission bug",ercot-east-wind,USA,wind,no_emitted_snapshot,,,no_missing_snapshot,no,no emitted snapshot row,,EIA ERCO wind,https://www.eia.gov/opendata/browser/electricity/rto/fuel-type-data,docs/validation/ercot-east-wind.md
missing_snapshot_or_registry_gap,do_not_publish_numeric_row_until_emission_path_is_explained,"confirm whether this is intentional placeholder, registry gap, or emission bug",ercot-west-solar,USA,solar,no_emitted_snapshot,,,no_missing_snapshot,no,no emitted snapshot row,,EIA ERCO solar,https://www.eia.gov/opendata/browser/electricity/rto/fuel-type-data,docs/validation/ercot-west-solar.md
missing_snapshot_or_registry_gap,do_not_publish_numeric_row_until_emission_path_is_explained,"confirm whether this is intentional placeholder, registry gap, or emission bug",ercot-west-wind,USA,wind,no_emitted_snapshot,,,no_missing_snapshot,no,no emitted snapshot row,,EIA ERCO wind,https://www.eia.gov/opendata/browser/electricity/rto/fuel-type-data,docs/validation/ercot-west-wind.md
missing_snapshot_or_registry_gap,do_not_publish_numeric_row_until_emission_path_is_explained,"confirm whether this is intentional placeholder, registry gap, or emission bug",eritrea,ERI,solar,no_emitted_snapshot,,,no_missing_snapshot,no,no emitted snapshot row,,IRENA RCS 2025 / EEC (~10 MW PV; isolated grid),https://www.irena.org/Data/Downloads/IRENASTAT,docs/validation/eritrea.md
missing_snapshot_or_registry_gap,do_not_publish_numeric_row_until_emission_path_is_explained,"confirm whether this is intentional placeholder, registry gap, or emission bug",eswatini,SWZ,solar,no_emitted_snapshot,,,no_missing_snapshot,no,no emitted snapshot row,,IRENA Eswatini 2024 (EEC; SAPP member; biomass+hydro),https://www.eec.co.sz/,docs/validation/eswatini.md
missing_snapshot_or_registry_gap,do_not_publish_numeric_row_until_emission_path_is_explained,"confirm whether this is intentional placeholder, registry gap, or emission bug",fiji,FJI,hydro,no_emitted_snapshot,,,no_missing_snapshot,no,no emitted snapshot row,,IRENA RCS 2025 / EFL Fiji (Monasavu hydro + ~5 MW PV; Pacific island),https://www.irena.org/Data/Downloads/IRENASTAT,docs/validation/fiji.md
missing_snapshot_or_registry_gap,do_not_publish_numeric_row_until_emission_path_is_explained,"confirm whether this is intentional placeholder, registry gap, or emission bug",florida,USA,solar,no_emitted_snapshot,,,no_missing_snapshot,no,no emitted snapshot row,,"EIA FLA solar generation exists, but no published curtailment rate from FRCC/FPL. 0.5 TWh/yr provisional anchor — requires FRCC market monitor or FPL IRP 2024 published curtailment figure to move to T1.",https://www.eia.gov/opendata/browser/electricity/rto/fuel-type-data,docs/validation/florida.md
missing_snapshot_or_registry_gap,do_not_publish_numeric_row_until_emission_path_is_explained,"confirm whether this is intentional placeholder, registry gap, or emission bug",french-guiana,GUF,solar,no_emitted_snapshot,,,no_missing_snapshot,no,no emitted snapshot row,,EDF SEI Bilan Previsionnel Guyane 2024 (below normal inclusion threshold; included for completeness as the only South-American French overseas territory),https://www.edf.fr/edf-sei/,docs/validation/french-guiana.md
missing_snapshot_or_registry_gap,do_not_publish_numeric_row_until_emission_path_is_explained,"confirm whether this is intentional placeholder, registry gap, or emission bug",gabon,GAB,hydro,no_emitted_snapshot,,,no_missing_snapshot,no,no emitted snapshot row,,IRENA Gabon 2024 (SEEG; hydro+gas; flaring relevant),https://www.seeg-gabon.com/,docs/validation/gabon.md
missing_snapshot_or_registry_gap,do_not_publish_numeric_row_until_emission_path_is_explained,"confirm whether this is intentional placeholder, registry gap, or emission bug",gambia,GMB,solar,no_emitted_snapshot,,,no_missing_snapshot,no,no emitted snapshot row,,IRENA RCS 2025 / NAWEC (~10 MW PV + diesel; small West African grid),https://www.irena.org/Data/Downloads/IRENASTAT,docs/validation/gambia.md
missing_snapshot_or_registry_gap,do_not_publish_numeric_row_until_emission_path_is_explained,"confirm whether this is intentional placeholder, registry gap, or emission bug",gb-england-wales-solar,GBR,solar,no_emitted_snapshot,,,no_missing_snapshot,no,no emitted snapshot row,,Elexon BMRS solar (England+Wales ~30% share),https://www.elexon.co.uk/data/,docs/validation/gb-england-wales-solar.md
missing_snapshot_or_registry_gap,do_not_publish_numeric_row_until_emission_path_is_explained,"confirm whether this is intentional placeholder, registry gap, or emission bug",gb-england-wales-wind,GBR,wind,no_emitted_snapshot,,,no_missing_snapshot,no,no emitted snapshot row,,Elexon BMRS wind (England+Wales ~30% share),https://www.elexon.co.uk/data/,docs/validation/gb-england-wales-wind.md
missing_snapshot_or_registry_gap,do_not_publish_numeric_row_until_emission_path_is_explained,"confirm whether this is intentional placeholder, registry gap, or emission bug",gb-scotland-solar,GBR,solar,no_emitted_snapshot,,,no_missing_snapshot,no,no emitted snapshot row,,Elexon BMRS solar (Scotland ~70% share via NESO constraint boundary),https://www.elexon.co.uk/data/,docs/validation/gb-scotland-solar.md
missing_snapshot_or_registry_gap,do_not_publish_numeric_row_until_emission_path_is_explained,"confirm whether this is intentional placeholder, registry gap, or emission bug",gb-scotland-wind,GBR,wind,no_emitted_snapshot,,,no_missing_snapshot,no,no emitted snapshot row,,Elexon BMRS wind (Scotland ~70% share via NESO constraint boundary),https://www.elexon.co.uk/data/,docs/validation/gb-scotland-wind.md
missing_snapshot_or_registry_gap,do_not_publish_numeric_row_until_emission_path_is_explained,"confirm whether this is intentional placeholder, registry gap, or emission bug",georgia,GEO,mixed,no_emitted_snapshot,,,no_missing_snapshot,no,no emitted snapshot row,,"IRENA RE Statistics 2024 (~100 MW solar+wind combined, ~1.8 GW hydro); modelled curtailment ~2% per regional default",https://www.irena.org/Data/Energy-Profiles,docs/validation/georgia.md
missing_snapshot_or_registry_gap,do_not_publish_numeric_row_until_emission_path_is_explained,"confirm whether this is intentional placeholder, registry gap, or emission bug",ghana,GHA,solar,no_emitted_snapshot,,,no_missing_snapshot,no,no emitted snapshot row,,Ember Ghana 2024 (GRIDCo TSO; Akosombo hydro + PV),https://www.gridcogh.com/,docs/validation/ghana.md
missing_snapshot_or_registry_gap,do_not_publish_numeric_row_until_emission_path_is_explained,"confirm whether this is intentional placeholder, registry gap, or emission bug",grenada,GRD,solar,no_emitted_snapshot,,,no_missing_snapshot,no,no emitted snapshot row,,IRENA RCS 2025 / GRENLEC (~5 MW solar + oil; island grid),https://www.irena.org/Data/Downloads/IRENASTAT,docs/validation/grenada.md
missing_snapshot_or_registry_gap,do_not_publish_numeric_row_until_emission_path_is_explained,"confirm whether this is intentional placeholder, registry gap, or emission bug",guatemala,GTM,solar,no_emitted_snapshot,,,no_missing_snapshot,no,no emitted snapshot row,,IRENA Renewable Energy Statistics 2024 (Guatemala VRE share) + AMM Plan Operativo 2024,https://www.amm.org.gt/,docs/validation/guatemala.md
missing_snapshot_or_registry_gap,do_not_publish_numeric_row_until_emission_path_is_explained,"confirm whether this is intentional placeholder, registry gap, or emission bug",guatemala-siepac,GTM,solar,no_emitted_snapshot,,,no_missing_snapshot,no,no emitted snapshot row,,IRENA Central America Interconnect 2024 (SIEPAC corridor; EOR Ente Operador Regional),https://www.enteoperador.org/,docs/validation/guatemala-siepac.md
missing_snapshot_or_registry_gap,do_not_publish_numeric_row_until_emission_path_is_explained,"confirm whether this is intentional placeholder, registry gap, or emission bug",guinea,GIN,hydro,no_emitted_snapshot,,,no_missing_snapshot,no,no emitted snapshot row,,IRENA RCS 2025 / EDG Guinea (Garafiri + Kaleta + Souapiti hydro; hydro-dominant),https://www.irena.org/Data/Downloads/IRENASTAT,docs/validation/guinea.md
missing_snapshot_or_registry_gap,do_not_publish_numeric_row_until_emission_path_is_explained,"confirm whether this is intentional placeholder, registry gap, or emission bug",guinea-bissau,GNB,solar,no_emitted_snapshot,,,no_missing_snapshot,no,no emitted snapshot row,,IRENA RCS 2025 / EAGB (~5 MW PV + diesel; very small grid),https://www.irena.org/Data/Downloads/IRENASTAT,docs/validation/guinea-bissau.md
missing_snapshot_or_registry_gap,do_not_publish_numeric_row_until_emission_path_is_explained,"confirm whether this is intentional placeholder, registry gap, or emission bug",guyana,GUY,flare,no_emitted_snapshot,,,no_missing_snapshot,no,no emitted snapshot row,,GGFR 2024 Guyana Stabroek block flaring offshore (Liza FPSO; upstream off-grid lifted onto GPL coverage),https://www.gplinc.com/,docs/validation/guyana.md
missing_snapshot_or_registry_gap,do_not_publish_numeric_row_until_emission_path_is_explained,"confirm whether this is intentional placeholder, registry gap, or emission bug",haiti,HTI,solar,no_emitted_snapshot,,,no_missing_snapshot,no,no emitted snapshot row,,IRENA RCS 2025 / EDH (~70 MW PV incl. Caracol 12 MW),https://www.irena.org/Data/Downloads/IRENASTAT,docs/validation/haiti.md
missing_snapshot_or_registry_gap,do_not_publish_numeric_row_until_emission_path_is_explained,"confirm whether this is intentional placeholder, registry gap, or emission bug",hawaii-island,USA,mixed,no_emitted_snapshot,,,no_missing_snapshot,no,no emitted snapshot row,,Hawaiian Electric RSWG (Hawaii Island: 58.7% renewable share 2024),https://www.hawaiianelectric.com/about-us/performance-scorecards-and-metrics/renewable-energy,docs/validation/hawaii-island.md
missing_snapshot_or_registry_gap,do_not_publish_numeric_row_until_emission_path_is_explained,"confirm whether this is intentional placeholder, registry gap, or emission bug",hawaii-maui,USA,solar,no_emitted_snapshot,,,no_missing_snapshot,no,no emitted snapshot row,,Hawaiian Electric RSWG monthly reports (Maui island system),https://www.hawaiianelectric.com/about-us/performance-scorecards-and-metrics/renewable-energy,docs/validation/hawaii-maui.md
missing_snapshot_or_registry_gap,do_not_publish_numeric_row_until_emission_path_is_explained,"confirm whether this is intentional placeholder, registry gap, or emission bug",hawaii-oahu,USA,solar,no_emitted_snapshot,,,no_missing_snapshot,no,no emitted snapshot row,,"Hawaiian Electric RSWG monthly reports (Oahu: ~30% renewable share 2024, provisional)",https://www.hawaiianelectric.com/about-us/performance-scorecards-and-metrics/renewable-energy,docs/validation/hawaii-oahu.md
missing_snapshot_or_registry_gap,do_not_publish_numeric_row_until_emission_path_is_explained,"confirm whether this is intentional placeholder, registry gap, or emission bug",iceland,ISL,hydro,no_emitted_snapshot,,,no_missing_snapshot,no,no emitted snapshot row,,Published,https://orkustofnun.is/,docs/validation/iceland.md
missing_snapshot_or_registry_gap,do_not_publish_numeric_row_until_emission_path_is_explained,"confirm whether this is intentional placeholder, registry gap, or emission bug",iso-ne-maine-vermont,USA,wind,no_emitted_snapshot,,,no_missing_snapshot,no,no emitted snapshot row,,"EIA ISO-NE wind (ME+VT share, 93% of NE curtailment per IMM)",https://www.iso-ne.com/static-assets/documents/100023/2024-annual-markets-report.pdf,docs/validation/iso-ne-maine-vermont.md
missing_snapshot_or_registry_gap,do_not_publish_numeric_row_until_emission_path_is_explained,"confirm whether this is intentional placeholder, registry gap, or emission bug",iso-ne-rest-solar,USA,solar,no_emitted_snapshot,,,no_missing_snapshot,no,no emitted snapshot row,,EIA ISO-NE solar (ex-ME/VT),https://www.eia.gov/opendata/browser/electricity/rto/fuel-type-data,docs/validation/iso-ne-rest-solar.md
missing_snapshot_or_registry_gap,do_not_publish_numeric_row_until_emission_path_is_explained,"confirm whether this is intentional placeholder, registry gap, or emission bug",iso-ne-rest-wind,USA,wind,no_emitted_snapshot,,,no_missing_snapshot,no,no emitted snapshot row,,EIA ISO-NE wind (ex-ME/VT),https://www.eia.gov/opendata/browser/electricity/rto/fuel-type-data,docs/validation/iso-ne-rest-wind.md
missing_snapshot_or_registry_gap,do_not_publish_numeric_row_until_emission_path_is_explained,"confirm whether this is intentional placeholder, registry gap, or emission bug",jamaica,JAM,solar,no_emitted_snapshot,,,no_missing_snapshot,no,no emitted snapshot row,,Office of Utilities Regulation Jamaica Annual Report 2024 (Wigton wind + Content solar),https://www.jpsco.com/,docs/validation/jamaica.md
missing_snapshot_or_registry_gap,do_not_publish_numeric_row_until_emission_path_is_explained,"confirm whether this is intentional placeholder, registry gap, or emission bug",kiribati,KIR,solar,no_emitted_snapshot,,,no_missing_snapshot,no,no emitted snapshot row,,IRENA RCS 2025 / UTT (~2 MW PV + diesel; atoll islands),https://www.irena.org/Data/Downloads/IRENASTAT,docs/validation/kiribati.md
missing_snapshot_or_registry_gap,do_not_publish_numeric_row_until_emission_path_is_explained,"confirm whether this is intentional placeholder, registry gap, or emission bug",kuwait,KWT,flare,no_emitted_snapshot,,,no_missing_snapshot,no,no emitted snapshot row,,GGFR 2024 Kuwait Burgan + Wafra flare composite (KOC),https://www.worldbank.org/en/programs/gasflaringreduction,docs/validation/kuwait.md
missing_snapshot_or_registry_gap,do_not_publish_numeric_row_until_emission_path_is_explained,"confirm whether this is intentional placeholder, registry gap, or emission bug",kyrgyzstan,KGZ,hydro,no_emitted_snapshot,,,no_missing_snapshot,no,no emitted snapshot row,,IRENA RCS 2025 / NEK (hydro-dominant; VRE <50 MW; modelled hydro spillage),https://www.irena.org/Data/Downloads/IRENASTAT,docs/validation/kyrgyzstan.md
missing_snapshot_or_registry_gap,do_not_publish_numeric_row_until_emission_path_is_explained,"confirm whether this is intentional placeholder, registry gap, or emission bug",laos,LAO,solar,no_emitted_snapshot,,,no_missing_snapshot,no,no emitted snapshot row,,IRENA RE Statistics 2024 (hydro-export economy; some utility solar deployed); modelled curtailment ~2% per regional default,https://www.irena.org/Data/Energy-Profiles,docs/validation/laos.md
missing_snapshot_or_registry_gap,do_not_publish_numeric_row_until_emission_path_is_explained,"confirm whether this is intentional placeholder, registry gap, or emission bug",lebanon,LBN,solar,no_emitted_snapshot,,,no_missing_snapshot,no,no emitted snapshot row,,IRENA RCS 2025 / LCEC (~870 MW PV per LCEC 2024),https://www.irena.org/Data/Downloads/IRENASTAT,docs/validation/lebanon.md
missing_snapshot_or_registry_gap,do_not_publish_numeric_row_until_emission_path_is_explained,"confirm whether this is intentional placeholder, registry gap, or emission bug",lesotho,LSO,hydro,no_emitted_snapshot,,,no_missing_snapshot,no,no emitted snapshot row,,IRENA RCS 2025 / LEWA (Muela HPP 72 MW; hydro-dominant),https://www.irena.org/Data/Downloads/IRENASTAT,docs/validation/lesotho.md
missing_snapshot_or_registry_gap,do_not_publish_numeric_row_until_emission_path_is_explained,"confirm whether this is intentional placeholder, registry gap, or emission bug",liberia,LBR,hydro,no_emitted_snapshot,,,no_missing_snapshot,no,no emitted snapshot row,,IRENA RCS 2025 / LEC (Mt Coffee hydro 88 MW + diesel; WAPP),https://www.irena.org/Data/Downloads/IRENASTAT,docs/validation/liberia.md
missing_snapshot_or_registry_gap,do_not_publish_numeric_row_until_emission_path_is_explained,"confirm whether this is intentional placeholder, registry gap, or emission bug",libya,LBY,solar,no_emitted_snapshot,,,no_missing_snapshot,no,no emitted snapshot row,,IRENA RCS 2025 / GECOL (<100 MW utility PV),https://www.irena.org/Data/Downloads/IRENASTAT,docs/validation/libya.md
missing_snapshot_or_registry_gap,do_not_publish_numeric_row_until_emission_path_is_explained,"confirm whether this is intentional placeholder, registry gap, or emission bug",liechtenstein,LIE,hydro,no_emitted_snapshot,,,no_missing_snapshot,no,no emitted snapshot row,,IRENA RCS 2025 / LFV (Alpine hydro; import-dependent; near-zero VRE),https://www.irena.org/Data/Downloads/IRENASTAT,docs/validation/liechtenstein.md
missing_snapshot_or_registry_gap,do_not_publish_numeric_row_until_emission_path_is_explained,"confirm whether this is intentional placeholder, registry gap, or emission bug",madagascar,MDG,hydro,no_emitted_snapshot,,,no_missing_snapshot,no,no emitted snapshot row,,IRENA Madagascar 2024 (JIRAMA; hydro+thermal isolated grids),https://www.jirama.mg/,docs/validation/madagascar.md
missing_snapshot_or_registry_gap,do_not_publish_numeric_row_until_emission_path_is_explained,"confirm whether this is intentional placeholder, registry gap, or emission bug",malawi,MWI,hydro,no_emitted_snapshot,,,no_missing_snapshot,no,no emitted snapshot row,,IRENA Malawi 2024 (ESCOM/EGENCO; Shire hydro + Salima PV; SAPP),https://www.escom.mw/,docs/validation/malawi.md
missing_snapshot_or_registry_gap,do_not_publish_numeric_row_until_emission_path_is_explained,"confirm whether this is intentional placeholder, registry gap, or emission bug",maldives,MDV,solar,no_emitted_snapshot,,,no_missing_snapshot,no,no emitted snapshot row,,IRENA RCS 2025 / STELCO (~50 MW solar+diesel hybrid island grid),https://www.irena.org/Data/Downloads/IRENASTAT,docs/validation/maldives.md
missing_snapshot_or_registry_gap,do_not_publish_numeric_row_until_emission_path_is_explained,"confirm whether this is intentional placeholder, registry gap, or emission bug",mali,MLI,solar,no_emitted_snapshot,,,no_missing_snapshot,no,no emitted snapshot row,,IRENA RCS 2025 / EDM (~200 MW PV incl. Kita 50 MW),https://www.irena.org/Data/Downloads/IRENASTAT,docs/validation/mali.md
missing_snapshot_or_registry_gap,do_not_publish_numeric_row_until_emission_path_is_explained,"confirm whether this is intentional placeholder, registry gap, or emission bug",malta,MLT,solar,no_emitted_snapshot,,,no_missing_snapshot,no,no emitted snapshot row,,ENTSO-E Enemalta,https://transparency.entsoe.eu/,docs/validation/malta.md
missing_snapshot_or_registry_gap,do_not_publish_numeric_row_until_emission_path_is_explained,"confirm whether this is intentional placeholder, registry gap, or emission bug",marshall-islands,MHL,solar,no_emitted_snapshot,,,no_missing_snapshot,no,no emitted snapshot row,,IRENA RCS 2025 / MEC (~5 MW PV + diesel; atoll grid),https://www.irena.org/Data/Downloads/IRENASTAT,docs/validation/marshall-islands.md
missing_snapshot_or_registry_gap,do_not_publish_numeric_row_until_emission_path_is_explained,"confirm whether this is intentional placeholder, registry gap, or emission bug",mauritania,MRT,wind,no_emitted_snapshot,,,no_missing_snapshot,no,no emitted snapshot row,,IRENA Mauritania 2024 (SOMELEC; Boulenouar wind 100 MW + Sheikh Zayed PV),https://somelec.mr/,docs/validation/mauritania.md
missing_snapshot_or_registry_gap,do_not_publish_numeric_row_until_emission_path_is_explained,"confirm whether this is intentional placeholder, registry gap, or emission bug",mauritius,MUS,solar,no_emitted_snapshot,,,no_missing_snapshot,no,no emitted snapshot row,,IRENA Mauritius 2024 (CEB; bagasse+coal+oil + PV; island),https://ceb.mu/,docs/validation/mauritius.md
missing_snapshot_or_registry_gap,do_not_publish_numeric_row_until_emission_path_is_explained,"confirm whether this is intentional placeholder, registry gap, or emission bug",micronesia,FSM,solar,no_emitted_snapshot,,,no_missing_snapshot,no,no emitted snapshot row,,IRENA RCS 2025 / CPUC (~3 MW PV + diesel; island grid),https://www.irena.org/Data/Downloads/IRENASTAT,docs/validation/micronesia.md
missing_snapshot_or_registry_gap,do_not_publish_numeric_row_until_emission_path_is_explained,"confirm whether this is intentional placeholder, registry gap, or emission bug",miso-solar,USA,solar,no_emitted_snapshot,,,no_missing_snapshot,no,no emitted snapshot row,,EIA MISO solar,https://www.eia.gov/opendata/browser/electricity/rto/fuel-type-data,docs/validation/miso-solar.md
missing_snapshot_or_registry_gap,do_not_publish_numeric_row_until_emission_path_is_explained,"confirm whether this is intentional placeholder, registry gap, or emission bug",miso-wind,USA,wind,no_emitted_snapshot,,,no_missing_snapshot,no,no emitted snapshot row,,EIA MISO wind,https://www.eia.gov/opendata/browser/electricity/rto/fuel-type-data,docs/validation/miso-wind.md
missing_snapshot_or_registry_gap,do_not_publish_numeric_row_until_emission_path_is_explained,"confirm whether this is intentional placeholder, registry gap, or emission bug",monaco,MCO,solar,no_emitted_snapshot,,,no_missing_snapshot,no,no emitted snapshot row,,IRENA RCS 2025 / Monaco (~5 MW rooftop PV; part of French grid),https://www.irena.org/Data/Downloads/IRENASTAT,docs/validation/monaco.md
missing_snapshot_or_registry_gap,do_not_publish_numeric_row_until_emission_path_is_explained,"confirm whether this is intentional placeholder, registry gap, or emission bug",mozambique,MOZ,hydro,no_emitted_snapshot,,,no_missing_snapshot,no,no emitted snapshot row,,IRENA Mozambique 2024 (EDM; Cahora Bassa hydro; SAPP),https://www.edm.co.mz/,docs/validation/mozambique.md
missing_snapshot_or_registry_gap,do_not_publish_numeric_row_until_emission_path_is_explained,"confirm whether this is intentional placeholder, registry gap, or emission bug",myanmar,MMR,solar,no_emitted_snapshot,,,no_missing_snapshot,no,no emitted snapshot row,,IRENA RE Statistics 2024 (some utility solar; post-coup data validity uncertainty); modelled curtailment ~2% per regional default,https://www.irena.org/Data/Energy-Profiles,docs/validation/myanmar.md
missing_snapshot_or_registry_gap,do_not_publish_numeric_row_until_emission_path_is_explained,"confirm whether this is intentional placeholder, registry gap, or emission bug",nauru,NRU,solar,no_emitted_snapshot,,,no_missing_snapshot,no,no emitted snapshot row,,IRENA RCS 2025 / NUC (~1 MW PV + diesel; micro-grid),https://www.irena.org/Data/Downloads/IRENASTAT,docs/validation/nauru.md
missing_snapshot_or_registry_gap,do_not_publish_numeric_row_until_emission_path_is_explained,"confirm whether this is intentional placeholder, registry gap, or emission bug",nepal,NPL,hydro,no_emitted_snapshot,,,no_missing_snapshot,no,no emitted snapshot row,,"World Bank Nepal Development Update 2024 — estimated >0.5 TWh/yr renewable energy spillage from monsoon-season run-of-river overgeneration vs transmission bottlenecks and limited India-export capacity. NEA confirms during FY2023/24. Same modelling treatment as Ethiopia/Iceland/Colombia hydro spillage. Himalayan summer-monsoon shape (peak Jul-Sep). Gemini-3.1 research wave 4 (2026-04-30, reliability 5/5).",https://www.worldbank.org/en/country/nepal/publication/nepal-development-update,docs/validation/nepal.md
missing_snapshot_or_registry_gap,do_not_publish_numeric_row_until_emission_path_is_explained,"confirm whether this is intentional placeholder, registry gap, or emission bug",new-zealand-geo,NZL,geo,no_emitted_snapshot,,,no_missing_snapshot,no,no emitted snapshot row,,EMI geothermal generation,https://www.emi.ea.govt.nz/Wholesale/Datasets/Generation/Generation_MD,docs/validation/new-zealand-geo.md
missing_snapshot_or_registry_gap,do_not_publish_numeric_row_until_emission_path_is_explained,"confirm whether this is intentional placeholder, registry gap, or emission bug",new-zealand-solar,NZL,solar,no_emitted_snapshot,,,no_missing_snapshot,no,no emitted snapshot row,,EMI solar generation,https://www.emi.ea.govt.nz/Wholesale/Datasets/Generation/Generation_MD,docs/validation/new-zealand-solar.md
missing_snapshot_or_registry_gap,do_not_publish_numeric_row_until_emission_path_is_explained,"confirm whether this is intentional placeholder, registry gap, or emission bug",new-zealand-wind,NZL,wind,no_emitted_snapshot,,,no_missing_snapshot,no,no emitted snapshot row,,EMI wind generation,https://www.emi.ea.govt.nz/Wholesale/Datasets/Generation/Generation_MD,docs/validation/new-zealand-wind.md
missing_snapshot_or_registry_gap,do_not_publish_numeric_row_until_emission_path_is_explained,"confirm whether this is intentional placeholder, registry gap, or emission bug",nicaragua,NIC,solar,no_emitted_snapshot,,,no_missing_snapshot,no,no emitted snapshot row,,IRENA Nicaragua VRE statistics 2024 (CNDC/ENATREL weekly bulletins),https://www.enatrel.gob.ni/,docs/validation/nicaragua.md
missing_snapshot_or_registry_gap,do_not_publish_numeric_row_until_emission_path_is_explained,"confirm whether this is intentional placeholder, registry gap, or emission bug",niger,NER,solar,no_emitted_snapshot,,,no_missing_snapshot,no,no emitted snapshot row,,IRENA RCS 2025 / NIGELEC (~50 MW solar),https://www.irena.org/Data/Downloads/IRENASTAT,docs/validation/niger.md
missing_snapshot_or_registry_gap,do_not_publish_numeric_row_until_emission_path_is_explained,"confirm whether this is intentional placeholder, registry gap, or emission bug",nigeria,NGA,solar,no_emitted_snapshot,,,no_missing_snapshot,no,no emitted snapshot row,,Ember Nigeria 2024 + TCN 2024 (solar curtailment; Niger Delta flare ~7 TWh-eq/yr is a separate flat-baseload signal),https://www.tcn.org.ng/,docs/validation/nigeria.md
missing_snapshot_or_registry_gap,do_not_publish_numeric_row_until_emission_path_is_explained,"confirm whether this is intentional placeholder, registry gap, or emission bug",north-korea,PRK,solar,no_emitted_snapshot,,,no_missing_snapshot,no,no emitted snapshot row,,"IRENA RCS 2025 / 38North estimate (isolated grid, ~50 MW solar; no public data)",https://www.irena.org/Data/Downloads/IRENASTAT,docs/validation/north-korea.md
missing_snapshot_or_registry_gap,do_not_publish_numeric_row_until_emission_path_is_explained,"confirm whether this is intentional placeholder, registry gap, or emission bug",norway-no1-hydro,NOR,hydro,no_emitted_snapshot,,,no_missing_snapshot,no,no emitted snapshot row,,"ENTSO-E NO1 hydro (load-centre, low curtailment)",https://transparency.entsoe.eu/,docs/validation/norway-no1-hydro.md
missing_snapshot_or_registry_gap,do_not_publish_numeric_row_until_emission_path_is_explained,"confirm whether this is intentional placeholder, registry gap, or emission bug",norway-no1-wind,NOR,wind,no_emitted_snapshot,,,no_missing_snapshot,no,no emitted snapshot row,,ENTSO-E NO1 wind (load-centre),https://transparency.entsoe.eu/,docs/validation/norway-no1-wind.md
missing_snapshot_or_registry_gap,do_not_publish_numeric_row_until_emission_path_is_explained,"confirm whether this is intentional placeholder, registry gap, or emission bug",norway-no2-hydro,NOR,hydro,no_emitted_snapshot,,,no_missing_snapshot,no,no emitted snapshot row,,ENTSO-E NO2 hydro (NorNed/NordLink/NSL cable zone),https://transparency.entsoe.eu/,docs/validation/norway-no2-hydro.md
missing_snapshot_or_registry_gap,do_not_publish_numeric_row_until_emission_path_is_explained,"confirm whether this is intentional placeholder, registry gap, or emission bug",norway-no2-wind,NOR,wind,no_emitted_snapshot,,,no_missing_snapshot,no,no emitted snapshot row,,ENTSO-E NO2 offshore wind (NorNed/NordLink/NSL cable zone),https://transparency.entsoe.eu/,docs/validation/norway-no2-wind.md
missing_snapshot_or_registry_gap,do_not_publish_numeric_row_until_emission_path_is_explained,"confirm whether this is intentional placeholder, registry gap, or emission bug",norway-no3-hydro,NOR,hydro,no_emitted_snapshot,,,no_missing_snapshot,no,no emitted snapshot row,,ENTSO-E NO3 hydro,https://transparency.entsoe.eu/,docs/validation/norway-no3-hydro.md
missing_snapshot_or_registry_gap,do_not_publish_numeric_row_until_emission_path_is_explained,"confirm whether this is intentional placeholder, registry gap, or emission bug",norway-no3-wind,NOR,wind,no_emitted_snapshot,,,no_missing_snapshot,no,no emitted snapshot row,,ENTSO-E NO3 onshore wind,https://transparency.entsoe.eu/,docs/validation/norway-no3-wind.md
missing_snapshot_or_registry_gap,do_not_publish_numeric_row_until_emission_path_is_explained,"confirm whether this is intentional placeholder, registry gap, or emission bug",norway-no4-hydro,NOR,hydro,no_emitted_snapshot,,,no_missing_snapshot,no,no emitted snapshot row,,ENTSO-E NO4 hydro (export-constrained north),https://transparency.entsoe.eu/,docs/validation/norway-no4-hydro.md
missing_snapshot_or_registry_gap,do_not_publish_numeric_row_until_emission_path_is_explained,"confirm whether this is intentional placeholder, registry gap, or emission bug",norway-no4-wind,NOR,wind,no_emitted_snapshot,,,no_missing_snapshot,no,no emitted snapshot row,,ENTSO-E NO4 wind (export-constrained north; former n-norway),https://transparency.entsoe.eu/,docs/validation/norway-no4-wind.md
missing_snapshot_or_registry_gap,do_not_publish_numeric_row_until_emission_path_is_explained,"confirm whether this is intentional placeholder, registry gap, or emission bug",norway-no5,NOR,hydro,no_emitted_snapshot,,,no_missing_snapshot,no,no emitted snapshot row,,ENTSO-E NO5 reservoir hydro (spring-spill only),https://transparency.entsoe.eu/,docs/validation/norway-no5.md
missing_snapshot_or_registry_gap,do_not_publish_numeric_row_until_emission_path_is_explained,"confirm whether this is intentional placeholder, registry gap, or emission bug",nyiso-rest-solar,USA,solar,no_emitted_snapshot,,,no_missing_snapshot,no,no emitted snapshot row,,EIA NYISO solar (ex-Zones D/E),https://www.eia.gov/opendata/browser/electricity/rto/fuel-type-data,docs/validation/nyiso-rest-solar.md
missing_snapshot_or_registry_gap,do_not_publish_numeric_row_until_emission_path_is_explained,"confirm whether this is intentional placeholder, registry gap, or emission bug",nyiso-rest-wind,USA,wind,no_emitted_snapshot,,,no_missing_snapshot,no,no emitted snapshot row,,EIA NYISO wind (ex-Zones D/E),https://www.eia.gov/opendata/browser/electricity/rto/fuel-type-data,docs/validation/nyiso-rest-wind.md
missing_snapshot_or_registry_gap,do_not_publish_numeric_row_until_emission_path_is_explained,"confirm whether this is intentional placeholder, registry gap, or emission bug",nyiso-zones-d-e,USA,wind,no_emitted_snapshot,,,no_missing_snapshot,no,no emitted snapshot row,,"EIA NYISO wind (Zones D+E share, ~75% of statewide curtailment)",https://www.nyiso.com/documents/20142/2223020/2024-Power-Trends.pdf,docs/validation/nyiso-zones-d-e.md
missing_snapshot_or_registry_gap,do_not_publish_numeric_row_until_emission_path_is_explained,"confirm whether this is intentional placeholder, registry gap, or emission bug",palau,PLW,solar,no_emitted_snapshot,,,no_missing_snapshot,no,no emitted snapshot row,,IRENA RCS 2025 / PPUC (~5 MW PV + diesel; island grid),https://www.irena.org/Data/Downloads/IRENASTAT,docs/validation/palau.md
missing_snapshot_or_registry_gap,do_not_publish_numeric_row_until_emission_path_is_explained,"confirm whether this is intentional placeholder, registry gap, or emission bug",palestine,PSE,solar,no_emitted_snapshot,,,no_missing_snapshot,no,no emitted snapshot row,,IRENA RCS 2025 / Palestinian Energy Authority 2024,https://www.irena.org/Data/Downloads/IRENASTAT,docs/validation/palestine.md
missing_snapshot_or_registry_gap,do_not_publish_numeric_row_until_emission_path_is_explained,"confirm whether this is intentional placeholder, registry gap, or emission bug",panama,PAN,solar,no_emitted_snapshot,,,no_missing_snapshot,no,no emitted snapshot row,,Secretaria Nacional de Energia 2024 (solar+wind ~10%; ETESA/CND PDF reports),https://www.etesa.com.pa/,docs/validation/panama.md
missing_snapshot_or_registry_gap,do_not_publish_numeric_row_until_emission_path_is_explained,"confirm whether this is intentional placeholder, registry gap, or emission bug",papua-new-guinea,PNG,hydro,no_emitted_snapshot,,,no_missing_snapshot,no,no emitted snapshot row,,IRENA RCS 2025 / PNG Power (Ramu hydro + diesel; island grid),https://www.irena.org/Data/Downloads/IRENASTAT,docs/validation/papua-new-guinea.md
missing_snapshot_or_registry_gap,do_not_publish_numeric_row_until_emission_path_is_explained,"confirm whether this is intentional placeholder, registry gap, or emission bug",permian,USA,flare,no_emitted_snapshot,,,no_missing_snapshot,no,no emitted snapshot row,,VIIRS + GGFR,https://www.worldbank.org/en/programs/gasflaringreduction,docs/validation/permian.md
missing_snapshot_or_registry_gap,do_not_publish_numeric_row_until_emission_path_is_explained,"confirm whether this is intentional placeholder, registry gap, or emission bug",philippines-solar,PHL,solar,no_emitted_snapshot,,,no_missing_snapshot,no,no emitted snapshot row,,"IRENA Philippines RE Statistics 2024 anchor; IEMOP RTD endpoint exposes current-day dispatch schedules, not curtailed-energy. The 2% rate previously applied was an invented placeholder with no published source. Held at T3 until IEMOP/WESM publishes a citable curtailment rate.",https://www.iemop.ph/market-data/rtd-prices-and-schedules/,docs/validation/philippines-solar.md
missing_snapshot_or_registry_gap,do_not_publish_numeric_row_until_emission_path_is_explained,"confirm whether this is intentional placeholder, registry gap, or emission bug",philippines-wind,PHL,wind,no_emitted_snapshot,,,no_missing_snapshot,no,no emitted snapshot row,,"IRENA Philippines RE Statistics 2024 anchor; IEMOP RTD endpoint exposes current-day dispatch schedules, not curtailed-energy. The 2% rate previously applied was an invented placeholder with no published source. Held at T3 until IEMOP/WESM publishes a citable curtailment rate.",https://www.iemop.ph/market-data/rtd-prices-and-schedules/,docs/validation/philippines-wind.md
missing_snapshot_or_registry_gap,do_not_publish_numeric_row_until_emission_path_is_explained,"confirm whether this is intentional placeholder, registry gap, or emission bug",pjm-solar,USA,solar,no_emitted_snapshot,,,no_missing_snapshot,no,no emitted snapshot row,,EIA PJM solar,https://www.eia.gov/opendata/browser/electricity/rto/fuel-type-data,docs/validation/pjm-solar.md
missing_snapshot_or_registry_gap,do_not_publish_numeric_row_until_emission_path_is_explained,"confirm whether this is intentional placeholder, registry gap, or emission bug",pjm-wind,USA,wind,no_emitted_snapshot,,,no_missing_snapshot,no,no emitted snapshot row,,EIA PJM wind,https://www.eia.gov/opendata/browser/electricity/rto/fuel-type-data,docs/validation/pjm-wind.md
missing_snapshot_or_registry_gap,do_not_publish_numeric_row_until_emission_path_is_explained,"confirm whether this is intentional placeholder, registry gap, or emission bug",qatar,QAT,flare,no_emitted_snapshot,,,no_missing_snapshot,no,no emitted snapshot row,,GGFR 2024 Qatar offshore+onshore flare composite (QatarEnergy),https://www.worldbank.org/en/programs/gasflaringreduction,docs/validation/qatar.md
missing_snapshot_or_registry_gap,do_not_publish_numeric_row_until_emission_path_is_explained,"confirm whether this is intentional placeholder, registry gap, or emission bug",russia-e-siberia,RUS,flare,no_emitted_snapshot,,,no_missing_snapshot,no,no emitted snapshot row,,GGFR 2024 East Siberia oil/gas flaring (ESPO corridor + Sakhalin),https://www.worldbank.org/en/programs/gasflaringreduction,docs/validation/russia-e-siberia.md
missing_snapshot_or_registry_gap,do_not_publish_numeric_row_until_emission_path_is_explained,"confirm whether this is intentional placeholder, registry gap, or emission bug",russia-murmansk-wind,RUS,wind,no_emitted_snapshot,,,no_missing_snapshot,no,no emitted snapshot row,,SO UPS 2024 monthly DPM VIE reports (Kola Peninsula wind dispatch limits),https://www.so-ups.ru/functioning/markets/surveys/renewable/2024/,docs/validation/russia-murmansk-wind.md
missing_snapshot_or_registry_gap,do_not_publish_numeric_row_until_emission_path_is_explained,"confirm whether this is intentional placeholder, registry gap, or emission bug",russia-yamal,RUS,flare,no_emitted_snapshot,,,no_missing_snapshot,no,no emitted snapshot row,,GGFR 2024 Yamal-Nenets gas flaring (Gazprom/Novatek),https://www.worldbank.org/en/programs/gasflaringreduction,docs/validation/russia-yamal.md
missing_snapshot_or_registry_gap,do_not_publish_numeric_row_until_emission_path_is_explained,"confirm whether this is intentional placeholder, registry gap, or emission bug",rwanda,RWA,mixed,no_emitted_snapshot,,,no_missing_snapshot,no,no emitted snapshot row,,IRENA Rwanda 2024 (REG/EUCL; Lake Kivu methane + hydro+solar),https://www.reg.rw/,docs/validation/rwanda.md
missing_snapshot_or_registry_gap,do_not_publish_numeric_row_until_emission_path_is_explained,"confirm whether this is intentional placeholder, registry gap, or emission bug",s-iraq,IRQ,flare,no_emitted_snapshot,,,no_missing_snapshot,no,no emitted snapshot row,,VIIRS + GGFR,https://www.worldbank.org/en/programs/gasflaringreduction,docs/validation/s-iraq.md
missing_snapshot_or_registry_gap,do_not_publish_numeric_row_until_emission_path_is_explained,"confirm whether this is intentional placeholder, registry gap, or emission bug",samoa,WSM,solar,no_emitted_snapshot,,,no_missing_snapshot,no,no emitted snapshot row,,IRENA RCS 2025 / EPC Samoa (~25 MW solar + hydro; Pacific island grid),https://www.irena.org/Data/Downloads/IRENASTAT,docs/validation/samoa.md
missing_snapshot_or_registry_gap,do_not_publish_numeric_row_until_emission_path_is_explained,"confirm whether this is intentional placeholder, registry gap, or emission bug",san-marino,SMR,solar,no_emitted_snapshot,,,no_missing_snapshot,no,no emitted snapshot row,,IRENA RCS 2025 / AASS (~25 MW solar; part of Italian grid),https://www.irena.org/Data/Downloads/IRENASTAT,docs/validation/san-marino.md
missing_snapshot_or_registry_gap,do_not_publish_numeric_row_until_emission_path_is_explained,"confirm whether this is intentional placeholder, registry gap, or emission bug",sao-tome,STP,solar,no_emitted_snapshot,,,no_missing_snapshot,no,no emitted snapshot row,,IRENA RCS 2025 / EMAE (~3 MW PV + diesel + hydro),https://www.irena.org/Data/Downloads/IRENASTAT,docs/validation/sao-tome.md
missing_snapshot_or_registry_gap,do_not_publish_numeric_row_until_emission_path_is_explained,"confirm whether this is intentional placeholder, registry gap, or emission bug",senegal,SEN,solar,no_emitted_snapshot,,,no_missing_snapshot,no,no emitted snapshot row,,IRENA Senegal 2024 (SENELEC; Taiba N'Diaye 158 MW wind + PV),https://www.senelec.sn/,docs/validation/senegal.md
missing_snapshot_or_registry_gap,do_not_publish_numeric_row_until_emission_path_is_explained,"confirm whether this is intentional placeholder, registry gap, or emission bug",seychelles,SYC,solar,no_emitted_snapshot,,,no_missing_snapshot,no,no emitted snapshot row,,IRENA RCS 2025 / PUC (~5 MW PV + diesel + pumped hydro; island),https://www.irena.org/Data/Downloads/IRENASTAT,docs/validation/seychelles.md
missing_snapshot_or_registry_gap,do_not_publish_numeric_row_until_emission_path_is_explained,"confirm whether this is intentional placeholder, registry gap, or emission bug",sichuan,CHN,hydro,no_emitted_snapshot,,,no_missing_snapshot,no,no emitted snapshot row,,NEA 2024 / Sichuan hydro-spill proxy,https://www.nea.gov.cn/20251113/cc1fb0298a2944f8bd5441f67c9be9b3/c.html,docs/validation/sichuan.md
missing_snapshot_or_registry_gap,do_not_publish_numeric_row_until_emission_path_is_explained,"confirm whether this is intentional placeholder, registry gap, or emission bug",sierra-leone,SLE,hydro,no_emitted_snapshot,,,no_missing_snapshot,no,no emitted snapshot row,,IRENA RCS 2025 / EDSA (Bumbuna hydro + solar; WAPP),https://www.irena.org/Data/Downloads/IRENASTAT,docs/validation/sierra-leone.md
missing_snapshot_or_registry_gap,do_not_publish_numeric_row_until_emission_path_is_explained,"confirm whether this is intentional placeholder, registry gap, or emission bug",singapore,SGP,solar,no_emitted_snapshot,,,no_missing_snapshot,no,no emitted snapshot row,,IRENA RCS 2025 / EMA TES 2024 (~700 MW rooftop+utility PV),https://www.irena.org/Data/Downloads/IRENASTAT,docs/validation/singapore.md
missing_snapshot_or_registry_gap,do_not_publish_numeric_row_until_emission_path_is_explained,"confirm whether this is intentional placeholder, registry gap, or emission bug",solomon-islands,SLB,solar,no_emitted_snapshot,,,no_missing_snapshot,no,no emitted snapshot row,,IRENA RCS 2025 / SIEA (~5 MW PV + diesel; Pacific island grid),https://www.irena.org/Data/Downloads/IRENASTAT,docs/validation/solomon-islands.md
missing_snapshot_or_registry_gap,do_not_publish_numeric_row_until_emission_path_is_explained,"confirm whether this is intentional placeholder, registry gap, or emission bug",somalia,SOM,solar,no_emitted_snapshot,,,no_missing_snapshot,no,no emitted snapshot row,,IRENA RCS 2025 / MOEP (fragmented grid; diesel + emerging PV),https://www.irena.org/Data/Downloads/IRENASTAT,docs/validation/somalia.md
missing_snapshot_or_registry_gap,do_not_publish_numeric_row_until_emission_path_is_explained,"confirm whether this is intentional placeholder, registry gap, or emission bug",south-sudan,SSD,solar,no_emitted_snapshot,,,no_missing_snapshot,no,no emitted snapshot row,,IRENA RCS 2025 / MEM South Sudan (mostly diesel; new utility PV),https://www.irena.org/Data/Downloads/IRENASTAT,docs/validation/south-sudan.md
missing_snapshot_or_registry_gap,do_not_publish_numeric_row_until_emission_path_is_explained,"confirm whether this is intentional placeholder, registry gap, or emission bug",spp-solar,USA,solar,no_emitted_snapshot,,,no_missing_snapshot,no,no emitted snapshot row,,EIA SPP solar,https://www.eia.gov/opendata/browser/electricity/rto/fuel-type-data,docs/validation/spp-solar.md
missing_snapshot_or_registry_gap,do_not_publish_numeric_row_until_emission_path_is_explained,"confirm whether this is intentional placeholder, registry gap, or emission bug",spp-wind,USA,wind,no_emitted_snapshot,,,no_missing_snapshot,no,no emitted snapshot row,,EIA SPP wind,https://www.eia.gov/opendata/browser/electricity/rto/fuel-type-data,docs/validation/spp-wind.md
missing_snapshot_or_registry_gap,do_not_publish_numeric_row_until_emission_path_is_explained,"confirm whether this is intentional placeholder, registry gap, or emission bug",sri-lanka,LKA,mixed,no_emitted_snapshot,,,no_missing_snapshot,no,no emitted snapshot row,,IRENA RE Statistics 2024 (~450 MW solar + ~300 MW wind operational); modelled curtailment ~2% per regional default,https://www.irena.org/Data/Energy-Profiles,docs/validation/sri-lanka.md
missing_snapshot_or_registry_gap,do_not_publish_numeric_row_until_emission_path_is_explained,"confirm whether this is intentional placeholder, registry gap, or emission bug",st-kitts-and-nevis,KNA,solar,no_emitted_snapshot,,,no_missing_snapshot,no,no emitted snapshot row,,IRENA RCS 2025 / NEVLEC/SKELEC (~5 MW PV + diesel),https://www.irena.org/Data/Downloads/IRENASTAT,docs/validation/st-kitts-and-nevis.md
missing_snapshot_or_registry_gap,do_not_publish_numeric_row_until_emission_path_is_explained,"confirm whether this is intentional placeholder, registry gap, or emission bug",st-lucia,LCA,solar,no_emitted_snapshot,,,no_missing_snapshot,no,no emitted snapshot row,,IRENA RCS 2025 / LUCELEC (~10 MW PV + diesel; island grid),https://www.irena.org/Data/Downloads/IRENASTAT,docs/validation/st-lucia.md
missing_snapshot_or_registry_gap,do_not_publish_numeric_row_until_emission_path_is_explained,"confirm whether this is intentional placeholder, registry gap, or emission bug",st-vincent,VCT,solar,no_emitted_snapshot,,,no_missing_snapshot,no,no emitted snapshot row,,IRENA RCS 2025 / VINLEC (~3 MW PV + hydro + diesel),https://www.irena.org/Data/Downloads/IRENASTAT,docs/validation/st-vincent.md
missing_snapshot_or_registry_gap,do_not_publish_numeric_row_until_emission_path_is_explained,"confirm whether this is intentional placeholder, registry gap, or emission bug",sudan,SDN,solar,no_emitted_snapshot,,,no_missing_snapshot,no,no emitted snapshot row,,IRENA RE Statistics 2024 (utility solar deployed; ongoing conflict introduces data uncertainty); modelled curtailment ~2% per regional default,https://www.irena.org/Data/Energy-Profiles,docs/validation/sudan.md
missing_snapshot_or_registry_gap,do_not_publish_numeric_row_until_emission_path_is_explained,"confirm whether this is intentional placeholder, registry gap, or emission bug",suriname,SUR,flare,no_emitted_snapshot,,,no_missing_snapshot,no,no emitted snapshot row,,GGFR 2024 Suriname Block 58 offshore flaring forecast (upstream off-grid; at inclusion threshold),https://www.nvebs.com/,docs/validation/suriname.md
missing_snapshot_or_registry_gap,do_not_publish_numeric_row_until_emission_path_is_explained,"confirm whether this is intentional placeholder, registry gap, or emission bug",syria,SYR,solar,no_emitted_snapshot,,,no_missing_snapshot,no,no emitted snapshot row,,IRENA RCS 2025 / PEO (sparse; conflict-affected grid; ~50 MW PV estimated),https://www.irena.org/Data/Downloads/IRENASTAT,docs/validation/syria.md
missing_snapshot_or_registry_gap,do_not_publish_numeric_row_until_emission_path_is_explained,"confirm whether this is intentional placeholder, registry gap, or emission bug",tajikistan,TJK,hydro,no_emitted_snapshot,,,no_missing_snapshot,no,no emitted snapshot row,,IRENA RCS 2025 / Barki Tojik (hydro-dominant; modelled spillage; CASA-1000),https://www.irena.org/Data/Downloads/IRENASTAT,docs/validation/tajikistan.md
missing_snapshot_or_registry_gap,do_not_publish_numeric_row_until_emission_path_is_explained,"confirm whether this is intentional placeholder, registry gap, or emission bug",tanzania,TZA,hydro,no_emitted_snapshot,,,no_missing_snapshot,no,no emitted snapshot row,,IRENA Tanzania 2024 + JNHPP commissioning (TANESCO; gas+hydro),https://www.tanesco.co.tz/,docs/validation/tanzania.md
missing_snapshot_or_registry_gap,do_not_publish_numeric_row_until_emission_path_is_explained,"confirm whether this is intentional placeholder, registry gap, or emission bug",togo,TGO,solar,no_emitted_snapshot,,,no_missing_snapshot,no,no emitted snapshot row,,IRENA Togo 2024 (CEET; WAPP imports; Blitta PV 50 MW),https://ceet.tg/,docs/validation/togo.md
missing_snapshot_or_registry_gap,do_not_publish_numeric_row_until_emission_path_is_explained,"confirm whether this is intentional placeholder, registry gap, or emission bug",tonga,TON,solar,no_emitted_snapshot,,,no_missing_snapshot,no,no emitted snapshot row,,IRENA RCS 2025 / TPL (~8 MW solar + diesel + pumped hydro),https://www.irena.org/Data/Downloads/IRENASTAT,docs/validation/tonga.md
missing_snapshot_or_registry_gap,do_not_publish_numeric_row_until_emission_path_is_explained,"confirm whether this is intentional placeholder, registry gap, or emission bug",trinidad-tobago,TTO,flare,no_emitted_snapshot,,,no_missing_snapshot,no,no emitted snapshot row,,GGFR 2024 Trinidad offshore flares ~1 BCM (upstream offshore flare lifted onto T&TEC grid coverage),https://ttec.co.tt/,docs/validation/trinidad-tobago.md
missing_snapshot_or_registry_gap,do_not_publish_numeric_row_until_emission_path_is_explained,"confirm whether this is intentional placeholder, registry gap, or emission bug",tunisia,TUN,solar,no_emitted_snapshot,,,no_missing_snapshot,no,no emitted snapshot row,,IRENA Tunisia 2024 + STEG Annual Report (Bizerte wind + PV; gas-dominated),https://www.steg.com.tn/,docs/validation/tunisia.md
missing_snapshot_or_registry_gap,do_not_publish_numeric_row_until_emission_path_is_explained,"confirm whether this is intentional placeholder, registry gap, or emission bug",turkmenistan,TKM,solar,no_emitted_snapshot,,,no_missing_snapshot,no,no emitted snapshot row,,IRENA RCS 2025 / TDS (recent solar tenders; ~10-100 MW),https://www.irena.org/Data/Downloads/IRENASTAT,docs/validation/turkmenistan.md
missing_snapshot_or_registry_gap,do_not_publish_numeric_row_until_emission_path_is_explained,"confirm whether this is intentional placeholder, registry gap, or emission bug",tuvalu,TUV,solar,no_emitted_snapshot,,,no_missing_snapshot,no,no emitted snapshot row,,IRENA RCS 2025 / TEWAO (~1 MW PV + diesel; atoll micro-grid),https://www.irena.org/Data/Downloads/IRENASTAT,docs/validation/tuvalu.md
missing_snapshot_or_registry_gap,do_not_publish_numeric_row_until_emission_path_is_explained,"confirm whether this is intentional placeholder, registry gap, or emission bug",tva,USA,solar,no_emitted_snapshot,,,no_missing_snapshot,no,no emitted snapshot row,,TVA Sustainability Report 2024 (provisional 0.05 TWh/yr; SE-US solar curtailment; TVA JSON-API path documented for future Pattern-A promotion),https://www.tva.com/,docs/validation/tva.md
missing_snapshot_or_registry_gap,do_not_publish_numeric_row_until_emission_path_is_explained,"confirm whether this is intentional placeholder, registry gap, or emission bug",uganda,UGA,hydro,no_emitted_snapshot,,,no_missing_snapshot,no,no emitted snapshot row,,ERA Annual Performance 2024 (UETCL/UEDCL; Karuma+Isimba hydro),https://www.uetcl.com/,docs/validation/uganda.md
missing_snapshot_or_registry_gap,do_not_publish_numeric_row_until_emission_path_is_explained,"confirm whether this is intentional placeholder, registry gap, or emission bug",uzbekistan,UZB,solar,no_emitted_snapshot,,,no_missing_snapshot,no,no emitted snapshot row,,IRENA RE Statistics 2024 (~1-2 GW utility-scale solar build-out post-2021); modelled curtailment ~2% per regional default,https://www.irena.org/Data/Energy-Profiles,docs/validation/uzbekistan.md
missing_snapshot_or_registry_gap,do_not_publish_numeric_row_until_emission_path_is_explained,"confirm whether this is intentional placeholder, registry gap, or emission bug",vanuatu,VUT,solar,no_emitted_snapshot,,,no_missing_snapshot,no,no emitted snapshot row,,IRENA RCS 2025 / UNELCO (~10 MW PV + hydro + diesel; Pacific islands),https://www.irena.org/Data/Downloads/IRENASTAT,docs/validation/vanuatu.md
missing_snapshot_or_registry_gap,do_not_publish_numeric_row_until_emission_path_is_explained,"confirm whether this is intentional placeholder, registry gap, or emission bug",venezuela,VEN,wind,no_emitted_snapshot,,,no_missing_snapshot,no,no emitted snapshot row,,IRENA RE Statistics 2024 (Paraguaná wind farm ~100 MW; grid distress limits VRE output); modelled curtailment ~2% per regional default,https://www.irena.org/Data/Energy-Profiles,docs/validation/venezuela.md
missing_snapshot_or_registry_gap,do_not_publish_numeric_row_until_emission_path_is_explained,"confirm whether this is intentional placeholder, registry gap, or emission bug",w-siberia,RUS,flare,no_emitted_snapshot,,,no_missing_snapshot,no,no emitted snapshot row,,VIIRS + GGFR,https://www.worldbank.org/en/programs/gasflaringreduction,docs/validation/w-siberia.md
missing_snapshot_or_registry_gap,do_not_publish_numeric_row_until_emission_path_is_explained,"confirm whether this is intentional placeholder, registry gap, or emission bug",xinjiang,CHN,solar,no_emitted_snapshot,,,no_missing_snapshot,no,no emitted snapshot row,,NEA 2024 / Huaon-NBS generation,https://www.nea.gov.cn/20251113/cc1fb0298a2944f8bd5441f67c9be9b3/c.html,docs/validation/xinjiang.md
missing_snapshot_or_registry_gap,do_not_publish_numeric_row_until_emission_path_is_explained,"confirm whether this is intentional placeholder, registry gap, or emission bug",yemen,YEM,solar,no_emitted_snapshot,,,no_missing_snapshot,no,no emitted snapshot row,,IRENA RCS 2025 / PC (wartime distributed-PV boom; estimates only; conflict-affected),https://www.irena.org/Data/Downloads/IRENASTAT,docs/validation/yemen.md
missing_snapshot_or_registry_gap,do_not_publish_numeric_row_until_emission_path_is_explained,"confirm whether this is intentional placeholder, registry gap, or emission bug",zambia,ZMB,hydro,no_emitted_snapshot,,,no_missing_snapshot,no,no emitted snapshot row,,Ember Zambia 2024 + Kariba drought (ZESCO; Kariba+Kafue; severe drought load-shed; SAPP),https://www.zesco.co.zm/,docs/validation/zambia.md
missing_snapshot_or_registry_gap,do_not_publish_numeric_row_until_emission_path_is_explained,"confirm whether this is intentional placeholder, registry gap, or emission bug",zimbabwe,ZWE,hydro,no_emitted_snapshot,,,no_missing_snapshot,no,no emitted snapshot row,,Ember Zimbabwe 2024 + Kariba South (ZPC/ZETDC; Kariba South hydro+coal; SAPP),https://www.zetdc.co.zw/,docs/validation/zimbabwe.md
modelled_envelope_only,publish_only_in_modelled_envelope_with_tier_label_and_uncertainty,operator/regulator source elevation before floor inclusion,paraguay,PRY,hydro,modelled_or_fallback,T3-modelled,8.960000,no_modelled_envelope_only,yes,modelled annual central encoded in static/typical snapshot,annual/modelled central value mapped to typical profile; not measured hourly curtailment,Itaipu fallback,https://www.itaipu.gov.py/,docs/validation/paraguay.md
modelled_envelope_only,publish_only_in_modelled_envelope_with_tier_label_and_uncertainty,operator/regulator source elevation before floor inclusion,yunnan,CHN,hydro,modelled_or_fallback,T3-modelled,5.520000,no_modelled_envelope_only,yes,modelled annual central encoded in static/typical snapshot,annual/modelled central value mapped to typical profile; not measured hourly curtailment,NEA 2024 / Yunnan statistics,https://www.nea.gov.cn/20251113/cc1fb0298a2944f8bd5441f67c9be9b3/c.html,docs/validation/yunnan.md
modelled_envelope_only,publish_only_in_modelled_envelope_with_tier_label_and_uncertainty,operator/regulator source elevation before floor inclusion,china-shandong,CHN,solar,modelled_or_fallback,T3-modelled,4.500000,no_modelled_envelope_only,yes,modelled annual central encoded in static/typical snapshot,annual/modelled central value mapped to typical profile; not measured hourly curtailment,NEA 2024 provincial RE monitoring bulletin — solar curtailment ~4.5 TWh/yr (96.3% PV utilisation),https://www.nea.gov.cn/20251113/cc1fb0298a2944f8bd5441f67c9be9b3/c.html,docs/validation/china-shandong.md
modelled_envelope_only,publish_only_in_modelled_envelope_with_tier_label_and_uncertainty,operator/regulator source elevation before floor inclusion,inner-mongolia,CHN,wind,modelled_or_fallback,T3-modelled,4.000000,no_modelled_envelope_only,yes,modelled annual central encoded in static/typical snapshot,annual/modelled central value mapped to typical profile; not measured hourly curtailment,NEA 2024 / Huaon-NBS generation,https://www.nea.gov.cn/20251113/cc1fb0298a2944f8bd5441f67c9be9b3/c.html,docs/validation/inner-mongolia.md
modelled_envelope_only,publish_only_in_modelled_envelope_with_tier_label_and_uncertainty,operator/regulator source elevation before floor inclusion,vietnam,VNM,solar,modelled_or_fallback,T3-modelled,4.000000,no_modelled_envelope_only,yes,modelled annual central encoded in static/typical snapshot,annual/modelled central value mapped to typical profile; not measured hourly curtailment,EVN fallback,https://www.evn.com.vn/,docs/validation/vietnam.md
modelled_envelope_only,publish_only_in_modelled_envelope_with_tier_label_and_uncertainty,operator/regulator source elevation before floor inclusion,india-rajasthan,IND,solar,generation_or_feed_x_rate,T3-modelled,3.500000,no_modelled_envelope_only,yes,modelled annual central encoded in static/typical snapshot,generation/feed multiplied by citable or assumed curtailment rate; check source scope,RRVPNL SLDC (Rajasthan State Load Despatch Centre) — RE curtailment downloads at sldc.rajasthan.gov.in. Geoblocked from non-Indian IP ranges; loader currently emits T3-modelled typical-shape calibrated to Ember India 2025 (~3.5 TWh/yr solar curtailment). Will be promoted to T1a-live-tso when the India-egress relay activates the live parse.,https://sldc.rajasthan.gov.in/,docs/validation/india-rajasthan.md
modelled_envelope_only,publish_only_in_modelled_envelope_with_tier_label_and_uncertainty,operator/regulator source elevation before floor inclusion,china-guangdong,CHN,mixed,modelled_or_fallback,T3-modelled,3.200000,no_modelled_envelope_only,yes,modelled annual central encoded in static/typical snapshot,annual/modelled central value mapped to typical profile; not measured hourly curtailment,NEA 2024 provincial RE monitoring bulletin — CSG-grid mixed wind+solar curtailment ~3.2 TWh/yr,https://www.nea.gov.cn/20251113/cc1fb0298a2944f8bd5441f67c9be9b3/c.html,docs/validation/china-guangdong.md
modelled_envelope_only,publish_only_in_modelled_envelope_with_tier_label_and_uncertainty,operator/regulator source elevation before floor inclusion,ethiopia,ETH,hydro,modelled_or_fallback,T3-modelled,2.560000,no_modelled_envelope_only,yes,modelled annual central encoded in static/typical snapshot,annual/modelled central value mapped to typical profile; not measured hourly curtailment,EEP fallback,https://www.eep.com.et/,docs/validation/ethiopia.md
modelled_envelope_only,publish_only_in_modelled_envelope_with_tier_label_and_uncertainty,operator/regulator source elevation before floor inclusion,china-anhui,CHN,solar,modelled_or_fallback,T3-modelled,2.100000,no_modelled_envelope_only,yes,modelled annual central encoded in static/typical snapshot,annual/modelled central value mapped to typical profile; not measured hourly curtailment,NEA 2024 provincial RE monitoring bulletin — solar curtailment ~2.1 TWh/yr,https://www.nea.gov.cn/20251113/cc1fb0298a2944f8bd5441f67c9be9b3/c.html,docs/validation/china-anhui.md
modelled_envelope_only,publish_only_in_modelled_envelope_with_tier_label_and_uncertainty,operator/regulator source elevation before floor inclusion,gansu-wind,CHN,wind,modelled_or_fallback,T3-modelled,1.800000,no_modelled_envelope_only,yes,modelled annual central encoded in static/typical snapshot,annual/modelled central value mapped to typical profile; not measured hourly curtailment,NEA 2024 / Gansu MIIT generation,https://www.nea.gov.cn/20251113/cc1fb0298a2944f8bd5441f67c9be9b3/c.html,docs/validation/gansu-wind.md
modelled_envelope_only,publish_only_in_modelled_envelope_with_tier_label_and_uncertainty,operator/regulator source elevation before floor inclusion,china-liaoning,CHN,wind,modelled_or_fallback,T3-modelled,1.600000,no_modelled_envelope_only,yes,modelled annual central encoded in static/typical snapshot,annual/modelled central value mapped to typical profile; not measured hourly curtailment,NEA 2024 provincial RE monitoring bulletin — wind curtailment ~1.6 TWh/yr (northeast grid transmission constraint),https://www.nea.gov.cn/20251113/cc1fb0298a2944f8bd5441f67c9be9b3/c.html,docs/validation/china-liaoning.md
modelled_envelope_only,publish_only_in_modelled_envelope_with_tier_label_and_uncertainty,operator/regulator source elevation before floor inclusion,qinghai,CHN,solar,modelled_or_fallback,T3-modelled,1.500000,no_modelled_envelope_only,yes,modelled annual central encoded in static/typical snapshot,annual/modelled central value mapped to typical profile; not measured hourly curtailment,NEA 2024 / Huaon-NBS generation,https://www.nea.gov.cn/20251113/cc1fb0298a2944f8bd5441f67c9be9b3/c.html,docs/validation/qinghai.md
modelled_envelope_only,publish_only_in_modelled_envelope_with_tier_label_and_uncertainty,operator/regulator source elevation before floor inclusion,china-jiangsu-solar,CHN,solar,modelled_or_fallback,T3-modelled,1.400000,no_modelled_envelope_only,yes,modelled annual central encoded in static/typical snapshot,annual/modelled central value mapped to typical profile; not measured hourly curtailment,NEA 2024 provincial RE monitoring bulletin — solar curtailment (solar 50% of ~2.8 TWh/yr),https://www.nea.gov.cn/20251113/cc1fb0298a2944f8bd5441f67c9be9b3/c.html,docs/validation/china-jiangsu-solar.md
modelled_envelope_only,publish_only_in_modelled_envelope_with_tier_label_and_uncertainty,operator/regulator source elevation before floor inclusion,china-jiangsu-wind,CHN,wind,modelled_or_fallback,T3-modelled,1.400000,no_modelled_envelope_only,yes,modelled annual central encoded in static/typical snapshot,annual/modelled central value mapped to typical profile; not measured hourly curtailment,NEA 2024 provincial RE monitoring bulletin — offshore wind curtailment (wind 50% of ~2.8 TWh/yr),https://www.nea.gov.cn/20251113/cc1fb0298a2944f8bd5441f67c9be9b3/c.html,docs/validation/china-jiangsu-wind.md
modelled_envelope_only,publish_only_in_modelled_envelope_with_tier_label_and_uncertainty,operator/regulator source elevation before floor inclusion,british-columbia,CAN,hydro,modelled_or_fallback,T3-modelled,1.260000,no_modelled_envelope_only,yes,modelled annual central encoded in static/typical snapshot,annual/modelled central value mapped to typical profile; not measured hourly curtailment,BC Hydro fallback,https://www.bchydro.com/,docs/validation/british-columbia.md
modelled_envelope_only,publish_only_in_modelled_envelope_with_tier_label_and_uncertainty,operator/regulator source elevation before floor inclusion,pakistan-wind,PAK,wind,modelled_or_fallback,T3-modelled,1.206000,no_modelled_envelope_only,yes,modelled annual central encoded in static/typical snapshot,annual/modelled central value mapped to typical profile; not measured hourly curtailment,"NEPRA State of Industry Report 2024: NPMV wind = 1,337 GWh FY2023-24 (Jhimpir/Gharo/Thatta wind corridor, Sindh). Wind 90% of total.",https://nepra.org.pk/publications/State%20of%20Industry%20Reports/State%20of%20Industry%20Report%202024.pdf,docs/validation/pakistan-wind.md
modelled_envelope_only,publish_only_in_modelled_envelope_with_tier_label_and_uncertainty,operator/regulator source elevation before floor inclusion,gansu-solar,CHN,solar,modelled_or_fallback,T3-modelled,1.200000,no_modelled_envelope_only,yes,modelled annual central encoded in static/typical snapshot,annual/modelled central value mapped to typical profile; not measured hourly curtailment,NEA 2024 / Gansu MIIT generation,https://www.nea.gov.cn/20251113/cc1fb0298a2944f8bd5441f67c9be9b3/c.html,docs/validation/gansu-solar.md
modelled_envelope_only,publish_only_in_modelled_envelope_with_tier_label_and_uncertainty,operator/regulator source elevation before floor inclusion,mexico,MEX,solar,modelled_or_fallback,T3-modelled,1.200000,no_modelled_envelope_only,yes,modelled annual central encoded in static/typical snapshot,annual/modelled central value mapped to typical profile; not measured hourly curtailment,SENER PRODESEN 2024-2038 + CRE confiabilidad reports — ~1.2 TWh/yr solar+wind curtailment from northern-grid transmission saturation (Sonora/Chihuahua/Coahuila/Oaxaca). Excludes hydro vertimientos. Gemini-3.1 research wave 2 (2026-04-30).,https://www.gob.mx/sener/documentos/programa-de-desarrollo-del-sistema-electrico-nacional-2024-2038,docs/validation/mexico.md
modelled_envelope_only,publish_only_in_modelled_envelope_with_tier_label_and_uncertainty,operator/regulator source elevation before floor inclusion,ukraine,UKR,solar,modelled_or_fallback,T3-modelled,1.200000,no_modelled_envelope_only,yes,modelled annual central encoded in static/typical snapshot,annual/modelled central value mapped to typical profile; not measured hourly curtailment,Ember Ukraine 2024 (ENTSO-E absent post-war),https://ember-energy.org/global-insights/ukraine-electricity-tracker/,docs/validation/ukraine.md
modelled_envelope_only,publish_only_in_modelled_envelope_with_tier_label_and_uncertainty,operator/regulator source elevation before floor inclusion,china-shaanxi,CHN,solar,modelled_or_fallback,T3-modelled,1.100000,no_modelled_envelope_only,yes,modelled annual central encoded in static/typical snapshot,annual/modelled central value mapped to typical profile; not measured hourly curtailment,NEA 2024 provincial RE monitoring bulletin — solar curtailment ~1.1 TWh/yr (Guanzhong basin PV),https://www.nea.gov.cn/20251113/cc1fb0298a2944f8bd5441f67c9be9b3/c.html,docs/validation/china-shaanxi.md
modelled_envelope_only,publish_only_in_modelled_envelope_with_tier_label_and_uncertainty,operator/regulator source elevation before floor inclusion,russia-mainland,RUS,hydro,modelled_or_fallback,T3-modelled,1.080000,no_modelled_envelope_only,yes,modelled annual central encoded in static/typical snapshot,annual/modelled central value mapped to typical profile; not measured hourly curtailment,SO UES fallback,https://www.so-ups.ru/,docs/validation/russia-mainland.md
modelled_envelope_only,publish_only_in_modelled_envelope_with_tier_label_and_uncertainty,operator/regulator source elevation before floor inclusion,tibet,CHN,hydro,modelled_or_fallback,T3-modelled,1.008000,no_modelled_envelope_only,yes,modelled annual central encoded in static/typical snapshot,annual/modelled central value mapped to typical profile; not measured hourly curtailment,NEA 2024 / Huaon-NBS generation,https://www.nea.gov.cn/20251113/cc1fb0298a2944f8bd5441f67c9be9b3/c.html,docs/validation/tibet.md
modelled_envelope_only,publish_only_in_modelled_envelope_with_tier_label_and_uncertainty,operator/regulator source elevation before floor inclusion,india-gujarat,IND,solar,generation_or_feed_x_rate,T3-modelled,1.000000,no_modelled_envelope_only,yes,modelled annual central encoded in static/typical snapshot,generation/feed multiplied by citable or assumed curtailment rate; check source scope,GSLDC (Gujarat State Load Despatch Centre / GETCO) — RE curtailment reports at sldc.gujarat.gov.in. Geoblocked from non-Indian IP ranges; loader currently emits T3-modelled typical-shape calibrated to POSOCO/Ember India 2024 (~1.0 TWh/yr solar curtailment). Will be promoted to T1a-live-tso when the India-egress relay activates the live parse.,https://sldc.gujarat.gov.in/,docs/validation/india-gujarat.md
modelled_envelope_only,publish_only_in_modelled_envelope_with_tier_label_and_uncertainty,operator/regulator source elevation before floor inclusion,india-tamil-nadu,IND,wind,generation_or_feed_x_rate,T3-modelled,1.000000,no_modelled_envelope_only,yes,modelled annual central encoded in static/typical snapshot,generation/feed multiplied by citable or assumed curtailment rate; check source scope,TNSLDC (Tamil Nadu State Load Despatch Centre / TANTRANSCO) — RE curtailment and system operation reports at tnsldc.com. Geoblocked from non-Indian IP ranges; loader currently emits T3-modelled typical-shape calibrated to POSOCO South Region 2024 (~1.0 TWh/yr wind curtailment; India's largest wind state). Will be promoted to T1a-live-tso when the India-egress relay activates the live parse.,https://tnsldc.com/,docs/validation/india-tamil-nadu.md
modelled_envelope_only,publish_only_in_modelled_envelope_with_tier_label_and_uncertainty,operator/regulator source elevation before floor inclusion,china-hunan-wind,CHN,wind,modelled_or_fallback,T3-modelled,0.950000,no_modelled_envelope_only,yes,modelled annual central encoded in static/typical snapshot,annual/modelled central value mapped to typical profile; not measured hourly curtailment,NEA 2024 provincial RE monitoring bulletin — wind curtailment (wind 50% of ~1.9 TWh/yr),https://www.nea.gov.cn/20251113/cc1fb0298a2944f8bd5441f67c9be9b3/c.html,docs/validation/china-hunan-wind.md
modelled_envelope_only,publish_only_in_modelled_envelope_with_tier_label_and_uncertainty,operator/regulator source elevation before floor inclusion,china-shanxi-wind,CHN,wind,modelled_or_fallback,T3-modelled,0.840000,no_modelled_envelope_only,yes,modelled annual central encoded in static/typical snapshot,annual/modelled central value mapped to typical profile; not measured hourly curtailment,NEA 2024 provincial RE monitoring bulletin — wind curtailment (wind 60% of ~1.4 TWh/yr),https://www.nea.gov.cn/20251113/cc1fb0298a2944f8bd5441f67c9be9b3/c.html,docs/validation/china-shanxi-wind.md
modelled_envelope_only,publish_only_in_modelled_envelope_with_tier_label_and_uncertainty,operator/regulator source elevation before floor inclusion,china-zhejiang,CHN,mixed,modelled_or_fallback,T3-modelled,0.800000,no_modelled_envelope_only,yes,modelled annual central encoded in static/typical snapshot,annual/modelled central value mapped to typical profile; not measured hourly curtailment,NEA 2024 provincial RE monitoring bulletin — coastal mixed wind+solar curtailment ~0.8 TWh/yr,https://www.nea.gov.cn/20251113/cc1fb0298a2944f8bd5441f67c9be9b3/c.html,docs/validation/china-zhejiang.md
modelled_envelope_only,publish_only_in_modelled_envelope_with_tier_label_and_uncertainty,operator/regulator source elevation before floor inclusion,china-henan,CHN,solar,modelled_or_fallback,T3-modelled,0.700000,no_modelled_envelope_only,yes,modelled annual central encoded in static/typical snapshot,annual/modelled central value mapped to typical profile; not measured hourly curtailment,NEA 2024 provincial RE monitoring bulletin — solar curtailment ~0.7 TWh/yr,https://www.nea.gov.cn/20251113/cc1fb0298a2944f8bd5441f67c9be9b3/c.html,docs/validation/china-henan.md
modelled_envelope_only,publish_only_in_modelled_envelope_with_tier_label_and_uncertainty,operator/regulator source elevation before floor inclusion,china-fujian,CHN,mixed,modelled_or_fallback,T3-modelled,0.600000,no_modelled_envelope_only,yes,modelled annual central encoded in static/typical snapshot,annual/modelled central value mapped to typical profile; not measured hourly curtailment,NEA 2024 provincial RE monitoring bulletin — coastal mixed wind+solar curtailment ~0.6 TWh/yr,https://www.nea.gov.cn/20251113/cc1fb0298a2944f8bd5441f67c9be9b3/c.html,docs/validation/china-fujian.md
modelled_envelope_only,publish_only_in_modelled_envelope_with_tier_label_and_uncertainty,operator/regulator source elevation before floor inclusion,china-hubei-solar,CHN,solar,modelled_or_fallback,T3-modelled,0.600000,no_modelled_envelope_only,yes,modelled annual central encoded in static/typical snapshot,annual/modelled central value mapped to typical profile; not measured hourly curtailment,"NEA 2024 provincial RE monitoring bulletin — solar curtailment (solar 40% of ~1.5 TWh/yr, Three Gorges basin)",https://www.nea.gov.cn/20251113/cc1fb0298a2944f8bd5441f67c9be9b3/c.html,docs/validation/china-hubei-solar.md
modelled_envelope_only,publish_only_in_modelled_envelope_with_tier_label_and_uncertainty,operator/regulator source elevation before floor inclusion,taiwan,TWN,mixed,modelled_or_fallback,T3-modelled,0.600000,no_modelled_envelope_only,yes,modelled annual central encoded in static/typical snapshot,annual/modelled central value mapped to typical profile; not measured hourly curtailment,"TAIPOWER + TREC + IRENA 2024 anchor. Live promotion attempt 2026-04-29 reverted: TAIPOWER `genary.json` exposes current-unit output and instantaneous renewable percentages, not a 30-day public curtailment archive or single published curtailment rate. Held at T3 pending the archive/rate chain.",https://www.taipower.com.tw/d006/loadGraph/loadGraph/genshx_.html,docs/validation/taiwan.md
modelled_envelope_only,publish_only_in_modelled_envelope_with_tier_label_and_uncertainty,operator/regulator source elevation before floor inclusion,china-hunan-solar,CHN,solar,modelled_or_fallback,T3-modelled,0.570000,no_modelled_envelope_only,yes,modelled annual central encoded in static/typical snapshot,annual/modelled central value mapped to typical profile; not measured hourly curtailment,NEA 2024 provincial RE monitoring bulletin — solar curtailment (solar 30% of ~1.9 TWh/yr),https://www.nea.gov.cn/20251113/cc1fb0298a2944f8bd5441f67c9be9b3/c.html,docs/validation/china-hunan-solar.md
modelled_envelope_only,publish_only_in_modelled_envelope_with_tier_label_and_uncertainty,operator/regulator source elevation before floor inclusion,china-shanxi-solar,CHN,solar,modelled_or_fallback,T3-modelled,0.560000,no_modelled_envelope_only,yes,modelled annual central encoded in static/typical snapshot,annual/modelled central value mapped to typical profile; not measured hourly curtailment,NEA 2024 provincial RE monitoring bulletin — solar curtailment (solar 40% of ~1.4 TWh/yr),https://www.nea.gov.cn/20251113/cc1fb0298a2944f8bd5441f67c9be9b3/c.html,docs/validation/china-shanxi-solar.md
modelled_envelope_only,publish_only_in_modelled_envelope_with_tier_label_and_uncertainty,operator/regulator source elevation before floor inclusion,china-hubei-hydro,CHN,hydro,modelled_or_fallback,T2-annual-calibrated,0.510000,no_modelled_envelope_only,yes,modelled annual central encoded in static/typical snapshot,annual/modelled central value mapped to typical profile; not measured hourly curtailment,"NEA 2024 provincial RE monitoring bulletin — hydro curtailment (hydro 34% of ~1.5 TWh/yr, Three Gorges basin)",https://www.nea.gov.cn/20251113/cc1fb0298a2944f8bd5441f67c9be9b3/c.html,docs/validation/china-hubei-hydro.md
modelled_envelope_only,publish_only_in_modelled_envelope_with_tier_label_and_uncertainty,operator/regulator source elevation before floor inclusion,argentina,ARG,wind,modelled_or_fallback,T3-modelled,0.500000,no_modelled_envelope_only,yes,modelled annual central encoded in static/typical snapshot,annual/modelled central value mapped to typical profile; not measured hourly curtailment,CAMMESA / IRENA fallback,https://cammesaweb.cammesa.com/,docs/validation/argentina.md
modelled_envelope_only,publish_only_in_modelled_envelope_with_tier_label_and_uncertainty,operator/regulator source elevation before floor inclusion,india-karnataka,IND,solar,generation_or_feed_x_rate,T3-modelled,0.500000,no_modelled_envelope_only,yes,modelled annual central encoded in static/typical snapshot,generation/feed multiplied by citable or assumed curtailment rate; check source scope,KSLDC (Karnataka State Load Despatch Centre) — real-time dashboard and curtailment PDFs at ksldc.in. Probed successfully in April 2026 coverage audit; parser not yet implemented. Loader currently emits T3-modelled typical-shape calibrated to POSOCO South Region 2024 (~0.5 TWh/yr Karnataka solar curtailment). Will be promoted to T1a-live-tso when the parser ships.,https://ksldc.in/,docs/validation/india-karnataka.md
modelled_envelope_only,publish_only_in_modelled_envelope_with_tier_label_and_uncertainty,operator/regulator source elevation before floor inclusion,ningxia-solar,CHN,solar,modelled_or_fallback,T3-modelled,0.500000,no_modelled_envelope_only,yes,modelled annual central encoded in static/typical snapshot,annual/modelled central value mapped to typical profile; not measured hourly curtailment,NEA 2024 / Huaon-NBS generation,https://www.nea.gov.cn/20251113/cc1fb0298a2944f8bd5441f67c9be9b3/c.html,docs/validation/ningxia-solar.md
modelled_envelope_only,publish_only_in_modelled_envelope_with_tier_label_and_uncertainty,operator/regulator source elevation before floor inclusion,ningxia-wind,CHN,wind,modelled_or_fallback,T3-modelled,0.500000,no_modelled_envelope_only,yes,modelled annual central encoded in static/typical snapshot,annual/modelled central value mapped to typical profile; not measured hourly curtailment,NEA 2024 / Huaon-NBS generation,https://www.nea.gov.cn/20251113/cc1fb0298a2944f8bd5441f67c9be9b3/c.html,docs/validation/ningxia-wind.md
modelled_envelope_only,publish_only_in_modelled_envelope_with_tier_label_and_uncertainty,operator/regulator source elevation before floor inclusion,south-korea,KOR,solar,modelled_or_fallback,T3-modelled,0.500000,no_modelled_envelope_only,yes,modelled annual central encoded in static/typical snapshot,annual/modelled central value mapped to typical profile; not measured hourly curtailment,KPX fallback,https://www.kpx.or.kr/eng/,docs/validation/south-korea.md
modelled_envelope_only,publish_only_in_modelled_envelope_with_tier_label_and_uncertainty,operator/regulator source elevation before floor inclusion,kenya,KEN,hydro,generation_or_feed_x_rate,T3-modelled,0.401400,no_modelled_envelope_only,yes,modelled annual central encoded in static/typical snapshot,generation/feed multiplied by citable or assumed curtailment rate; check source scope,EPRA 2025 (geothermal overnight venting),https://www.epra.go.ke/publications/,docs/validation/kenya.md
modelled_envelope_only,publish_only_in_modelled_envelope_with_tier_label_and_uncertainty,operator/regulator source elevation before floor inclusion,china-jiangxi,CHN,solar,modelled_or_fallback,T3-modelled,0.400000,no_modelled_envelope_only,yes,modelled annual central encoded in static/typical snapshot,annual/modelled central value mapped to typical profile; not measured hourly curtailment,"NEA 2024 provincial RE monitoring bulletin — solar curtailment ~0.4 TWh/yr (99.0% PV utilisation, 25+ GW distributed solar)",https://www.nea.gov.cn/20251113/cc1fb0298a2944f8bd5441f67c9be9b3/c.html,docs/validation/china-jiangxi.md
modelled_envelope_only,publish_only_in_modelled_envelope_with_tier_label_and_uncertainty,operator/regulator source elevation before floor inclusion,india-andhra-pradesh,IND,solar,generation_or_feed_x_rate,T3-modelled,0.400000,no_modelled_envelope_only,yes,modelled annual central encoded in static/typical snapshot,generation/feed multiplied by citable or assumed curtailment rate; check source scope,APTRANSCO / APSLDC (Andhra Pradesh Transmission Corporation Ltd / State Load Despatch Centre) — RE curtailment data at apsldc.in. Geoblocked from non-Indian IP ranges; loader currently emits T3-modelled typical-shape calibrated to POSOCO Southern Region 2024 (~0.4 TWh/yr solar curtailment). Will be promoted to T1a-live-tso when the India-egress relay activates the live parse.,https://apsldc.in/,docs/validation/india-andhra-pradesh.md
modelled_envelope_only,publish_only_in_modelled_envelope_with_tier_label_and_uncertainty,operator/regulator source elevation before floor inclusion,kazakhstan,KAZ,wind,modelled_or_fallback,T3-modelled,0.400000,no_modelled_envelope_only,yes,modelled annual central encoded in static/typical snapshot,annual/modelled central value mapped to typical profile; not measured hourly curtailment,KEGOC fallback,https://www.kegoc.kz/,docs/validation/kazakhstan.md
modelled_envelope_only,publish_only_in_modelled_envelope_with_tier_label_and_uncertainty,operator/regulator source elevation before floor inclusion,morocco,MAR,mixed,modelled_or_fallback,T3-modelled,0.400000,no_modelled_envelope_only,yes,modelled annual central encoded in static/typical snapshot,annual/modelled central value mapped to typical profile; not measured hourly curtailment,ANRE 2024 (south-north transmission),http://www.anre.ma/,docs/validation/morocco.md
modelled_envelope_only,publish_only_in_modelled_envelope_with_tier_label_and_uncertainty,operator/regulator source elevation before floor inclusion,china-hubei-wind,CHN,wind,modelled_or_fallback,T3-modelled,0.390000,no_modelled_envelope_only,yes,modelled annual central encoded in static/typical snapshot,annual/modelled central value mapped to typical profile; not measured hourly curtailment,"NEA 2024 provincial RE monitoring bulletin — wind curtailment (wind 26% of ~1.5 TWh/yr, Three Gorges basin)",https://www.nea.gov.cn/20251113/cc1fb0298a2944f8bd5441f67c9be9b3/c.html,docs/validation/china-hubei-wind.md
modelled_envelope_only,publish_only_in_modelled_envelope_with_tier_label_and_uncertainty,operator/regulator source elevation before floor inclusion,china-hunan-hydro,CHN,hydro,modelled_or_fallback,T2-annual-calibrated,0.380000,no_modelled_envelope_only,yes,modelled annual central encoded in static/typical snapshot,annual/modelled central value mapped to typical profile; not measured hourly curtailment,NEA 2024 provincial RE monitoring bulletin — hydro curtailment (hydro 20% of ~1.9 TWh/yr),https://www.nea.gov.cn/20251113/cc1fb0298a2944f8bd5441f67c9be9b3/c.html,docs/validation/china-hunan-hydro.md
modelled_envelope_only,publish_only_in_modelled_envelope_with_tier_label_and_uncertainty,operator/regulator source elevation before floor inclusion,jordan,JOR,solar,modelled_or_fallback,T3-modelled,0.350000,no_modelled_envelope_only,yes,modelled annual central encoded in static/typical snapshot,annual/modelled central value mapped to typical profile; not measured hourly curtailment,NEPCO fallback,https://www.nepco.com.jo/,docs/validation/jordan.md
modelled_envelope_only,publish_only_in_modelled_envelope_with_tier_label_and_uncertainty,operator/regulator source elevation before floor inclusion,quebec,CAN,hydro,modelled_or_fallback,T3-modelled,0.324000,no_modelled_envelope_only,yes,modelled annual central encoded in static/typical snapshot,annual/modelled central value mapped to typical profile; not measured hourly curtailment,Hydro-Quebec fallback,https://www.hydroquebec.com/,docs/validation/quebec.md
modelled_envelope_only,publish_only_in_modelled_envelope_with_tier_label_and_uncertainty,operator/regulator source elevation before floor inclusion,egypt,EGY,solar,modelled_or_fallback,T3-modelled,0.300000,no_modelled_envelope_only,yes,modelled annual central encoded in static/typical snapshot,annual/modelled central value mapped to typical profile; not measured hourly curtailment,NREA / Benban frequency disconnections,https://nrea.gov.eg/,docs/validation/egypt.md
modelled_envelope_only,publish_only_in_modelled_envelope_with_tier_label_and_uncertainty,operator/regulator source elevation before floor inclusion,india-maharashtra,IND,mixed,generation_or_feed_x_rate,T3-modelled,0.300000,no_modelled_envelope_only,yes,modelled annual central encoded in static/typical snapshot,generation/feed multiplied by citable or assumed curtailment rate; check source scope,MSLDC (Maharashtra State Load Despatch Centre / MSEDCL) — RE curtailment and system data at msldc.mahavedha.com. Geoblocked from non-Indian IP ranges; loader currently emits T3-modelled typical-shape calibrated to POSOCO Western Region 2024 (~0.3 TWh/yr mixed solar+wind curtailment; Solapur solar + Satara/Dhule wind corridor). Will be promoted to T1a-live-tso when the India-egress relay activates the live parse.,https://msldc.mahavedha.com/,docs/validation/india-maharashtra.md
modelled_envelope_only,publish_only_in_modelled_envelope_with_tier_label_and_uncertainty,operator/regulator source elevation before floor inclusion,indonesia,IDN,solar,modelled_or_fallback,T3-modelled,0.300000,no_modelled_envelope_only,yes,modelled annual central encoded in static/typical snapshot,annual/modelled central value mapped to typical profile; not measured hourly curtailment,PLN fallback,https://web.pln.co.id/,docs/validation/indonesia.md
modelled_envelope_only,publish_only_in_modelled_envelope_with_tier_label_and_uncertainty,operator/regulator source elevation before floor inclusion,iran,IRN,solar,generation_or_feed_x_rate,T3-modelled,0.300000,no_modelled_envelope_only,yes,modelled annual central encoded in static/typical snapshot,generation/feed multiplied by citable or assumed curtailment rate; check source scope,TAVANIR fallback,https://www.tavanir.org.ir/,docs/validation/iran.md
modelled_envelope_only,publish_only_in_modelled_envelope_with_tier_label_and_uncertainty,operator/regulator source elevation before floor inclusion,saudi-solar,SAU,solar,generation_or_feed_x_rate,T3-modelled,0.300000,no_modelled_envelope_only,yes,modelled annual central encoded in static/typical snapshot,generation/feed multiplied by citable or assumed curtailment rate; check source scope,GASTAT 2024 (5.2% curtailment ~0.8 TWh; grid constraints vs Sudair/Sakaka/NEOM scale-up). Gemini-3.1 research wave 4 (2026-04-30).,https://www.stats.gov.sa/,docs/validation/saudi-solar.md
modelled_envelope_only,publish_only_in_modelled_envelope_with_tier_label_and_uncertainty,operator/regulator source elevation before floor inclusion,thailand,THA,solar,modelled_or_fallback,T3-modelled,0.300000,no_modelled_envelope_only,yes,modelled annual central encoded in static/typical snapshot,annual/modelled central value mapped to typical profile; not measured hourly curtailment,EGAT fallback,https://www.egat.co.th/en/,docs/validation/thailand.md
modelled_envelope_only,publish_only_in_modelled_envelope_with_tier_label_and_uncertainty,operator/regulator source elevation before floor inclusion,china-beijing,CHN,solar,modelled_or_fallback,T3-modelled,0.280000,no_modelled_envelope_only,yes,modelled annual central encoded in static/typical snapshot,annual/modelled central value mapped to typical profile; not measured hourly curtailment,NEA 2024 provincial RE monitoring bulletin — solar curtailment ~0.28 TWh/yr,https://www.nea.gov.cn/20251113/cc1fb0298a2944f8bd5441f67c9be9b3/c.html,docs/validation/china-beijing.md
modelled_envelope_only,publish_only_in_modelled_envelope_with_tier_label_and_uncertainty,operator/regulator source elevation before floor inclusion,honduras,HND,solar,modelled_or_fallback,T3-modelled,0.200000,no_modelled_envelope_only,yes,modelled annual central encoded in static/typical snapshot,annual/modelled central value mapped to typical profile; not measured hourly curtailment,ODS Honduras fallback,https://ods.org.hn/,docs/validation/honduras.md
modelled_envelope_only,publish_only_in_modelled_envelope_with_tier_label_and_uncertainty,operator/regulator source elevation before floor inclusion,india-east,IND,solar,modelled_or_fallback,T3-modelled,0.200000,no_modelled_envelope_only,yes,modelled annual central encoded in static/typical snapshot,annual/modelled central value mapped to typical profile; not measured hourly curtailment,ERLDC fallback,https://erldc.in/,docs/validation/india-east.md
modelled_envelope_only,publish_only_in_modelled_envelope_with_tier_label_and_uncertainty,operator/regulator source elevation before floor inclusion,manitoba,CAN,mixed,modelled_or_fallback,T3-modelled,0.200000,no_modelled_envelope_only,yes,modelled annual central encoded in static/typical snapshot,annual/modelled central value mapped to typical profile; not measured hourly curtailment,Manitoba Hydro fallback,https://www.hydro.mb.ca/,docs/validation/manitoba.md
modelled_envelope_only,publish_only_in_modelled_envelope_with_tier_label_and_uncertainty,operator/regulator source elevation before floor inclusion,nt-pilbara,AUS,solar,modelled_or_fallback,T3-modelled,0.200000,no_modelled_envelope_only,yes,modelled annual central encoded in static/typical snapshot,annual/modelled central value mapped to typical profile; not measured hourly curtailment,Horizon/Pilbara fallback,https://www.horizonpower.com.au/,docs/validation/nt-pilbara.md
modelled_envelope_only,publish_only_in_modelled_envelope_with_tier_label_and_uncertainty,operator/regulator source elevation before floor inclusion,uae,ARE,solar,generation_or_feed_x_rate,T3-modelled,0.200000,no_modelled_envelope_only,yes,modelled annual central encoded in static/typical snapshot,generation/feed multiplied by citable or assumed curtailment rate; check source scope,DEWA/EWEC fallback,https://www.dewa.gov.ae/,docs/validation/uae.md
modelled_envelope_only,publish_only_in_modelled_envelope_with_tier_label_and_uncertainty,operator/regulator source elevation before floor inclusion,china-tianjin,CHN,mixed,modelled_or_fallback,T3-modelled,0.160000,no_modelled_envelope_only,yes,modelled annual central encoded in static/typical snapshot,annual/modelled central value mapped to typical profile; not measured hourly curtailment,NEA 2024 provincial RE monitoring bulletin — mixed wind+solar curtailment ~0.16 TWh/yr,https://www.nea.gov.cn/20251113/cc1fb0298a2944f8bd5441f67c9be9b3/c.html,docs/validation/china-tianjin.md
modelled_envelope_only,publish_only_in_modelled_envelope_with_tier_label_and_uncertainty,operator/regulator source elevation before floor inclusion,israel,ISR,solar,modelled_or_fallback,T3-modelled,0.150000,no_modelled_envelope_only,yes,modelled annual central encoded in static/typical snapshot,annual/modelled central value mapped to typical profile; not measured hourly curtailment,Noga fallback,https://www.noga-iso.co.il/,docs/validation/israel.md
modelled_envelope_only,publish_only_in_modelled_envelope_with_tier_label_and_uncertainty,operator/regulator source elevation before floor inclusion,malaysia,MYS,solar,modelled_or_fallback,T3-modelled,0.150000,no_modelled_envelope_only,yes,modelled annual central encoded in static/typical snapshot,annual/modelled central value mapped to typical profile; not measured hourly curtailment,"IRENA Malaysia 2024 + Suruhanjaya Tenaga (ST) 2024 anchor (~0.15 TWh/yr provisional). Gemini-3.1 research wave 2026-04-29: SEDA / ST policy classifies systemic renewable curtailment as a 'rising risk' for Peninsular Malaysia but reports current operations as stable; no published annual curtailment TWh figure exists yet. Live promotion attempt reverted (GSO real-time solar feed is generation-only, not curtailment). Held at T3 pending publication of a real curtailment figure.",https://www.gso.org.my/,docs/validation/malaysia.md
modelled_envelope_only,publish_only_in_modelled_envelope_with_tier_label_and_uncertainty,operator/regulator source elevation before floor inclusion,mongolia,MNG,wind,modelled_or_fallback,T3-modelled,0.150000,no_modelled_envelope_only,yes,modelled annual central encoded in static/typical snapshot,annual/modelled central value mapped to typical profile; not measured hourly curtailment,NPTG fallback,https://nptg.mn/,docs/validation/mongolia.md
modelled_envelope_only,publish_only_in_modelled_envelope_with_tier_label_and_uncertainty,operator/regulator source elevation before floor inclusion,saskatchewan,CAN,wind,modelled_or_fallback,T3-modelled,0.150000,no_modelled_envelope_only,yes,modelled annual central encoded in static/typical snapshot,annual/modelled central value mapped to typical profile; not measured hourly curtailment,SaskPower fallback,https://www.saskpower.com/,docs/validation/saskatchewan.md
modelled_envelope_only,publish_only_in_modelled_envelope_with_tier_label_and_uncertainty,operator/regulator source elevation before floor inclusion,pakistan-solar,PAK,solar,modelled_or_fallback,T3-modelled,0.134000,no_modelled_envelope_only,yes,modelled annual central encoded in static/typical snapshot,annual/modelled central value mapped to typical profile; not measured hourly curtailment,"NEPRA State of Industry Report 2024: solar curtailment not separately quantified, held conservatively at ~10% of total. Gemini-3.1 research wave 2 (2026-04-30).",https://nepra.org.pk/publications/State%20of%20Industry%20Reports/State%20of%20Industry%20Report%202024.pdf,docs/validation/pakistan-solar.md
modelled_envelope_only,publish_only_in_modelled_envelope_with_tier_label_and_uncertainty,operator/regulator source elevation before floor inclusion,china-chongqing-hydro,CHN,hydro,modelled_or_fallback,T2-annual-calibrated,0.132000,no_modelled_envelope_only,yes,modelled annual central encoded in static/typical snapshot,annual/modelled central value mapped to typical profile; not measured hourly curtailment,"NEA 2024 provincial RE monitoring bulletin — hydro curtailment (hydro 60% of ~0.22 TWh/yr, Yangtze basin)",https://www.nea.gov.cn/20251113/cc1fb0298a2944f8bd5441f67c9be9b3/c.html,docs/validation/china-chongqing-hydro.md
modelled_envelope_only,publish_only_in_modelled_envelope_with_tier_label_and_uncertainty,operator/regulator source elevation before floor inclusion,china-guizhou-hydro,CHN,hydro,modelled_or_fallback,T2-annual-calibrated,0.125000,no_modelled_envelope_only,yes,modelled annual central encoded in static/typical snapshot,annual/modelled central value mapped to typical profile; not measured hourly curtailment,NEA 2024 provincial RE monitoring bulletin — hydro curtailment (hydro 50% of ~0.25 TWh/yr),https://www.nea.gov.cn/20251113/cc1fb0298a2944f8bd5441f67c9be9b3/c.html,docs/validation/china-guizhou-hydro.md
modelled_envelope_only,publish_only_in_modelled_envelope_with_tier_label_and_uncertainty,operator/regulator source elevation before floor inclusion,china-guizhou-solar,CHN,solar,modelled_or_fallback,T3-modelled,0.125000,no_modelled_envelope_only,yes,modelled annual central encoded in static/typical snapshot,annual/modelled central value mapped to typical profile; not measured hourly curtailment,NEA 2024 provincial RE monitoring bulletin — solar curtailment (solar 50% of ~0.25 TWh/yr),https://www.nea.gov.cn/20251113/cc1fb0298a2944f8bd5441f67c9be9b3/c.html,docs/validation/china-guizhou-solar.md
modelled_envelope_only,publish_only_in_modelled_envelope_with_tier_label_and_uncertainty,operator/regulator source elevation before floor inclusion,bangladesh,BGD,solar,modelled_or_fallback,T3-modelled,0.100000,no_modelled_envelope_only,yes,modelled annual central encoded in static/typical snapshot,annual/modelled central value mapped to typical profile; not measured hourly curtailment,BPDB fallback,https://bpdb.gov.bd/,docs/validation/bangladesh.md
modelled_envelope_only,publish_only_in_modelled_envelope_with_tier_label_and_uncertainty,operator/regulator source elevation before floor inclusion,cyprus,CYP,solar,modelled_or_fallback,T3-modelled,0.100000,no_modelled_envelope_only,yes,modelled annual central encoded in static/typical snapshot,annual/modelled central value mapped to typical profile; not measured hourly curtailment,TSOC fallback,https://tsoc.org.cy/,docs/validation/cyprus.md
modelled_envelope_only,publish_only_in_modelled_envelope_with_tier_label_and_uncertainty,operator/regulator source elevation before floor inclusion,iraq-mainland,IRQ,solar,modelled_or_fallback,T3-modelled,0.100000,no_modelled_envelope_only,yes,modelled annual central encoded in static/typical snapshot,annual/modelled central value mapped to typical profile; not measured hourly curtailment,Ministry of Electricity fallback,https://moelc.gov.iq/,docs/validation/iraq-mainland.md
modelled_envelope_only,publish_only_in_modelled_envelope_with_tier_label_and_uncertainty,operator/regulator source elevation before floor inclusion,oman,OMN,solar,modelled_or_fallback,T3-modelled,0.100000,no_modelled_envelope_only,yes,modelled annual central encoded in static/typical snapshot,annual/modelled central value mapped to typical profile; not measured hourly curtailment,OPWP fallback,https://www.omanpwp.om/,docs/validation/oman.md
modelled_envelope_only,publish_only_in_modelled_envelope_with_tier_label_and_uncertainty,operator/regulator source elevation before floor inclusion,china-chongqing-solar,CHN,solar,modelled_or_fallback,T3-modelled,0.088000,no_modelled_envelope_only,yes,modelled annual central encoded in static/typical snapshot,annual/modelled central value mapped to typical profile; not measured hourly curtailment,"NEA 2024 provincial RE monitoring bulletin — solar curtailment (solar 40% of ~0.22 TWh/yr, Yangtze basin)",https://www.nea.gov.cn/20251113/cc1fb0298a2944f8bd5441f67c9be9b3/c.html,docs/validation/china-chongqing-solar.md
modelled_envelope_only,publish_only_in_modelled_envelope_with_tier_label_and_uncertainty,operator/regulator source elevation before floor inclusion,jeju,KOR,wind,modelled_or_fallback,T3-modelled,0.050000,no_modelled_envelope_only,yes,modelled annual central encoded in static/typical snapshot,annual/modelled central value mapped to typical profile; not measured hourly curtailment,KPX Jeju fallback,https://www.kpx.or.kr/,docs/validation/jeju.md
modelled_envelope_only,publish_only_in_modelled_envelope_with_tier_label_and_uncertainty,operator/regulator source elevation before floor inclusion,kurdistan,IRQ,solar,modelled_or_fallback,T3-modelled,0.050000,no_modelled_envelope_only,yes,modelled annual central encoded in static/typical snapshot,annual/modelled central value mapped to typical profile; not measured hourly curtailment,KRG Ministry fallback,https://gov.krd/moel-en/,docs/validation/kurdistan.md
modelled_envelope_only,publish_only_in_modelled_envelope_with_tier_label_and_uncertainty,operator/regulator source elevation before floor inclusion,namibia,NAM,solar,modelled_or_fallback,T3-modelled,0.050000,no_modelled_envelope_only,yes,modelled annual central encoded in static/typical snapshot,annual/modelled central value mapped to typical profile; not measured hourly curtailment,NamPower ISB 2025,https://www.nampower.com.na/,docs/validation/namibia.md
modelled_envelope_only,publish_only_in_modelled_envelope_with_tier_label_and_uncertainty,operator/regulator source elevation before floor inclusion,china-hainan,CHN,solar,modelled_or_fallback,T3-modelled,0.010000,no_modelled_envelope_only,yes,modelled annual central encoded in static/typical snapshot,annual/modelled central value mapped to typical profile; not measured hourly curtailment,NEA 2024 provincial RE monitoring bulletin — solar curtailment ~0.01 TWh/yr (99.8% PV utilisation; near-zero),https://www.nea.gov.cn/20251113/cc1fb0298a2944f8bd5441f67c9be9b3/c.html,docs/validation/china-hainan.md
modelled_envelope_only,publish_only_in_modelled_envelope_with_tier_label_and_uncertainty,operator/regulator source elevation before floor inclusion,china-shanghai,CHN,solar,modelled_or_fallback,T3-modelled,0.010000,no_modelled_envelope_only,yes,modelled annual central encoded in static/typical snapshot,annual/modelled central value mapped to typical profile; not measured hourly curtailment,"NEA 2024 provincial RE monitoring bulletin — solar curtailment ~0.01 TWh/yr (100% PV utilisation; effectively zero, placeholder)",https://www.nea.gov.cn/20251113/cc1fb0298a2944f8bd5441f67c9be9b3/c.html,docs/validation/china-shanghai.md
phenomenon_boundary_review,exclude_from_renewable_curtailment_floor_until_boundary_is_explicit,"prove the source measures grid-dispatch renewable curtailment, not only spill",bosnia-and-herzegovina,BIH,hydro,spill_or_hydro_proxy,T1a-live-tso,,no_pending_annual_aggregation,no,needs calendar-year aggregation or source-note validation,spill/hydro proxy; not always grid-dispatch renewable curtailment,ENTSO-E JPCC (Krajina),https://transparency.entsoe.eu/,docs/validation/bosnia-and-herzegovina.md
phenomenon_boundary_review,exclude_from_renewable_curtailment_floor_until_boundary_is_explicit,"prove the source measures grid-dispatch renewable curtailment, not only spill",switzerland,CHE,solar,spill_or_hydro_proxy,T1c-live-neighbour-anchored,,no_pending_annual_aggregation,no,needs calendar-year aggregation or source-note validation,spill/hydro proxy; not always grid-dispatch renewable curtailment,ENTSO-E Swissgrid PV-only (hydro spill not in A75),https://transparency.entsoe.eu/,docs/validation/switzerland.md
proxy_needs_anchor_validation_or_demotion,publish_only_as_research_proxy_or_demote_to_modelled_envelope,source-lock the curtailment rate denominator or demote from source-derived status,alberta-solar,CAN,solar,generation_or_feed_x_rate,T1a-live-tso,,no_pending_annual_aggregation,no,needs calendar-year aggregation or source-note validation,generation/feed multiplied by citable or assumed curtailment rate; check source scope,AESO solar snapshot,http://ets.aeso.ca/ets_web/ip/Market/Reports/CSDReportServlet,docs/validation/alberta-solar.md
proxy_needs_anchor_validation_or_demotion,publish_only_as_research_proxy_or_demote_to_modelled_envelope,source-lock the curtailment rate denominator or demote from source-derived status,alberta-wind,CAN,wind,generation_or_feed_x_rate,T1a-live-tso,,no_pending_annual_aggregation,no,needs calendar-year aggregation or source-note validation,generation/feed multiplied by citable or assumed curtailment rate; check source scope,AESO wind snapshot,http://ets.aeso.ca/ets_web/ip/Market/Reports/CSDReportServlet,docs/validation/alberta-wind.md
proxy_needs_anchor_validation_or_demotion,publish_only_as_research_proxy_or_demote_to_modelled_envelope,source-lock the curtailment rate denominator or demote from source-derived status,belgium-solar,BEL,solar,generation_or_feed_x_rate,T1a-live-tso,,no_pending_annual_aggregation,no,needs calendar-year aggregation or source-note validation,generation/feed multiplied by citable or assumed curtailment rate; check source scope,Elia Open Data solar,https://opendata.elia.be/,docs/validation/belgium-solar.md
proxy_needs_anchor_validation_or_demotion,publish_only_as_research_proxy_or_demote_to_modelled_envelope,source-lock the curtailment rate denominator or demote from source-derived status,belgium-wind,BEL,wind,generation_or_feed_x_rate,T1a-live-tso,,no_pending_annual_aggregation,no,needs calendar-year aggregation or source-note validation,generation/feed multiplied by citable or assumed curtailment rate; check source scope,Elia Open Data wind,https://opendata.elia.be/,docs/validation/belgium-wind.md
proxy_needs_anchor_validation_or_demotion,publish_only_as_research_proxy_or_demote_to_modelled_envelope,source-lock the curtailment rate denominator or demote from source-derived status,bpa,,,generation_or_feed_x_rate,T1-live-TSO,,no_pending_annual_aggregation,no,needs calendar-year aggregation or source-note validation,generation/feed multiplied by citable or assumed curtailment rate; check source scope,,,
proxy_needs_anchor_validation_or_demotion,publish_only_as_research_proxy_or_demote_to_modelled_envelope,source-lock the curtailment rate denominator or demote from source-derived status,caiso,,,generation_or_feed_x_rate,T1-live-TSO,,no_pending_annual_aggregation,no,needs calendar-year aggregation or source-note validation,generation/feed multiplied by citable or assumed curtailment rate; check source scope,,,
proxy_needs_anchor_validation_or_demotion,publish_only_as_research_proxy_or_demote_to_modelled_envelope,source-lock the curtailment rate denominator or demote from source-derived status,denmark,,,generation_or_feed_x_rate,T1a-live-tso,,no_pending_annual_aggregation,no,needs calendar-year aggregation or source-note validation,generation/feed multiplied by citable or assumed curtailment rate; check source scope,,,
proxy_needs_anchor_validation_or_demotion,publish_only_as_research_proxy_or_demote_to_modelled_envelope,source-lock the curtailment rate denominator or demote from source-derived status,ercot-east,,,generation_or_feed_x_rate,T1-live-TSO,,no_pending_annual_aggregation,no,needs calendar-year aggregation or source-note validation,generation/feed multiplied by citable or assumed curtailment rate; check source scope,,,
proxy_needs_anchor_validation_or_demotion,publish_only_as_research_proxy_or_demote_to_modelled_envelope,source-lock the curtailment rate denominator or demote from source-derived status,ercot-west,,,generation_or_feed_x_rate,T1-live-TSO,,no_pending_annual_aggregation,no,needs calendar-year aggregation or source-note validation,generation/feed multiplied by citable or assumed curtailment rate; check source scope,,,
proxy_needs_anchor_validation_or_demotion,publish_only_as_research_proxy_or_demote_to_modelled_envelope,source-lock the curtailment rate denominator or demote from source-derived status,finland-wind,FIN,wind,generation_or_feed_x_rate,T1a-live-tso,,no_pending_annual_aggregation,no,needs calendar-year aggregation or source-note validation,generation/feed multiplied by citable or assumed curtailment rate; check source scope,ENTSO-E A75 FI B19 wind,https://transparency.entsoe.eu/,docs/validation/finland-wind.md
proxy_needs_anchor_validation_or_demotion,publish_only_as_research_proxy_or_demote_to_modelled_envelope,source-lock the curtailment rate denominator or demote from source-derived status,france-solar,FRA,solar,generation_or_feed_x_rate,T1a-live-tso,,no_pending_annual_aggregation,no,needs calendar-year aggregation or source-note validation,generation/feed multiplied by citable or assumed curtailment rate; check source scope,RTE eco2mix solar,https://odre.opendatasoft.com/,docs/validation/france-solar.md
proxy_needs_anchor_validation_or_demotion,publish_only_as_research_proxy_or_demote_to_modelled_envelope,source-lock the curtailment rate denominator or demote from source-derived status,france-wind,FRA,wind,generation_or_feed_x_rate,T1a-live-tso,,no_pending_annual_aggregation,no,needs calendar-year aggregation or source-note validation,generation/feed multiplied by citable or assumed curtailment rate; check source scope,RTE eco2mix wind,https://odre.opendatasoft.com/,docs/validation/france-wind.md
proxy_needs_anchor_validation_or_demotion,publish_only_as_research_proxy_or_demote_to_modelled_envelope,source-lock the curtailment rate denominator or demote from source-derived status,iso-ne,,,generation_or_feed_x_rate,T1-live-TSO,,no_pending_annual_aggregation,no,needs calendar-year aggregation or source-note validation,generation/feed multiplied by citable or assumed curtailment rate; check source scope,,,docs/validation/iso-ne.md
proxy_needs_anchor_validation_or_demotion,publish_only_as_research_proxy_or_demote_to_modelled_envelope,source-lock the curtailment rate denominator or demote from source-derived status,miso,,,generation_or_feed_x_rate,T1-live-TSO,,no_pending_annual_aggregation,no,needs calendar-year aggregation or source-note validation,generation/feed multiplied by citable or assumed curtailment rate; check source scope,,,
proxy_needs_anchor_validation_or_demotion,publish_only_as_research_proxy_or_demote_to_modelled_envelope,source-lock the curtailment rate denominator or demote from source-derived status,n-norway,,,generation_or_feed_x_rate,T1-live-TSO,,no_pending_annual_aggregation,no,needs calendar-year aggregation or source-note validation,generation/feed multiplied by citable or assumed curtailment rate; check source scope,,,
proxy_needs_anchor_validation_or_demotion,publish_only_as_research_proxy_or_demote_to_modelled_envelope,source-lock the curtailment rate denominator or demote from source-derived status,new-zealand,,,generation_or_feed_x_rate,T1-live-TSO,,no_pending_annual_aggregation,no,needs calendar-year aggregation or source-note validation,generation/feed multiplied by citable or assumed curtailment rate; check source scope,,,
proxy_needs_anchor_validation_or_demotion,publish_only_as_research_proxy_or_demote_to_modelled_envelope,source-lock the curtailment rate denominator or demote from source-derived status,north-sea-solar,,,generation_or_feed_x_rate,T1a-live-tso,,no_pending_annual_aggregation,no,needs calendar-year aggregation or source-note validation,generation/feed multiplied by citable or assumed curtailment rate; check source scope,,,
proxy_needs_anchor_validation_or_demotion,publish_only_as_research_proxy_or_demote_to_modelled_envelope,source-lock the curtailment rate denominator or demote from source-derived status,north-sea-wind,,,generation_or_feed_x_rate,T1a-live-tso,,no_pending_annual_aggregation,no,needs calendar-year aggregation or source-note validation,generation/feed multiplied by citable or assumed curtailment rate; check source scope,,,
proxy_needs_anchor_validation_or_demotion,publish_only_as_research_proxy_or_demote_to_modelled_envelope,source-lock the curtailment rate denominator or demote from source-derived status,nyiso,,,generation_or_feed_x_rate,T1-live-TSO,,no_pending_annual_aggregation,no,needs calendar-year aggregation or source-note validation,generation/feed multiplied by citable or assumed curtailment rate; check source scope,,,docs/validation/nyiso.md
proxy_needs_anchor_validation_or_demotion,publish_only_as_research_proxy_or_demote_to_modelled_envelope,source-lock the curtailment rate denominator or demote from source-derived status,ontario-solar,CAN,solar,generation_or_feed_x_rate,T1a-live-tso,,no_pending_annual_aggregation,no,needs calendar-year aggregation or source-note validation,generation/feed multiplied by citable or assumed curtailment rate; check source scope,IESO solar generation capability,https://reports-public.ieso.ca/public/GenOutputCapability/,docs/validation/ontario-solar.md
proxy_needs_anchor_validation_or_demotion,publish_only_as_research_proxy_or_demote_to_modelled_envelope,source-lock the curtailment rate denominator or demote from source-derived status,ontario-wind,CAN,wind,generation_or_feed_x_rate,T1a-live-tso,,no_pending_annual_aggregation,no,needs calendar-year aggregation or source-note validation,generation/feed multiplied by citable or assumed curtailment rate; check source scope,IESO wind generation capability,https://reports-public.ieso.ca/public/GenOutputCapability/,docs/validation/ontario-wind.md
proxy_needs_anchor_validation_or_demotion,publish_only_as_research_proxy_or_demote_to_modelled_envelope,source-lock the curtailment rate denominator or demote from source-derived status,pjm,,,generation_or_feed_x_rate,T1-live-TSO,,no_pending_annual_aggregation,no,needs calendar-year aggregation or source-note validation,generation/feed multiplied by citable or assumed curtailment rate; check source scope,,,
proxy_needs_anchor_validation_or_demotion,publish_only_as_research_proxy_or_demote_to_modelled_envelope,source-lock the curtailment rate denominator or demote from source-derived status,south-africa-solar,ZAF,solar,generation_or_feed_x_rate,T1a-live-tso,,no_pending_annual_aggregation,no,needs calendar-year aggregation or source-note validation,generation/feed multiplied by citable or assumed curtailment rate; check source scope,Eskom Data Portal total hourly renewable generation (PV+CSP columns × 12% curtailment),https://www.eskom.co.za/dataportal/renewables-performance/total-hourly-renewable-generation/,docs/validation/south-africa-solar.md
proxy_needs_anchor_validation_or_demotion,publish_only_as_research_proxy_or_demote_to_modelled_envelope,source-lock the curtailment rate denominator or demote from source-derived status,south-africa-wind,ZAF,wind,generation_or_feed_x_rate,T1a-live-tso,,no_pending_annual_aggregation,no,needs calendar-year aggregation or source-note validation,generation/feed multiplied by citable or assumed curtailment rate; check source scope,Eskom Data Portal total hourly renewable generation (Wind column × 12% curtailment),https://www.eskom.co.za/dataportal/renewables-performance/total-hourly-renewable-generation/,docs/validation/south-africa-wind.md
proxy_needs_anchor_validation_or_demotion,publish_only_as_research_proxy_or_demote_to_modelled_envelope,source-lock the curtailment rate denominator or demote from source-derived status,spp,,,generation_or_feed_x_rate,T1-live-TSO,,no_pending_annual_aggregation,no,needs calendar-year aggregation or source-note validation,generation/feed multiplied by citable or assumed curtailment rate; check source scope,,,
proxy_needs_anchor_validation_or_demotion,publish_only_as_research_proxy_or_demote_to_modelled_envelope,source-lock the curtailment rate denominator or demote from source-derived status,sweden-north,SWE,wind,generation_or_feed_x_rate,T1a-live-tso,,no_pending_annual_aggregation,no,needs calendar-year aggregation or source-note validation,generation/feed multiplied by citable or assumed curtailment rate; check source scope,ENTSO-E,https://transparency.entsoe.eu/,docs/validation/sweden-north.md
source_derived_research_candidate,do_not_include_in_source_verified_floor_until_manual_validation,manual source/year/definition validation and validation-doc signoff,spain-wind,ESP,wind,live_operator_feed,T1a-live-tso,6.800000,candidate_after_manual_validation,no,source-note annual hint; manual validation required,,ENTSO-E REE wind,https://transparency.entsoe.eu/,docs/validation/spain-wind.md
source_derived_research_candidate,do_not_include_in_source_verified_floor_until_manual_validation,manual source/year/definition validation and validation-doc signoff,japan-kyushu,JPN,solar,generation_or_feed_x_rate,T1a-live-tso,1.700000,candidate_after_manual_validation,no,source-note annual hint; manual validation required,generation/feed multiplied by citable or assumed curtailment rate; check source scope,Kyushu Electric area-demand CSV (5-min solar) × 10% calibrated curtailment (OCCTO FY2024 Kyushu anchor: ~1.7 TWh/yr),https://www.kyuden.co.jp/td_power_usages/pc.html,docs/validation/japan-kyushu.md
source_derived_research_candidate,do_not_include_in_source_verified_floor_until_manual_validation,manual source/year/definition validation and validation-doc signoff,germany-solar,DEU,solar,live_operator_feed,T1a-live-tso,1.390000,candidate_after_manual_validation,no,source-note annual hint; manual validation required,,ENTSO-E BNetzA/SMARD solar,https://transparency.entsoe.eu/,docs/validation/germany-solar.md
source_derived_research_candidate,do_not_include_in_source_verified_floor_until_manual_validation,manual source/year/definition validation and validation-doc signoff,peru-hydro,PER,hydro,generation_or_feed_x_rate,T1a-live-tso,0.800000,candidate_after_manual_validation,no,source-note annual hint; manual validation required,generation/feed multiplied by citable or assumed curtailment rate; check source scope,COES-SINAC live hydro generation × 2% curtailment calibration (vertimiento anchor ~0.8 TWh/yr),https://www.coes.org.pe/Portal/portalinformacion/generacion,docs/validation/peru-hydro.md
source_derived_research_candidate,do_not_include_in_source_verified_floor_until_manual_validation,manual source/year/definition validation and validation-doc signoff,peru-solar,PER,solar,generation_or_feed_x_rate,T1a-live-tso,0.800000,candidate_after_manual_validation,no,source-note annual hint; manual validation required,generation/feed multiplied by citable or assumed curtailment rate; check source scope,COES-SINAC live solar generation × 2% curtailment calibration (vertimiento anchor ~0.8 TWh/yr),https://www.coes.org.pe/Portal/portalinformacion/generacion,docs/validation/peru-solar.md
source_derived_research_candidate,do_not_include_in_source_verified_floor_until_manual_validation,manual source/year/definition validation and validation-doc signoff,peru-wind,PER,wind,generation_or_feed_x_rate,T1a-live-tso,0.800000,candidate_after_manual_validation,no,source-note annual hint; manual validation required,generation/feed multiplied by citable or assumed curtailment rate; check source scope,COES-SINAC live wind generation × 2% curtailment calibration (vertimiento anchor ~0.8 TWh/yr),https://www.coes.org.pe/Portal/portalinformacion/generacion,docs/validation/peru-wind.md
source_derived_research_candidate,do_not_include_in_source_verified_floor_until_manual_validation,manual source/year/definition validation and validation-doc signoff,turkey-solar,TUR,solar,generation_or_feed_x_rate,T1a-live-tso,0.500000,candidate_after_manual_validation,no,source-note annual hint; manual validation required,generation/feed multiplied by citable or assumed curtailment rate; check source scope,EPIAS Transparency dashboard solar,https://seffaflik.epias.com.tr/electricity-service/v1/dashboard/realtime-generation,docs/validation/turkey-solar.md
source_derived_research_candidate,do_not_include_in_source_verified_floor_until_manual_validation,manual source/year/definition validation and validation-doc signoff,turkey-wind,TUR,wind,generation_or_feed_x_rate,T1a-live-tso,0.500000,candidate_after_manual_validation,no,source-note annual hint; manual validation required,generation/feed multiplied by citable or assumed curtailment rate; check source scope,EPIAS Transparency dashboard wind,https://seffaflik.epias.com.tr/electricity-service/v1/dashboard/realtime-generation,docs/validation/turkey-wind.md
source_derived_research_candidate,do_not_include_in_source_verified_floor_until_manual_validation,manual source/year/definition validation and validation-doc signoff,japan-chugoku,JPN,solar,generation_or_feed_x_rate,T1a-live-tso,0.400000,candidate_after_manual_validation,no,source-note annual hint; manual validation required,generation/feed multiplied by citable or assumed curtailment rate; check source scope,Chugoku Electric juyo CSV (5-min solar) × 6% calibrated curtailment (OCCTO FY2024 Chugoku anchor: ~0.40 TWh/yr),https://www.energia.co.jp/nw/jukyuu/sys/,docs/validation/japan-chugoku.md
source_derived_research_candidate,do_not_include_in_source_verified_floor_until_manual_validation,manual source/year/definition validation and validation-doc signoff,wa-swis-solar,AUS,solar,generation_or_feed_x_rate,T1a-live-tso,0.400000,candidate_after_manual_validation,no,source-note annual hint; manual validation required,generation/feed multiplied by citable or assumed curtailment rate; check source scope,AEMO WEM Facility SCADA (solar DUIDs),https://data.wa.aemo.com.au/,docs/validation/wa-swis-solar.md
source_derived_research_candidate,do_not_include_in_source_verified_floor_until_manual_validation,manual source/year/definition validation and validation-doc signoff,wa-swis-wind,AUS,wind,generation_or_feed_x_rate,T1a-live-tso,0.400000,candidate_after_manual_validation,no,source-note annual hint; manual validation required,generation/feed multiplied by citable or assumed curtailment rate; check source scope,AEMO WEM Facility SCADA (wind DUIDs),https://data.wa.aemo.com.au/,docs/validation/wa-swis-wind.md
source_derived_research_candidate,do_not_include_in_source_verified_floor_until_manual_validation,manual source/year/definition validation and validation-doc signoff,japan-shikoku,JPN,solar,generation_or_feed_x_rate,T1a-live-tso,0.300000,candidate_after_manual_validation,no,source-note annual hint; manual validation required,generation/feed multiplied by citable or assumed curtailment rate; check source scope,Shikoku Electric T&D juyo CSV × 7% calibrated curtailment (OCCTO FY2024 Shikoku anchor: ~0.30 TWh/yr),https://www.yonden.co.jp/nw/,docs/validation/japan-shikoku.md
source_derived_research_candidate,do_not_include_in_source_verified_floor_until_manual_validation,manual source/year/definition validation and validation-doc signoff,japan-hokkaido,JPN,solar,generation_or_feed_x_rate,T1a-live-tso,0.100000,candidate_after_manual_validation,no,source-note annual hint; manual validation required,generation/feed multiplied by citable or assumed curtailment rate; check source scope,Hokkaido Electric juyo CSV (5-min solar) × 5% calibrated curtailment (OCCTO FY2024 Hokkaido anchor: ~0.10 TWh/yr),https://denkiyoho.hepco.co.jp/,docs/validation/japan-hokkaido.md
source_derived_research_candidate,do_not_include_in_source_verified_floor_until_manual_validation,manual source/year/definition validation and validation-doc signoff,portugal-wind,PRT,wind,live_operator_feed,T1a-live-tso,0.100000,candidate_after_manual_validation,no,source-note annual hint; manual validation required,,ENTSO-E REN wind,https://transparency.entsoe.eu/,docs/validation/portugal-wind.md
source_derived_research_candidate,do_not_include_in_source_verified_floor_until_manual_validation,manual source/year/definition validation and validation-doc signoff,japan-chubu,JPN,solar,generation_or_feed_x_rate,T1a-live-tso,0.050000,candidate_after_manual_validation,no,source-note annual hint; manual validation required,generation/feed multiplied by citable or assumed curtailment rate; check source scope,Chubu Electric Power Grid juyo CSV × 1% calibrated curtailment (OCCTO FY2024 Chubu anchor: ~0.05 TWh/yr),https://denki-yoho.chuden.jp/,docs/validation/japan-chubu.md
source_derived_research_candidate,do_not_include_in_source_verified_floor_until_manual_validation,manual source/year/definition validation and validation-doc signoff,japan-kansai,JPN,solar,generation_or_feed_x_rate,T1a-live-tso,0.050000,candidate_after_manual_validation,no,source-note annual hint; manual validation required,generation/feed multiplied by citable or assumed curtailment rate; check source scope,"Kansai Electric T&D juyo CSV (5-min solar, live) × 1% calibrated curtailment (OCCTO FY2024 Kansai anchor: ~0.05 TWh/yr)",https://www.kansai-td.co.jp/,docs/validation/japan-kansai.md
source_derived_research_candidate,do_not_include_in_source_verified_floor_until_manual_validation,manual source/year/definition validation and validation-doc signoff,japan-tepco,JPN,solar,generation_or_feed_x_rate,T1a-live-tso,0.050000,candidate_after_manual_validation,no,source-note annual hint; manual validation required,generation/feed multiplied by citable or assumed curtailment rate; check source scope,TEPCO Power Grid juyo CSV × 1% calibrated curtailment (OCCTO FY2024 TEPCO anchor: ~0.05 TWh/yr),https://www.tepco.co.jp/forecast/,docs/validation/japan-tepco.md
source_derived_research_candidate,do_not_include_in_source_verified_floor_until_manual_validation,manual source/year/definition validation and validation-doc signoff,japan-okinawa,JPN,solar,generation_or_feed_x_rate,T1a-live-tso,0.040000,candidate_after_manual_validation,no,source-note annual hint; manual validation required,generation/feed multiplied by citable or assumed curtailment rate; check source scope,Okinawa Electric juyo CSV × 2% calibrated curtailment (OCCTO FY2024 Okinawa anchor: ~0.04 TWh/yr),https://www.okiden.co.jp/,docs/validation/japan-okinawa.md
source_derived_research_candidate,do_not_include_in_source_verified_floor_until_manual_validation,manual source/year/definition validation and validation-doc signoff,japan-hokuriku,JPN,solar,generation_or_feed_x_rate,T1a-live-tso,0.020000,candidate_after_manual_validation,no,source-note annual hint; manual validation required,generation/feed multiplied by citable or assumed curtailment rate; check source scope,Hokuriku Electric juyo CSV (5-min solar) × 1% calibrated curtailment (OCCTO FY2024 Hokuriku anchor: ~0.02 TWh/yr),https://www.rikuden.co.jp/nw/denki-yoho/,docs/validation/japan-hokuriku.md
source_derived_research_candidate,hold_until_relay_provenance_is_accepted,human review of relay provenance and source reproducibility,colombia,COL,hydro,domestic_direct_with_relay,T1b-live-domestic-anchored,,hold_for_human_review_colombia_relay,no,ambiguous source-note annual hint; manual extraction required,,"XM SinerGox API (servapibi.xm.com.co/daily, POST MetricId=VertEner Entity=Sistema) — direct live path tried first; committed CSV relay fallback if geoblocked. Trailing-365-day annualised total. 5-yr baseline 7.53 TWh/yr (range 0.53–13.12 TWh/yr ENSO-driven). Bimodal hydro-seasonal shape (Apr–Jun + Oct–Nov peaks). T1b, ±50% envelope.",https://servapibi.xm.com.co/daily,docs/validation/colombia.md
source_verified_annual_floor,publish_as_conservative_measured_annual_floor,maintain reproducible source script and validation doc,brazil-rn-wind,BRA,wind,direct_constrained_off,T1a-live-tso,10.874453,yes_source_verified_annual_floor,no,source-verified annual floor 2025,"sum(max(val_geracaoreferencia - val_geracao, 0) * 0.5h) over half-hours where val_geracaolimitada is non-null (ONS GNRa definition; val_geracaonaorealizadaapurada read directly where the file carries it)",ONS Brazil wind constrained-off *_tm open data,https://ons-aws-prod-opendata.s3.amazonaws.com/dataset/,docs/validation/brazil-ons-annual-floor-2025.md
source_verified_annual_floor,publish_as_conservative_measured_annual_floor,maintain reproducible source script and validation doc,brazil-bahia-wind,BRA,wind,direct_constrained_off,T1a-live-tso,8.994849,yes_source_verified_annual_floor,no,source-verified annual floor 2025,"sum(max(val_geracaoreferencia - val_geracao, 0) * 0.5h) over half-hours where val_geracaolimitada is non-null (ONS GNRa definition; val_geracaonaorealizadaapurada read directly where the file carries it)",ONS Brazil wind constrained-off *_tm open data,https://ons-aws-prod-opendata.s3.amazonaws.com/dataset/,docs/validation/brazil-ons-annual-floor-2025.md
source_verified_annual_floor,publish_as_conservative_measured_annual_floor,maintain reproducible source script and validation doc,brazil-mg-solar,BRA,solar,direct_constrained_off,T1a-live-tso,5.001589,yes_source_verified_annual_floor,no,source-verified annual floor 2025,"sum(max(val_geracaoreferencia - val_geracao, 0) * 0.5h) over half-hours where val_geracaolimitada is non-null (ONS GNRa definition; val_geracaonaorealizadaapurada read directly where the file carries it)",ONS Brazil solar constrained-off *_tm open data,https://ons-aws-prod-opendata.s3.amazonaws.com/dataset/,docs/validation/brazil-ons-annual-floor-2025.md
source_verified_annual_floor,publish_as_conservative_measured_annual_floor,maintain reproducible source script and validation doc,chile-sen-solar,CHL,solar,direct_operator_workbook,source-verified-floor,4.405403579109605,yes_source_verified_annual_floor,no,source-verified annual floor 2025,sum(plant-level hourly MWh reductions from the relevant CEN wind/solar reduction sheet),Coordinador Electrico Nacional Chile monthly renewable generation reduction workbooks,https://www.coordinador.cl/operacion/documentos/reducciones-de-generacion-renovable/,docs/validation/chile-cen-annual-floor-2025.md
source_verified_annual_floor,publish_as_conservative_measured_annual_floor,maintain reproducible source script and validation doc,brazil-ce-wind,BRA,wind,direct_constrained_off,T1a-live-tso,2.461756,yes_source_verified_annual_floor,no,source-verified annual floor 2025,"sum(max(val_geracaoreferencia - val_geracao, 0) * 0.5h) over half-hours where val_geracaolimitada is non-null (ONS GNRa definition; val_geracaonaorealizadaapurada read directly where the file carries it)",ONS Brazil wind constrained-off *_tm open data,https://ons-aws-prod-opendata.s3.amazonaws.com/dataset/,docs/validation/brazil-ons-annual-floor-2025.md
source_verified_annual_floor,publish_as_conservative_measured_annual_floor,maintain reproducible source script and validation doc,brazil-piaui-wind,BRA,wind,direct_constrained_off,T1a-live-tso,2.388169,yes_source_verified_annual_floor,no,source-verified annual floor 2025,"sum(max(val_geracaoreferencia - val_geracao, 0) * 0.5h) over half-hours where val_geracaolimitada is non-null (ONS GNRa definition; val_geracaonaorealizadaapurada read directly where the file carries it)",ONS Brazil wind constrained-off *_tm open data,https://ons-aws-prod-opendata.s3.amazonaws.com/dataset/,docs/validation/brazil-ons-annual-floor-2025.md
source_verified_annual_floor,publish_as_conservative_measured_annual_floor,maintain reproducible source script and validation doc,brazil-bahia-solar,BRA,solar,direct_constrained_off,T1a-live-tso,1.889779,yes_source_verified_annual_floor,no,source-verified annual floor 2025,"sum(max(val_geracaoreferencia - val_geracao, 0) * 0.5h) over half-hours where val_geracaolimitada is non-null (ONS GNRa definition; val_geracaonaorealizadaapurada read directly where the file carries it)",ONS Brazil solar constrained-off *_tm open data,https://ons-aws-prod-opendata.s3.amazonaws.com/dataset/,docs/validation/brazil-ons-annual-floor-2025.md
source_verified_annual_floor,publish_as_conservative_measured_annual_floor,maintain reproducible source script and validation doc,chile-wind,CHL,wind,direct_operator_workbook,T1a-live-tso,1.6198148394071927,yes_source_verified_annual_floor,no,source-verified annual floor 2025,sum(plant-level hourly MWh reductions from the relevant CEN wind/solar reduction sheet),Coordinador Electrico Nacional Chile monthly renewable generation reduction workbooks,https://www.coordinador.cl/operacion/documentos/reducciones-de-generacion-renovable/,docs/validation/chile-cen-annual-floor-2025.md
source_verified_annual_floor,publish_as_conservative_measured_annual_floor,maintain reproducible source script and validation doc,brazil-piaui-solar,BRA,solar,direct_constrained_off,T1a-live-tso,1.283347,yes_source_verified_annual_floor,no,source-verified annual floor 2025,"sum(max(val_geracaoreferencia - val_geracao, 0) * 0.5h) over half-hours where val_geracaolimitada is non-null (ONS GNRa definition; val_geracaonaorealizadaapurada read directly where the file carries it)",ONS Brazil solar constrained-off *_tm open data,https://ons-aws-prod-opendata.s3.amazonaws.com/dataset/,docs/validation/brazil-ons-annual-floor-2025.md
source_verified_annual_floor,publish_as_conservative_measured_annual_floor,maintain reproducible source script and validation doc,brazil-rn-solar,BRA,solar,direct_constrained_off,T1a-live-tso,0.876713,yes_source_verified_annual_floor,no,source-verified annual floor 2025,"sum(max(val_geracaoreferencia - val_geracao, 0) * 0.5h) over half-hours where val_geracaolimitada is non-null (ONS GNRa definition; val_geracaonaorealizadaapurada read directly where the file carries it)",ONS Brazil solar constrained-off *_tm open data,https://ons-aws-prod-opendata.s3.amazonaws.com/dataset/,docs/validation/brazil-ons-annual-floor-2025.md
source_verified_annual_floor,publish_as_conservative_measured_annual_floor,maintain reproducible source script and validation doc,brazil-ce-solar,BRA,solar,direct_constrained_off,T1a-live-tso,0.726585,yes_source_verified_annual_floor,no,source-verified annual floor 2025,"sum(max(val_geracaoreferencia - val_geracao, 0) * 0.5h) over half-hours where val_geracaolimitada is non-null (ONS GNRa definition; val_geracaonaorealizadaapurada read directly where the file carries it)",ONS Brazil solar constrained-off *_tm open data,https://ons-aws-prod-opendata.s3.amazonaws.com/dataset/,docs/validation/brazil-ons-annual-floor-2025.md
source_verified_annual_floor,publish_as_conservative_measured_annual_floor,maintain reproducible source script and validation doc,brazil-pernambuco-solar,BRA,solar,direct_constrained_off,T1a-live-tso,0.699196,yes_source_verified_annual_floor,no,source-verified annual floor 2025,"sum(max(val_geracaoreferencia - val_geracao, 0) * 0.5h) over half-hours where val_geracaolimitada is non-null (ONS GNRa definition; val_geracaonaorealizadaapurada read directly where the file carries it)",ONS Brazil solar constrained-off *_tm open data,https://ons-aws-prod-opendata.s3.amazonaws.com/dataset/,docs/validation/brazil-ons-annual-floor-2025.md
source_verified_annual_floor,publish_as_conservative_measured_annual_floor,maintain reproducible source script and validation doc,brazil-paraiba-wind,BRA,wind,direct_constrained_off,T1a-live-tso,0.518677,yes_source_verified_annual_floor,no,source-verified annual floor 2025,"sum(max(val_geracaoreferencia - val_geracao, 0) * 0.5h) over half-hours where val_geracaolimitada is non-null (ONS GNRa definition; val_geracaonaorealizadaapurada read directly where the file carries it)",ONS Brazil wind constrained-off *_tm open data,https://ons-aws-prod-opendata.s3.amazonaws.com/dataset/,docs/validation/brazil-ons-annual-floor-2025.md
source_verified_annual_floor,publish_as_conservative_measured_annual_floor,maintain reproducible source script and validation doc,brazil-pernambuco-wind,BRA,wind,direct_constrained_off,T1a-live-tso,0.477068,yes_source_verified_annual_floor,no,source-verified annual floor 2025,"sum(max(val_geracaoreferencia - val_geracao, 0) * 0.5h) over half-hours where val_geracaolimitada is non-null (ONS GNRa definition; val_geracaonaorealizadaapurada read directly where the file carries it)",ONS Brazil wind constrained-off *_tm open data,https://ons-aws-prod-opendata.s3.amazonaws.com/dataset/,docs/validation/brazil-ons-annual-floor-2025.md
source_verified_annual_floor,publish_as_conservative_measured_annual_floor,maintain reproducible source script and validation doc,brazil-sp-solar,BRA,solar,direct_constrained_off,T1a-live-tso,0.316455,yes_source_verified_annual_floor,no,source-verified annual floor 2025,"sum(max(val_geracaoreferencia - val_geracao, 0) * 0.5h) over half-hours where val_geracaolimitada is non-null (ONS GNRa definition; val_geracaonaorealizadaapurada read directly where the file carries it)",ONS Brazil solar constrained-off *_tm open data,https://ons-aws-prod-opendata.s3.amazonaws.com/dataset/,docs/validation/brazil-ons-annual-floor-2025.md
source_verified_annual_floor,publish_as_conservative_measured_annual_floor,maintain reproducible source script and validation doc,brazil-rs-wind,BRA,wind,direct_constrained_off,T1a-live-tso,0.2737,yes_source_verified_annual_floor,no,source-verified annual floor 2025,"sum(max(val_geracaoreferencia - val_geracao, 0) * 0.5h) over half-hours where val_geracaolimitada is non-null (ONS GNRa definition; val_geracaonaorealizadaapurada read directly where the file carries it)",ONS Brazil wind constrained-off *_tm open data,https://ons-aws-prod-opendata.s3.amazonaws.com/dataset/,docs/validation/brazil-ons-annual-floor-2025.md
source_verified_annual_floor,publish_as_conservative_measured_annual_floor,maintain reproducible source script and validation doc,brazil-paraiba-solar,BRA,solar,direct_constrained_off,T1a-live-tso,0.204357,yes_source_verified_annual_floor,no,source-verified annual floor 2025,"sum(max(val_geracaoreferencia - val_geracao, 0) * 0.5h) over half-hours where val_geracaolimitada is non-null (ONS GNRa definition; val_geracaonaorealizadaapurada read directly where the file carries it)",ONS Brazil solar constrained-off *_tm open data,https://ons-aws-prod-opendata.s3.amazonaws.com/dataset/,docs/validation/brazil-ons-annual-floor-2025.md
source_verified_annual_floor,publish_as_conservative_measured_annual_floor,maintain reproducible source script and validation doc,brazil-maranhao-wind,BRA,wind,direct_constrained_off,T1a-live-tso,0.194583,yes_source_verified_annual_floor,no,source-verified annual floor 2025,"sum(max(val_geracaoreferencia - val_geracao, 0) * 0.5h) over half-hours where val_geracaolimitada is non-null (ONS GNRa definition; val_geracaonaorealizadaapurada read directly where the file carries it)",ONS Brazil wind constrained-off *_tm open data,https://ons-aws-prod-opendata.s3.amazonaws.com/dataset/,docs/validation/brazil-ons-annual-floor-2025.md
