region_id,name,country,kind,region_tier,confidence_tier,bucket,source_type,published_annual_twh,annual_low_twh,annual_high_twh,annual_value_basis,published_year,include_in_source_verified_floor,include_in_modelled_envelope,manual_review_required,definition_notes,source,source_url,source_note,snapshot_file,validation_doc
aemo-nsw-solar,New South Wales Solar,AUS,solar,live,T1a-live-tso,T1a,direct_constrained_off,,,,needs calendar-year aggregation or source-note validation,2026,no_pending_annual_aggregation,no,no,direct operator constrained-off/restriction measurement; annual aggregation still required where annual TWh is blank,AEMO NEMWeb solar SEMIDISPATCHCAP,https://nemweb.com.au/Reports/Current/Next_Day_Dispatch/,NEMWEB SEMIDISPATCHCAP direct solar curtailment (NSW),aemo.json,docs/validation/aemo-nsw-solar.md
aemo-nsw-wind,New South Wales Wind,AUS,wind,live,T1a-live-tso,T1a,direct_constrained_off,,,,needs calendar-year aggregation or source-note validation,2026,no_pending_annual_aggregation,no,no,direct operator constrained-off/restriction measurement; annual aggregation still required where annual TWh is blank,AEMO NEMWeb wind SEMIDISPATCHCAP,https://nemweb.com.au/Reports/Current/Next_Day_Dispatch/,NEMWEB SEMIDISPATCHCAP direct wind curtailment (NSW),aemo.json,docs/validation/aemo-nsw-wind.md
aemo-qld-solar,Queensland Solar,AUS,solar,live,T1a-live-tso,T1a,direct_constrained_off,,,,needs calendar-year aggregation or source-note validation,2026,no_pending_annual_aggregation,no,no,direct operator constrained-off/restriction measurement; annual aggregation still required where annual TWh is blank,AEMO NEMWeb solar SEMIDISPATCHCAP,https://nemweb.com.au/Reports/Current/Next_Day_Dispatch/,NEMWEB SEMIDISPATCHCAP direct solar curtailment (QLD),aemo.json,docs/validation/aemo-qld-solar.md
aemo-qld-wind,Queensland Wind,AUS,wind,live,T1a-live-tso,T1a,direct_constrained_off,,,,needs calendar-year aggregation or source-note validation,2026,no_pending_annual_aggregation,no,no,direct operator constrained-off/restriction measurement; annual aggregation still required where annual TWh is blank,AEMO NEMWeb wind SEMIDISPATCHCAP,https://nemweb.com.au/Reports/Current/Next_Day_Dispatch/,NEMWEB SEMIDISPATCHCAP direct wind curtailment (QLD),aemo.json,docs/validation/aemo-qld-wind.md
aemo-sa-solar,South Australia Solar,AUS,solar,live,T1a-live-tso,T1a,direct_constrained_off,,,,needs calendar-year aggregation or source-note validation,2026,no_pending_annual_aggregation,no,no,direct operator constrained-off/restriction measurement; annual aggregation still required where annual TWh is blank,AEMO NEMWeb solar SEMIDISPATCHCAP,https://nemweb.com.au/Reports/Current/Next_Day_Dispatch/,NEMWEB SEMIDISPATCHCAP direct solar curtailment (SA),aemo.json,docs/validation/aemo-sa-solar.md
aemo-sa-wind,South Australia Wind,AUS,wind,live,T1a-live-tso,T1a,direct_constrained_off,,,,needs calendar-year aggregation or source-note validation,2026,no_pending_annual_aggregation,no,no,direct operator constrained-off/restriction measurement; annual aggregation still required where annual TWh is blank,AEMO NEMWeb wind SEMIDISPATCHCAP,https://nemweb.com.au/Reports/Current/Next_Day_Dispatch/,NEMWEB SEMIDISPATCHCAP direct wind curtailment (SA),aemo.json,docs/validation/aemo-sa-wind.md
aemo-tas-solar,Tasmania Solar,AUS,solar,live,T1a-live-tso,T1a,direct_constrained_off,,,,needs calendar-year aggregation or source-note validation,2026,no_pending_annual_aggregation,no,no,direct operator constrained-off/restriction measurement; annual aggregation still required where annual TWh is blank,AEMO NEMWeb solar SEMIDISPATCHCAP,https://nemweb.com.au/Reports/Current/Next_Day_Dispatch/,NEMWEB SEMIDISPATCHCAP direct solar curtailment (TAS),aemo.json,docs/validation/aemo-tas-solar.md
aemo-tas-wind,Tasmania Wind,AUS,wind,live,T1a-live-tso,T1a,direct_constrained_off,,,,needs calendar-year aggregation or source-note validation,2026,no_pending_annual_aggregation,no,no,direct operator constrained-off/restriction measurement; annual aggregation still required where annual TWh is blank,AEMO NEMWeb wind SEMIDISPATCHCAP,https://nemweb.com.au/Reports/Current/Next_Day_Dispatch/,NEMWEB SEMIDISPATCHCAP direct wind curtailment (TAS),aemo.json,docs/validation/aemo-tas-wind.md
aemo-vic-solar,Victoria Solar,AUS,solar,live,T1a-live-tso,T1a,direct_constrained_off,,,,needs calendar-year aggregation or source-note validation,2026,no_pending_annual_aggregation,no,no,direct operator constrained-off/restriction measurement; annual aggregation still required where annual TWh is blank,AEMO NEMWeb solar SEMIDISPATCHCAP,https://nemweb.com.au/Reports/Current/Next_Day_Dispatch/,NEMWEB SEMIDISPATCHCAP direct solar curtailment (VIC),aemo.json,docs/validation/aemo-vic-solar.md
aemo-vic-wind,Victoria Wind,AUS,wind,live,T1a-live-tso,T1a,direct_constrained_off,,,,needs calendar-year aggregation or source-note validation,2026,no_pending_annual_aggregation,no,no,direct operator constrained-off/restriction measurement; annual aggregation still required where annual TWh is blank,AEMO NEMWeb wind SEMIDISPATCHCAP,https://nemweb.com.au/Reports/Current/Next_Day_Dispatch/,NEMWEB SEMIDISPATCHCAP direct wind curtailment (VIC),aemo.json,docs/validation/aemo-vic-wind.md
afghanistan,Afghanistan,AFG,solar,static,,unknown,no_emitted_snapshot,,,,no emitted snapshot row,2025,no_missing_snapshot,no,no,,IRENA RCS 2025 / DABS (~150 MW solar capacity),https://www.irena.org/Data/Downloads/IRENASTAT,,,docs/validation/afghanistan.md
albania,Albania,ALB,solar,static,,unknown,no_emitted_snapshot,,,,no emitted snapshot row,2024,no_missing_snapshot,no,no,,IRENA RE Statistics 2024 (~240 MW solar capacity: Karavasta 140 MW + Spitalla 100 MW); wind negligible; modelled curtailment ~2% per regional default,https://www.irena.org/Data/Energy-Profiles,,,docs/validation/albania.md
alberta-solar,Alberta Solar,CAN,solar,live,T1a-live-tso,T1a,generation_or_feed_x_rate,,,,needs calendar-year aggregation or source-note validation,2026,no_pending_annual_aggregation,no,no,generation/feed multiplied by citable or assumed curtailment rate; check source scope,AESO solar snapshot,http://ets.aeso.ca/ets_web/ip/Market/Reports/CSDReportServlet,"AESO solar snapshot × 5% curtailment proxy, shaped around Alberta local noon and zero overnight (snapshot May 04, 2026 16:08)",alberta.json,docs/validation/alberta-solar.md
alberta-wind,Alberta Wind,CAN,wind,live,T1a-live-tso,T1a,generation_or_feed_x_rate,,,,needs calendar-year aggregation or source-note validation,2026,no_pending_annual_aggregation,no,no,generation/feed multiplied by citable or assumed curtailment rate; check source scope,AESO wind snapshot,http://ets.aeso.ca/ets_web/ip/Market/Reports/CSDReportServlet,"AESO wind snapshot × 5% curtailment proxy (snapshot May 04, 2026 16:08)",alberta.json,docs/validation/alberta-wind.md
algeria,Algeria,DZA,solar,static,,unknown,no_emitted_snapshot,,,,no emitted snapshot row,2024,no_missing_snapshot,no,no,,"IRENA Country Statistics 2024 (Algeria SONELGAZ/OS, ~1.5 GW wind+PV)",https://www.grte.dz/,,,docs/validation/algeria.md
andorra,Andorra,AND,hydro,static,,unknown,no_emitted_snapshot,,,,no emitted snapshot row,2025,no_missing_snapshot,no,no,,IRENA RCS 2025 / FEDA (Alpine hydro + pumped storage; near-zero VRE),https://www.irena.org/Data/Downloads/IRENASTAT,,,docs/validation/andorra.md
angola,Angola,AGO,solar,static,,unknown,no_emitted_snapshot,,,,no emitted snapshot row,2024,no_missing_snapshot,no,no,,IRENA Angola 2024 (RNT transmission; nascent solar),https://www.rnt.co.ao/,,,docs/validation/angola.md
antigua-and-barbuda,Antigua & Barbuda,ATG,solar,static,,unknown,no_emitted_snapshot,,,,no emitted snapshot row,2025,no_missing_snapshot,no,no,,IRENA RCS 2025 / APUA (~10 MW PV + diesel; island grid),https://www.irena.org/Data/Downloads/IRENASTAT,,,docs/validation/antigua-and-barbuda.md
argentina,Argentina,ARG,wind,static,T3-modelled,T3,modelled_or_fallback,0.500000,0.300000,0.700000,modelled annual central encoded in static/typical snapshot,2024,no_modelled_envelope_only,yes,no,annual/modelled central value mapped to typical profile; not measured hourly curtailment,CAMMESA / IRENA fallback,https://cammesaweb.cammesa.com/,Typical-shape fallback: CAMMESA daily generation open data unreachable/not machine-readable (fetch failed); Patagonia wind curtailment scaled to ~0.5 TWh/yr.,argentina.json,docs/validation/argentina.md
armenia,Armenia,ARM,solar,static,,unknown,no_emitted_snapshot,,,,no emitted snapshot row,2024,no_missing_snapshot,no,no,,"IRENA RE Statistics 2024 (~180 MW solar capacity, growing post-2020); modelled curtailment ~2% per regional default",https://www.irena.org/Data/Energy-Profiles,,,docs/validation/armenia.md
atacama,Atacama,CHL,solar,live,T1a-live-tso,T1a,direct_operator_workbook,,,,needs calendar-year aggregation or source-note validation,2026,no_pending_annual_aggregation,no,no,direct operator constrained-off/restriction measurement; annual aggregation still required where annual TWh is blank,CEN Chile XLSX,https://www.coordinador.cl/operacion/documentos/reducciones-de-generacion-renovable/,Coordinador Chile daily Resumen Ejecutivo solar reductions (30 daily PDFs through 2026-05-03) apportioned with measured monthly XLSX hourly shape from https://www.coordinador.cl/wp-content/uploads/2026/03/Reducciones-de-Energia-Eolica-Solar-Hidro-en-el-SEN_Febrero-26-PE-PFV_Publicar.xlsx; latest daily PDF https://www.coordinador.cl/wp-content/uploads/2026/05/Resumen-Ejecutivo-de-Operacion-03-05-2026-V1.pdf,atacama-chile.json,docs/validation/atacama.md
austria,Austria,AUT,mixed,static,,unknown,no_emitted_snapshot,,,,no emitted snapshot row,2024,no_missing_snapshot,no,no,,APG Strombilanz 2024 + ENTSO-E redispatch A75 (provisional anchor),https://www.apg.at/en/news-press/apg-strombilanz-2024-oesterreich-erstmals-wieder-exportland/,,,docs/validation/austria.md
azerbaijan,Azerbaijan,AZE,mixed,static,,unknown,no_emitted_snapshot,,,,no emitted snapshot row,2024,no_missing_snapshot,no,no,,IRENA RE Statistics 2024 (~200 MW solar + ~200 MW wind in operation post-2023); modelled curtailment ~2% per regional default,https://www.irena.org/Data/Energy-Profiles,,,docs/validation/azerbaijan.md
bahamas,Bahamas,BHS,solar,static,,unknown,no_emitted_snapshot,,,,no emitted snapshot row,2025,no_missing_snapshot,no,no,,IRENA RCS 2025 / BPL (~20 MW solar + oil; island grids),https://www.irena.org/Data/Downloads/IRENASTAT,,,docs/validation/bahamas.md
bahrain,Bahrain,BHR,solar,static,,unknown,no_emitted_snapshot,,,,no emitted snapshot row,2025,no_missing_snapshot,no,no,,IRENA RCS 2025 / EWA Bahrain (~100 MW PV),https://www.irena.org/Data/Downloads/IRENASTAT,,,docs/validation/bahrain.md
bangladesh,Bangladesh,BGD,solar,static,T3-modelled,T3,modelled_or_fallback,0.100000,0.060000,0.140000,modelled annual central encoded in static/typical snapshot,2024,no_modelled_envelope_only,yes,no,annual/modelled central value mapped to typical profile; not measured hourly curtailment,BPDB fallback,https://bpdb.gov.bd/,Typical-shape fallback: BPDB 2024 live feed unavailable (fetch failed); rooftop plus utility PV curtailment anchored at ~0.1 TWh/yr.,bangladesh.json,docs/validation/bangladesh.md
barbados,Barbados,BRB,solar,static,,unknown,no_emitted_snapshot,,,,no emitted snapshot row,2024,no_missing_snapshot,no,no,,IRENA Barbados Renewables 2024 (rooftop PV; at inclusion threshold),https://www.blpc.com.bb/,,,docs/validation/barbados.md
belarus-solar,Belarus Solar,BLR,solar,static,,unknown,no_emitted_snapshot,,,,no emitted snapshot row,2025,no_missing_snapshot,no,no,,IRENA RCS 2025 / Belenergo (~90 MW solar),https://www.irena.org/Data/Downloads/IRENASTAT,,,docs/validation/belarus-solar.md
belarus-wind,Belarus Wind,BLR,wind,static,,unknown,no_emitted_snapshot,,,,no emitted snapshot row,2025,no_missing_snapshot,no,no,,IRENA RCS 2025 / Belenergo (~160 MW wind),https://www.irena.org/Data/Downloads/IRENASTAT,,,docs/validation/belarus-wind.md
belgium-solar,Belgium Solar,BEL,solar,live,T1a-live-tso,T1a,generation_or_feed_x_rate,,,,needs calendar-year aggregation or source-note validation,2026,no_pending_annual_aggregation,no,no,generation/feed multiplied by citable or assumed curtailment rate; check source scope,Elia Open Data solar,https://opendata.elia.be/,Elia solar realtime CSV × 2% calibrated curtailment (observed 30d split: wind 16% / solar 84%),belgium.json,docs/validation/belgium-solar.md
belgium-wind,Belgium Wind,BEL,wind,live,T1a-live-tso,T1a,generation_or_feed_x_rate,,,,needs calendar-year aggregation or source-note validation,2026,no_pending_annual_aggregation,no,no,generation/feed multiplied by citable or assumed curtailment rate; check source scope,Elia Open Data wind,https://opendata.elia.be/,Elia wind realtime CSV × 2% calibrated curtailment (observed 30d split: wind 16% / solar 84%),belgium.json,docs/validation/belgium-wind.md
belize,Belize,BLZ,hydro,static,,unknown,no_emitted_snapshot,,,,no emitted snapshot row,2025,no_missing_snapshot,no,no,,IRENA RCS 2025 / BEL (Herrera hydro + oil + solar),https://www.irena.org/Data/Downloads/IRENASTAT,,,docs/validation/belize.md
benin,Benin,BEN,solar,static,,unknown,no_emitted_snapshot,,,,no emitted snapshot row,2024,no_missing_snapshot,no,no,,IRENA Benin 2024 (SBEE; imports ~80% via WAPP),https://sbee.bj/,,,docs/validation/benin.md
bhutan,Bhutan,BTN,hydro,static,,unknown,no_emitted_snapshot,,,,no emitted snapshot row,2025,no_missing_snapshot,no,no,,IRENA RCS 2025 / BPC (hydro-dominant; ~1.6 GW; seasonal spillage),https://www.irena.org/Data/Downloads/IRENASTAT,,,docs/validation/bhutan.md
bolivia,Bolivia,BOL,solar,static,,unknown,no_emitted_snapshot,,,,no emitted snapshot row,2024,no_missing_snapshot,no,no,,IRENA Bolivia 2024 (hydro+gas dominated grid; solar+wind ~3% of mix; CNDC PDF reports),https://www.cndc.bo/,,,docs/validation/bolivia.md
bosnia-and-herzegovina,Bosnia & Herzegovina,BIH,hydro,live,T1a-live-tso,T1a,spill_or_hydro_proxy,,,,needs calendar-year aggregation or source-note validation,2026,no_pending_annual_aggregation,no,no,spill/hydro proxy; not always grid-dispatch renewable curtailment,ENTSO-E JPCC (Krajina),https://transparency.entsoe.eu/,BH Krajina A75 feed; hydro-dominated. Structural hydro spill excluded.,entsoe.json,docs/validation/bosnia-and-herzegovina.md
botswana,Botswana,BWA,solar,static,,unknown,no_emitted_snapshot,,,,no emitted snapshot row,2024,no_missing_snapshot,no,no,,IRENA Botswana 2024 (BPC; SAPP member; Mmadinare PV),https://www.bpc.bw/,,,docs/validation/botswana.md
bpa,bpa,,,,T1-live-TSO,T1a,generation_or_feed_x_rate,,,,needs calendar-year aggregation or source-note validation,2026,no_pending_annual_aggregation,no,no,generation/feed multiplied by citable or assumed curtailment rate; check source scope,,,EIA BPAT hourly wind × 6.0% + solar × 2.0% calibrated curtailment (observed 30d split: wind 98% / solar 2%),bpa.json,
bpa-solar,BPA Solar,USA,solar,live,,unknown,no_emitted_snapshot,,,,no emitted snapshot row,,no_missing_snapshot,no,no,,EIA BPA solar,https://www.eia.gov/opendata/browser/electricity/rto/fuel-type-data,,,docs/validation/bpa-solar.md
bpa-wind,BPA Wind,USA,wind,live,,unknown,no_emitted_snapshot,,,,no emitted snapshot row,,no_missing_snapshot,no,no,,EIA BPA wind,https://www.eia.gov/opendata/browser/electricity/rto/fuel-type-data,,,docs/validation/bpa-wind.md
brazil-bahia-solar,Bahia Solar,BRA,solar,live,T1a-live-tso,T1a,direct_constrained_off,,,,needs calendar-year aggregation or source-note validation,2026,no_pending_annual_aggregation,no,no,direct operator constrained-off/restriction measurement; annual aggregation still required where annual TWh is blank,ONS solar constrained-off,https://www.ons.org.br/,"ONS Brazil direct constrained-off solar frustrated generation (BAHIA; val_geracaoreferenciafinal - val_geracao, half-hourly)",brazil-ne.json,docs/validation/brazil-bahia-solar.md
brazil-bahia-wind,Bahia Wind,BRA,wind,live,T1a-live-tso,T1a,direct_constrained_off,,,,needs calendar-year aggregation or source-note validation,2026,no_pending_annual_aggregation,no,no,direct operator constrained-off/restriction measurement; annual aggregation still required where annual TWh is blank,ONS wind constrained-off,https://www.ons.org.br/,"ONS Brazil direct constrained-off wind frustrated generation (BAHIA; val_geracaoreferenciafinal - val_geracao, half-hourly)",brazil-ne.json,docs/validation/brazil-bahia-wind.md
brazil-ce-solar,Ceara Solar,BRA,solar,live,T1a-live-tso,T1a,direct_constrained_off,,,,needs calendar-year aggregation or source-note validation,2026,no_pending_annual_aggregation,no,no,direct operator constrained-off/restriction measurement; annual aggregation still required where annual TWh is blank,ONS solar constrained-off,https://www.ons.org.br/,"ONS Brazil direct constrained-off solar frustrated generation (CE; val_geracaoreferenciafinal - val_geracao, half-hourly)",brazil-ne.json,docs/validation/brazil-ce-solar.md
brazil-ce-wind,Ceara Wind,BRA,wind,live,T1a-live-tso,T1a,direct_constrained_off,,,,needs calendar-year aggregation or source-note validation,2026,no_pending_annual_aggregation,no,no,direct operator constrained-off/restriction measurement; annual aggregation still required where annual TWh is blank,ONS wind constrained-off,https://www.ons.org.br/,"ONS Brazil direct constrained-off wind frustrated generation (CE; val_geracaoreferenciafinal - val_geracao, half-hourly)",brazil-ne.json,docs/validation/brazil-ce-wind.md
brazil-go-solar,Goias Solar,BRA,solar,live,T1a-live-tso,T1a,direct_constrained_off,,,,needs calendar-year aggregation or source-note validation,2026,no_pending_annual_aggregation,no,no,direct operator constrained-off/restriction measurement; annual aggregation still required where annual TWh is blank,ONS solar constrained-off,https://www.ons.org.br/,"ONS Brazil direct constrained-off solar frustrated generation (GO; val_geracaoreferenciafinal - val_geracao, half-hourly)",brazil-ne.json,docs/validation/brazil-go-solar.md
brazil-go-wind,Goias Wind,BRA,wind,live,T1a-live-tso,T1a,direct_constrained_off,,,,needs calendar-year aggregation or source-note validation,2026,no_pending_annual_aggregation,no,no,direct operator constrained-off/restriction measurement; annual aggregation still required where annual TWh is blank,ONS wind constrained-off,https://www.ons.org.br/,"ONS Brazil direct constrained-off wind frustrated generation (GO; val_geracaoreferenciafinal - val_geracao, half-hourly)",brazil-ne.json,docs/validation/brazil-go-wind.md
brazil-maranhao-solar,Maranhao Solar,BRA,solar,live,T1a-live-tso,T1a,direct_constrained_off,,,,needs calendar-year aggregation or source-note validation,2026,no_pending_annual_aggregation,no,no,direct operator constrained-off/restriction measurement; annual aggregation still required where annual TWh is blank,ONS solar constrained-off,https://www.ons.org.br/,"ONS Brazil direct constrained-off solar frustrated generation (MARANHAO; val_geracaoreferenciafinal - val_geracao, half-hourly)",brazil-ne.json,docs/validation/brazil-maranhao-solar.md
brazil-maranhao-wind,Maranhao Wind,BRA,wind,live,T1a-live-tso,T1a,direct_constrained_off,,,,needs calendar-year aggregation or source-note validation,2026,no_pending_annual_aggregation,no,no,direct operator constrained-off/restriction measurement; annual aggregation still required where annual TWh is blank,ONS wind constrained-off,https://www.ons.org.br/,"ONS Brazil direct constrained-off wind frustrated generation (MARANHAO; val_geracaoreferenciafinal - val_geracao, half-hourly)",brazil-ne.json,docs/validation/brazil-maranhao-wind.md
brazil-mg-solar,Minas Gerais Solar,BRA,solar,live,T1a-live-tso,T1a,direct_constrained_off,,,,needs calendar-year aggregation or source-note validation,2026,no_pending_annual_aggregation,no,no,direct operator constrained-off/restriction measurement; annual aggregation still required where annual TWh is blank,ONS solar constrained-off,https://www.ons.org.br/,"ONS Brazil direct constrained-off solar frustrated generation (MG; val_geracaoreferenciafinal - val_geracao, half-hourly)",brazil-ne.json,docs/validation/brazil-mg-solar.md
brazil-mg-wind,Minas Gerais Wind,BRA,wind,live,T1a-live-tso,T1a,direct_constrained_off,,,,needs calendar-year aggregation or source-note validation,2026,no_pending_annual_aggregation,no,no,direct operator constrained-off/restriction measurement; annual aggregation still required where annual TWh is blank,ONS wind constrained-off,https://www.ons.org.br/,"ONS Brazil direct constrained-off wind frustrated generation (MG; val_geracaoreferenciafinal - val_geracao, half-hourly)",brazil-ne.json,docs/validation/brazil-mg-wind.md
brazil-mt-solar,Mato Grosso Solar,BRA,solar,live,T1a-live-tso,T1a,direct_constrained_off,,,,needs calendar-year aggregation or source-note validation,2026,no_pending_annual_aggregation,no,no,direct operator constrained-off/restriction measurement; annual aggregation still required where annual TWh is blank,ONS solar constrained-off,https://www.ons.org.br/,"ONS Brazil direct constrained-off solar frustrated generation (MT; val_geracaoreferenciafinal - val_geracao, half-hourly)",brazil-ne.json,docs/validation/brazil-mt-solar.md
brazil-mt-wind,Mato Grosso Wind,BRA,wind,live,T1a-live-tso,T1a,direct_constrained_off,,,,needs calendar-year aggregation or source-note validation,2026,no_pending_annual_aggregation,no,no,direct operator constrained-off/restriction measurement; annual aggregation still required where annual TWh is blank,ONS wind constrained-off,https://www.ons.org.br/,"ONS Brazil direct constrained-off wind frustrated generation (MT; val_geracaoreferenciafinal - val_geracao, half-hourly)",brazil-ne.json,docs/validation/brazil-mt-wind.md
brazil-other-solar,Brazil Other ONS States Solar,BRA,solar,live,T1a-live-tso,T1a,direct_constrained_off,,,,needs calendar-year aggregation or source-note validation,2026,no_pending_annual_aggregation,no,no,direct operator constrained-off/restriction measurement; annual aggregation still required where annual TWh is blank,ONS solar constrained-off,https://www.ons.org.br/,"ONS Brazil direct constrained-off solar frustrated generation (OTHER; val_geracaoreferenciafinal - val_geracao, half-hourly)",brazil-ne.json,docs/validation/brazil-other-solar.md
brazil-other-wind,Brazil Other ONS States Wind,BRA,wind,live,T1a-live-tso,T1a,direct_constrained_off,,,,needs calendar-year aggregation or source-note validation,2026,no_pending_annual_aggregation,no,no,direct operator constrained-off/restriction measurement; annual aggregation still required where annual TWh is blank,ONS wind constrained-off,https://www.ons.org.br/,"ONS Brazil direct constrained-off wind frustrated generation (OTHER; val_geracaoreferenciafinal - val_geracao, half-hourly)",brazil-ne.json,docs/validation/brazil-other-wind.md
brazil-paraiba-solar,Paraiba Solar,BRA,solar,live,T1a-live-tso,T1a,direct_constrained_off,,,,needs calendar-year aggregation or source-note validation,2026,no_pending_annual_aggregation,no,no,direct operator constrained-off/restriction measurement; annual aggregation still required where annual TWh is blank,ONS solar constrained-off,https://www.ons.org.br/,"ONS Brazil direct constrained-off solar frustrated generation (PARAIBA; val_geracaoreferenciafinal - val_geracao, half-hourly)",brazil-ne.json,docs/validation/brazil-paraiba-solar.md
brazil-paraiba-wind,Paraiba Wind,BRA,wind,live,T1a-live-tso,T1a,direct_constrained_off,,,,needs calendar-year aggregation or source-note validation,2026,no_pending_annual_aggregation,no,no,direct operator constrained-off/restriction measurement; annual aggregation still required where annual TWh is blank,ONS wind constrained-off,https://www.ons.org.br/,"ONS Brazil direct constrained-off wind frustrated generation (PARAIBA; val_geracaoreferenciafinal - val_geracao, half-hourly)",brazil-ne.json,docs/validation/brazil-paraiba-wind.md
brazil-pernambuco-solar,Pernambuco Solar,BRA,solar,live,T1a-live-tso,T1a,direct_constrained_off,,,,needs calendar-year aggregation or source-note validation,2026,no_pending_annual_aggregation,no,no,direct operator constrained-off/restriction measurement; annual aggregation still required where annual TWh is blank,ONS solar constrained-off,https://www.ons.org.br/,"ONS Brazil direct constrained-off solar frustrated generation (PERNAMBUCO; val_geracaoreferenciafinal - val_geracao, half-hourly)",brazil-ne.json,docs/validation/brazil-pernambuco-solar.md
brazil-pernambuco-wind,Pernambuco Wind,BRA,wind,live,T1a-live-tso,T1a,direct_constrained_off,,,,needs calendar-year aggregation or source-note validation,2026,no_pending_annual_aggregation,no,no,direct operator constrained-off/restriction measurement; annual aggregation still required where annual TWh is blank,ONS wind constrained-off,https://www.ons.org.br/,"ONS Brazil direct constrained-off wind frustrated generation (PERNAMBUCO; val_geracaoreferenciafinal - val_geracao, half-hourly)",brazil-ne.json,docs/validation/brazil-pernambuco-wind.md
brazil-piaui-solar,Piaui Solar,BRA,solar,live,T1a-live-tso,T1a,direct_constrained_off,,,,needs calendar-year aggregation or source-note validation,2026,no_pending_annual_aggregation,no,no,direct operator constrained-off/restriction measurement; annual aggregation still required where annual TWh is blank,ONS solar constrained-off,https://www.ons.org.br/,"ONS Brazil direct constrained-off solar frustrated generation (PIAUI; val_geracaoreferenciafinal - val_geracao, half-hourly)",brazil-ne.json,docs/validation/brazil-piaui-solar.md
brazil-piaui-wind,Piaui Wind,BRA,wind,live,T1a-live-tso,T1a,direct_constrained_off,,,,needs calendar-year aggregation or source-note validation,2026,no_pending_annual_aggregation,no,no,direct operator constrained-off/restriction measurement; annual aggregation still required where annual TWh is blank,ONS wind constrained-off,https://www.ons.org.br/,"ONS Brazil direct constrained-off wind frustrated generation (PIAUI; val_geracaoreferenciafinal - val_geracao, half-hourly)",brazil-ne.json,docs/validation/brazil-piaui-wind.md
brazil-pr-solar,Parana Solar,BRA,solar,live,T1a-live-tso,T1a,direct_constrained_off,,,,needs calendar-year aggregation or source-note validation,2026,no_pending_annual_aggregation,no,no,direct operator constrained-off/restriction measurement; annual aggregation still required where annual TWh is blank,ONS solar constrained-off,https://www.ons.org.br/,"ONS Brazil direct constrained-off solar frustrated generation (PR; val_geracaoreferenciafinal - val_geracao, half-hourly)",brazil-ne.json,docs/validation/brazil-pr-solar.md
brazil-pr-wind,Parana Wind,BRA,wind,live,T1a-live-tso,T1a,direct_constrained_off,,,,needs calendar-year aggregation or source-note validation,2026,no_pending_annual_aggregation,no,no,direct operator constrained-off/restriction measurement; annual aggregation still required where annual TWh is blank,ONS wind constrained-off,https://www.ons.org.br/,"ONS Brazil direct constrained-off wind frustrated generation (PR; val_geracaoreferenciafinal - val_geracao, half-hourly)",brazil-ne.json,docs/validation/brazil-pr-wind.md
brazil-rn-solar,Rio Grande do Norte Solar,BRA,solar,live,T1a-live-tso,T1a,direct_constrained_off,,,,needs calendar-year aggregation or source-note validation,2026,no_pending_annual_aggregation,no,no,direct operator constrained-off/restriction measurement; annual aggregation still required where annual TWh is blank,ONS solar constrained-off,https://www.ons.org.br/,"ONS Brazil direct constrained-off solar frustrated generation (RN; val_geracaoreferenciafinal - val_geracao, half-hourly)",brazil-ne.json,docs/validation/brazil-rn-solar.md
brazil-rn-wind,Rio Grande do Norte Wind,BRA,wind,live,T1a-live-tso,T1a,direct_constrained_off,,,,needs calendar-year aggregation or source-note validation,2026,no_pending_annual_aggregation,no,no,direct operator constrained-off/restriction measurement; annual aggregation still required where annual TWh is blank,ONS wind constrained-off,https://www.ons.org.br/,"ONS Brazil direct constrained-off wind frustrated generation (RN; val_geracaoreferenciafinal - val_geracao, half-hourly)",brazil-ne.json,docs/validation/brazil-rn-wind.md
brazil-rs-solar,Rio Grande do Sul Solar,BRA,solar,live,T1a-live-tso,T1a,direct_constrained_off,,,,needs calendar-year aggregation or source-note validation,2026,no_pending_annual_aggregation,no,no,direct operator constrained-off/restriction measurement; annual aggregation still required where annual TWh is blank,ONS solar constrained-off,https://www.ons.org.br/,"ONS Brazil direct constrained-off solar frustrated generation (RS; val_geracaoreferenciafinal - val_geracao, half-hourly)",brazil-ne.json,docs/validation/brazil-rs-solar.md
brazil-rs-wind,Rio Grande do Sul Wind,BRA,wind,live,T1a-live-tso,T1a,direct_constrained_off,,,,needs calendar-year aggregation or source-note validation,2026,no_pending_annual_aggregation,no,no,direct operator constrained-off/restriction measurement; annual aggregation still required where annual TWh is blank,ONS wind constrained-off,https://www.ons.org.br/,"ONS Brazil direct constrained-off wind frustrated generation (RS; val_geracaoreferenciafinal - val_geracao, half-hourly)",brazil-ne.json,docs/validation/brazil-rs-wind.md
brazil-sp-solar,Sao Paulo Solar,BRA,solar,live,T1a-live-tso,T1a,direct_constrained_off,,,,needs calendar-year aggregation or source-note validation,2026,no_pending_annual_aggregation,no,no,direct operator constrained-off/restriction measurement; annual aggregation still required where annual TWh is blank,ONS solar constrained-off,https://www.ons.org.br/,"ONS Brazil direct constrained-off solar frustrated generation (SP; val_geracaoreferenciafinal - val_geracao, half-hourly)",brazil-ne.json,docs/validation/brazil-sp-solar.md
brazil-sp-wind,Sao Paulo Wind,BRA,wind,live,T1a-live-tso,T1a,direct_constrained_off,,,,needs calendar-year aggregation or source-note validation,2026,no_pending_annual_aggregation,no,no,direct operator constrained-off/restriction measurement; annual aggregation still required where annual TWh is blank,ONS wind constrained-off,https://www.ons.org.br/,"ONS Brazil direct constrained-off wind frustrated generation (SP; val_geracaoreferenciafinal - val_geracao, half-hourly)",brazil-ne.json,docs/validation/brazil-sp-wind.md
british-columbia,British Columbia,CAN,hydro,static,T3-modelled,T3,modelled_or_fallback,1.260000,0.756000,1.764000,modelled annual central encoded in static/typical snapshot,2024,no_modelled_envelope_only,yes,no,annual/modelled central value mapped to typical profile; not measured hourly curtailment,BC Hydro fallback,https://www.bchydro.com/,Typical-shape fallback: BC Hydro annual reports live feed unavailable (HTTP 403 for https://www.bchydro.com/); spring snowmelt oversupply (Columbia + Peace + Fraser systems) + Site C ramp. Calibrated to BC Hydro 2024 Integrated Resource Plan annex which documents ~1.4 TWh/yr export-constrained spill in average hydro years. — current 30-day seasonal factor 0.84×,british-columbia.json,docs/validation/british-columbia.md
brunei,Brunei,BRN,solar,static,,unknown,no_emitted_snapshot,,,,no emitted snapshot row,2025,no_missing_snapshot,no,no,,IRENA RCS 2025 / AEDED (~15 MW PV including Tengah 1.2 MW),https://www.irena.org/Data/Downloads/IRENASTAT,,,docs/validation/brunei.md
bulgaria-solar,Bulgaria Solar,BGR,solar,live,T1a-live-tso,T1a,live_operator_feed,,,,needs calendar-year aggregation or source-note validation,2026,no_pending_annual_aggregation,no,no,,ENTSO-E ESO solar,https://transparency.entsoe.eu/,ESO Bulgaria 2024: solar share,entsoe.json,docs/validation/bulgaria-solar.md
bulgaria-wind,Bulgaria Wind,BGR,wind,live,T1a-live-tso,T1a,live_operator_feed,,,,needs calendar-year aggregation or source-note validation,2026,no_pending_annual_aggregation,no,no,,ENTSO-E ESO wind,https://transparency.entsoe.eu/,ESO Bulgaria 2024: wind share,entsoe.json,docs/validation/bulgaria-wind.md
burkina-faso,Burkina Faso,BFA,solar,static,,unknown,no_emitted_snapshot,,,,no emitted snapshot row,2024,no_missing_snapshot,no,no,,IRENA Burkina Faso 2024 (SONABEL; Zagtouli + Nagreongo PV ~70 MW),https://www.sonabel.bf/,,,docs/validation/burkina-faso.md
burundi,Burundi,BDI,mixed,static,,unknown,no_emitted_snapshot,,,,no emitted snapshot row,2025,no_missing_snapshot,no,no,,IRENA RCS 2025 / REGIDESO (~30 MW hydro + emerging solar),https://www.irena.org/Data/Downloads/IRENASTAT,,,docs/validation/burundi.md
cabo-verde,Cabo Verde,CPV,solar,static,,unknown,no_emitted_snapshot,,,,no emitted snapshot row,2024,no_missing_snapshot,no,no,,IRENA Cabo Verde 2024 (ELECTRA; 9-island system; high VRE),https://www.electra.cv/,,,docs/validation/cabo-verde.md
caiso,caiso,,,,T1-live-TSO,T1a,generation_or_feed_x_rate,,,,needs calendar-year aggregation or source-note validation,2026,no_pending_annual_aggregation,no,no,generation/feed multiplied by citable or assumed curtailment rate; check source scope,,,EIA hourly solar+wind × 4.25% calibrated curtailment (observed 30d split: solar 69% / wind 31%),caiso.json,
caiso-solar,California Solar,USA,solar,live,,unknown,no_emitted_snapshot,,,,no emitted snapshot row,,no_missing_snapshot,no,no,,CAISO OASIS / EIA solar,https://oasis.caiso.com/oasisapi,,,docs/validation/caiso-solar.md
caiso-wind,California Wind,USA,wind,live,,unknown,no_emitted_snapshot,,,,no emitted snapshot row,,no_missing_snapshot,no,no,,CAISO OASIS / EIA wind,https://oasis.caiso.com/oasisapi,,,docs/validation/caiso-wind.md
cambodia,Cambodia,KHM,solar,static,,unknown,no_emitted_snapshot,,,,no emitted snapshot row,2024,no_missing_snapshot,no,no,,"IRENA RE Statistics 2024 (~470 MW solar 2024, rapid solar growth); modelled curtailment ~2% per regional default",https://www.irena.org/Data/Energy-Profiles,,,docs/validation/cambodia.md
cameroon,Cameroon,CMR,hydro,static,,unknown,no_emitted_snapshot,,,,no emitted snapshot row,2024,no_missing_snapshot,no,no,,IRENA Cameroon 2024 (ENEO/SONATREL; mostly hydro),https://eneo.cm/,,,docs/validation/cameroon.md
central-african-republic,Central African Republic,CAF,hydro,static,,unknown,no_emitted_snapshot,,,,no emitted snapshot row,2025,no_missing_snapshot,no,no,,IRENA RCS 2025 / ENERCA (micro-hydro + diesel; very small grid),https://www.irena.org/Data/Downloads/IRENASTAT,,,docs/validation/central-african-republic.md
chad,Chad,TCD,solar,static,,unknown,no_emitted_snapshot,,,,no emitted snapshot row,2025,no_missing_snapshot,no,no,,IRENA RCS 2025 / SNE Chad (diesel + emerging solar; large landlocked grid),https://www.irena.org/Data/Downloads/IRENASTAT,,,docs/validation/chad.md
chile-wind,Chile Wind,CHL,wind,live,T1a-live-tso,T1a,direct_operator_workbook,,,,needs calendar-year aggregation or source-note validation,2026,no_pending_annual_aggregation,no,no,direct operator constrained-off/restriction measurement; annual aggregation still required where annual TWh is blank,CEN Chile monthly XLSX wind reductions,https://www.coordinador.cl/operacion/documentos/reducciones-de-generacion-renovable/,Coordinador Chile direct monthly XLSX wind reductions from https://www.coordinador.cl/wp-content/uploads/2026/03/Reducciones-de-Energia-Eolica-Solar-Hidro-en-el-SEN_Febrero-26-PE-PFV_Publicar.xlsx,chile-wind.json,docs/validation/chile-wind.md
china-anhui,Anhui,CHN,solar,static,T3-modelled,T3,modelled_or_fallback,2.100000,1.260000,2.940000,modelled annual central encoded in static/typical snapshot,2024,no_modelled_envelope_only,yes,no,annual/modelled central value mapped to typical profile; not measured hourly curtailment,NEA 2024 provincial RE monitoring bulletin — solar curtailment ~2.1 TWh/yr,https://www.nea.gov.cn/20251113/cc1fb0298a2944f8bd5441f67c9be9b3/c.html,Typical-shape fallback: NEA 2024 provincial RE monitoring bulletin is not an hourly machine-readable feed; Anhui solar curtailment ~2.1 TWh/yr; NEA 2024 provincial RE monitoring bulletin.,china-anhui.json,docs/validation/china-anhui.md
china-beijing,Beijing,CHN,solar,static,T3-modelled,T3,modelled_or_fallback,0.280000,0.168000,0.392000,modelled annual central encoded in static/typical snapshot,2024,no_modelled_envelope_only,yes,no,annual/modelled central value mapped to typical profile; not measured hourly curtailment,NEA 2024 provincial RE monitoring bulletin — solar curtailment ~0.28 TWh/yr,https://www.nea.gov.cn/20251113/cc1fb0298a2944f8bd5441f67c9be9b3/c.html,Typical-shape fallback: NEA 2024 provincial RE monitoring bulletin is not an hourly machine-readable feed; Beijing solar curtailment ~0.28 TWh/yr; NEA 2024 provincial RE monitoring bulletin.,china-beijing.json,docs/validation/china-beijing.md
china-chongqing-hydro,Chongqing Hydro,CHN,hydro,static,T2-annual-calibrated,T2,modelled_or_fallback,0.132000,0.105600,0.158400,modelled annual central encoded in static/typical snapshot,2024,no_modelled_envelope_only,yes,no,annual/modelled central value mapped to typical profile; not measured hourly curtailment,"NEA 2024 provincial RE monitoring bulletin — hydro curtailment (hydro 60% of ~0.22 TWh/yr, Yangtze basin)",https://www.nea.gov.cn/20251113/cc1fb0298a2944f8bd5441f67c9be9b3/c.html,Typical-shape fallback: NEA 2024 provincial RE monitoring bulletin is not an hourly machine-readable feed; Chongqing mixed hydro+solar curtailment ~0.22 TWh/yr; NEA 2024 provincial RE monitoring bulletin (Yangtze basin). — hydro share (60%),china-chongqing.json,docs/validation/china-chongqing-hydro.md
china-chongqing-solar,Chongqing Solar,CHN,solar,static,T3-modelled,T3,modelled_or_fallback,0.088000,0.052800,0.123200,modelled annual central encoded in static/typical snapshot,2024,no_modelled_envelope_only,yes,no,annual/modelled central value mapped to typical profile; not measured hourly curtailment,"NEA 2024 provincial RE monitoring bulletin — solar curtailment (solar 40% of ~0.22 TWh/yr, Yangtze basin)",https://www.nea.gov.cn/20251113/cc1fb0298a2944f8bd5441f67c9be9b3/c.html,Typical-shape fallback: NEA 2024 provincial RE monitoring bulletin is not an hourly machine-readable feed; Chongqing mixed hydro+solar curtailment ~0.22 TWh/yr; NEA 2024 provincial RE monitoring bulletin (Yangtze basin). — solar share (40%),china-chongqing.json,docs/validation/china-chongqing-solar.md
china-fujian,Fujian,CHN,mixed,static,T3-modelled,T3,modelled_or_fallback,0.600000,0.360000,0.840000,modelled annual central encoded in static/typical snapshot,2024,no_modelled_envelope_only,yes,yes,annual/modelled central value mapped to typical profile; not measured hourly curtailment,NEA 2024 provincial RE monitoring bulletin — coastal mixed wind+solar curtailment ~0.6 TWh/yr,https://www.nea.gov.cn/20251113/cc1fb0298a2944f8bd5441f67c9be9b3/c.html,Typical-shape fallback: NEA 2024 provincial RE monitoring bulletin is not an hourly machine-readable feed; Fujian coastal mixed wind+solar curtailment ~0.6 TWh/yr; NEA 2024 provincial RE monitoring bulletin.,china-fujian.json,docs/validation/china-fujian.md
china-guangdong,Guangdong,CHN,mixed,static,T3-modelled,T3,modelled_or_fallback,3.200000,1.920000,4.480000,modelled annual central encoded in static/typical snapshot,2024,no_modelled_envelope_only,yes,yes,annual/modelled central value mapped to typical profile; not measured hourly curtailment,NEA 2024 provincial RE monitoring bulletin — CSG-grid mixed wind+solar curtailment ~3.2 TWh/yr,https://www.nea.gov.cn/20251113/cc1fb0298a2944f8bd5441f67c9be9b3/c.html,Typical-shape fallback: NEA 2024 provincial RE monitoring bulletin is not an hourly machine-readable feed; Guangdong CSG-grid mixed wind+solar curtailment ~3.2 TWh/yr; NEA 2024 provincial RE monitoring bulletin.,china-guangdong.json,docs/validation/china-guangdong.md
china-guizhou-hydro,Guizhou Hydro,CHN,hydro,static,T2-annual-calibrated,T2,modelled_or_fallback,0.125000,0.100000,0.150000,modelled annual central encoded in static/typical snapshot,2024,no_modelled_envelope_only,yes,no,annual/modelled central value mapped to typical profile; not measured hourly curtailment,NEA 2024 provincial RE monitoring bulletin — hydro curtailment (hydro 50% of ~0.25 TWh/yr),https://www.nea.gov.cn/20251113/cc1fb0298a2944f8bd5441f67c9be9b3/c.html,Typical-shape fallback: NEA 2024 provincial RE monitoring bulletin is not an hourly machine-readable feed; Guizhou mixed solar+hydro curtailment ~0.25 TWh/yr; NEA 2024 provincial RE monitoring bulletin. — hydro share (50%),china-guizhou.json,docs/validation/china-guizhou-hydro.md
china-guizhou-solar,Guizhou Solar,CHN,solar,static,T3-modelled,T3,modelled_or_fallback,0.125000,0.075000,0.175000,modelled annual central encoded in static/typical snapshot,2024,no_modelled_envelope_only,yes,no,annual/modelled central value mapped to typical profile; not measured hourly curtailment,NEA 2024 provincial RE monitoring bulletin — solar curtailment (solar 50% of ~0.25 TWh/yr),https://www.nea.gov.cn/20251113/cc1fb0298a2944f8bd5441f67c9be9b3/c.html,Typical-shape fallback: NEA 2024 provincial RE monitoring bulletin is not an hourly machine-readable feed; Guizhou mixed solar+hydro curtailment ~0.25 TWh/yr; NEA 2024 provincial RE monitoring bulletin. — solar share (50%),china-guizhou.json,docs/validation/china-guizhou-solar.md
china-hainan,Hainan,CHN,solar,static,T3-modelled,T3,modelled_or_fallback,0.010000,0.006000,0.014000,modelled annual central encoded in static/typical snapshot,2024,no_modelled_envelope_only,yes,no,annual/modelled central value mapped to typical profile; not measured hourly curtailment,NEA 2024 provincial RE monitoring bulletin — solar curtailment ~0.01 TWh/yr (99.8% PV utilisation; near-zero),https://www.nea.gov.cn/20251113/cc1fb0298a2944f8bd5441f67c9be9b3/c.html,Typical-shape fallback: NEA 2024 provincial RE monitoring bulletin is not an hourly machine-readable feed; Hainan solar curtailment ~0.01 TWh/yr; NEA 2024 provincial RE monitoring bulletin (99.8% PV utilisation; near-zero).,china-hainan.json,docs/validation/china-hainan.md
china-hebei,Hebei,CHN,wind,static,,unknown,no_emitted_snapshot,,,,no emitted snapshot row,2024,no_missing_snapshot,no,no,,"NEA 2024 provincial RE monitoring bulletin — wind curtailment ~2 TWh/yr (north China wind corridor, Zhangjiakou transmission bottleneck)",https://www.nea.gov.cn/20251113/cc1fb0298a2944f8bd5441f67c9be9b3/c.html,,,docs/validation/china-hebei.md
china-heilongjiang,Heilongjiang,CHN,wind,static,,unknown,no_emitted_snapshot,,,,no emitted snapshot row,2024,no_missing_snapshot,no,no,,NEA 2024 provincial RE monitoring bulletin — wind curtailment ~1.5 TWh/yr (northeast grid; Daqing-area wind build-out),https://www.nea.gov.cn/20251113/cc1fb0298a2944f8bd5441f67c9be9b3/c.html,,,docs/validation/china-heilongjiang.md
china-henan,Henan,CHN,solar,static,T3-modelled,T3,modelled_or_fallback,0.700000,0.420000,0.980000,modelled annual central encoded in static/typical snapshot,2024,no_modelled_envelope_only,yes,no,annual/modelled central value mapped to typical profile; not measured hourly curtailment,NEA 2024 provincial RE monitoring bulletin — solar curtailment ~0.7 TWh/yr,https://www.nea.gov.cn/20251113/cc1fb0298a2944f8bd5441f67c9be9b3/c.html,Typical-shape fallback: NEA 2024 provincial RE monitoring bulletin is not an hourly machine-readable feed; Henan solar curtailment ~0.7 TWh/yr; NEA 2024 provincial RE monitoring bulletin.,china-henan.json,docs/validation/china-henan.md
china-hubei-hydro,Hubei Hydro,CHN,hydro,static,T2-annual-calibrated,T2,modelled_or_fallback,0.510000,0.408000,0.612000,modelled annual central encoded in static/typical snapshot,2024,no_modelled_envelope_only,yes,no,annual/modelled central value mapped to typical profile; not measured hourly curtailment,"NEA 2024 provincial RE monitoring bulletin — hydro curtailment (hydro 34% of ~1.5 TWh/yr, Three Gorges basin)",https://www.nea.gov.cn/20251113/cc1fb0298a2944f8bd5441f67c9be9b3/c.html,Typical-shape fallback: NEA 2024 provincial RE monitoring bulletin is not an hourly machine-readable feed; Hubei mixed solar+wind+hydro curtailment ~1.5 TWh/yr; NEA 2024 provincial RE monitoring bulletin (Three Gorges basin; missed RE consumption target by 3 pp). — hydro share (34%),china-hubei.json,docs/validation/china-hubei-hydro.md
china-hubei-solar,Hubei Solar,CHN,solar,static,T3-modelled,T3,modelled_or_fallback,0.600000,0.360000,0.840000,modelled annual central encoded in static/typical snapshot,2024,no_modelled_envelope_only,yes,no,annual/modelled central value mapped to typical profile; not measured hourly curtailment,"NEA 2024 provincial RE monitoring bulletin — solar curtailment (solar 40% of ~1.5 TWh/yr, Three Gorges basin)",https://www.nea.gov.cn/20251113/cc1fb0298a2944f8bd5441f67c9be9b3/c.html,Typical-shape fallback: NEA 2024 provincial RE monitoring bulletin is not an hourly machine-readable feed; Hubei mixed solar+wind+hydro curtailment ~1.5 TWh/yr; NEA 2024 provincial RE monitoring bulletin (Three Gorges basin; missed RE consumption target by 3 pp). — solar share (40%),china-hubei.json,docs/validation/china-hubei-solar.md
china-hubei-wind,Hubei Wind,CHN,wind,static,T3-modelled,T3,modelled_or_fallback,0.390000,0.234000,0.546000,modelled annual central encoded in static/typical snapshot,2024,no_modelled_envelope_only,yes,no,annual/modelled central value mapped to typical profile; not measured hourly curtailment,"NEA 2024 provincial RE monitoring bulletin — wind curtailment (wind 26% of ~1.5 TWh/yr, Three Gorges basin)",https://www.nea.gov.cn/20251113/cc1fb0298a2944f8bd5441f67c9be9b3/c.html,Typical-shape fallback: NEA 2024 provincial RE monitoring bulletin is not an hourly machine-readable feed; Hubei mixed solar+wind+hydro curtailment ~1.5 TWh/yr; NEA 2024 provincial RE monitoring bulletin (Three Gorges basin; missed RE consumption target by 3 pp). — wind share (26%),china-hubei.json,docs/validation/china-hubei-wind.md
china-hunan-hydro,Hunan Hydro,CHN,hydro,static,T2-annual-calibrated,T2,modelled_or_fallback,0.380000,0.304000,0.456000,modelled annual central encoded in static/typical snapshot,2024,no_modelled_envelope_only,yes,yes,annual/modelled central value mapped to typical profile; not measured hourly curtailment,NEA 2024 provincial RE monitoring bulletin — hydro curtailment (hydro 20% of ~1.9 TWh/yr),https://www.nea.gov.cn/20251113/cc1fb0298a2944f8bd5441f67c9be9b3/c.html,Typical-shape fallback: NEA 2024 provincial RE monitoring bulletin is not an hourly machine-readable feed; Hunan mixed wind+solar+hydro curtailment ~1.9 TWh/yr; NEA 2024 provincial RE monitoring bulletin. — hydro share (20%),china-hunan.json,docs/validation/china-hunan-hydro.md
china-hunan-solar,Hunan Solar,CHN,solar,static,T3-modelled,T3,modelled_or_fallback,0.570000,0.342000,0.798000,modelled annual central encoded in static/typical snapshot,2024,no_modelled_envelope_only,yes,yes,annual/modelled central value mapped to typical profile; not measured hourly curtailment,NEA 2024 provincial RE monitoring bulletin — solar curtailment (solar 30% of ~1.9 TWh/yr),https://www.nea.gov.cn/20251113/cc1fb0298a2944f8bd5441f67c9be9b3/c.html,Typical-shape fallback: NEA 2024 provincial RE monitoring bulletin is not an hourly machine-readable feed; Hunan mixed wind+solar+hydro curtailment ~1.9 TWh/yr; NEA 2024 provincial RE monitoring bulletin. — solar share (30%),china-hunan.json,docs/validation/china-hunan-solar.md
china-hunan-wind,Hunan Wind,CHN,wind,static,T3-modelled,T3,modelled_or_fallback,0.950000,0.570000,1.330000,modelled annual central encoded in static/typical snapshot,2024,no_modelled_envelope_only,yes,yes,annual/modelled central value mapped to typical profile; not measured hourly curtailment,NEA 2024 provincial RE monitoring bulletin — wind curtailment (wind 50% of ~1.9 TWh/yr),https://www.nea.gov.cn/20251113/cc1fb0298a2944f8bd5441f67c9be9b3/c.html,Typical-shape fallback: NEA 2024 provincial RE monitoring bulletin is not an hourly machine-readable feed; Hunan mixed wind+solar+hydro curtailment ~1.9 TWh/yr; NEA 2024 provincial RE monitoring bulletin. — wind share (50%),china-hunan.json,docs/validation/china-hunan-wind.md
china-jiangsu-solar,Jiangsu Solar,CHN,solar,static,T3-modelled,T3,modelled_or_fallback,1.400000,0.840000,1.960000,modelled annual central encoded in static/typical snapshot,2024,no_modelled_envelope_only,yes,yes,annual/modelled central value mapped to typical profile; not measured hourly curtailment,NEA 2024 provincial RE monitoring bulletin — solar curtailment (solar 50% of ~2.8 TWh/yr),https://www.nea.gov.cn/20251113/cc1fb0298a2944f8bd5441f67c9be9b3/c.html,Typical-shape fallback: NEA 2024 provincial RE monitoring bulletin is not an hourly machine-readable feed; Jiangsu offshore wind + solar curtailment ~2.8 TWh/yr; NEA 2024 provincial RE monitoring bulletin. — solar share (50%),china-jiangsu.json,docs/validation/china-jiangsu-solar.md
china-jiangsu-wind,Jiangsu Wind,CHN,wind,static,T3-modelled,T3,modelled_or_fallback,1.400000,0.840000,1.960000,modelled annual central encoded in static/typical snapshot,2024,no_modelled_envelope_only,yes,yes,annual/modelled central value mapped to typical profile; not measured hourly curtailment,NEA 2024 provincial RE monitoring bulletin — offshore wind curtailment (wind 50% of ~2.8 TWh/yr),https://www.nea.gov.cn/20251113/cc1fb0298a2944f8bd5441f67c9be9b3/c.html,Typical-shape fallback: NEA 2024 provincial RE monitoring bulletin is not an hourly machine-readable feed; Jiangsu offshore wind + solar curtailment ~2.8 TWh/yr; NEA 2024 provincial RE monitoring bulletin. — wind share (50%),china-jiangsu.json,docs/validation/china-jiangsu-wind.md
china-jiangxi,Jiangxi,CHN,solar,static,T3-modelled,T3,modelled_or_fallback,0.400000,0.240000,0.560000,modelled annual central encoded in static/typical snapshot,2024,no_modelled_envelope_only,yes,no,annual/modelled central value mapped to typical profile; not measured hourly curtailment,"NEA 2024 provincial RE monitoring bulletin — solar curtailment ~0.4 TWh/yr (99.0% PV utilisation, 25+ GW distributed solar)",https://www.nea.gov.cn/20251113/cc1fb0298a2944f8bd5441f67c9be9b3/c.html,"Typical-shape fallback: NEA 2024 provincial RE monitoring bulletin is not an hourly machine-readable feed; Jiangxi solar curtailment ~0.4 TWh/yr; NEA 2024 provincial RE monitoring bulletin (99.0% PV utilisation, 25+ GW distributed solar).",china-jiangxi.json,docs/validation/china-jiangxi.md
china-jilin,Jilin,CHN,wind,static,,unknown,no_emitted_snapshot,,,,no emitted snapshot row,2024,no_missing_snapshot,no,no,,NEA 2024 provincial RE monitoring bulletin — wind curtailment ~1 TWh/yr (northeast grid; Baicheng wind corridor),https://www.nea.gov.cn/20251113/cc1fb0298a2944f8bd5441f67c9be9b3/c.html,,,docs/validation/china-jilin.md
china-liaoning,Liaoning,CHN,wind,static,T3-modelled,T3,modelled_or_fallback,1.600000,0.960000,2.240000,modelled annual central encoded in static/typical snapshot,2024,no_modelled_envelope_only,yes,no,annual/modelled central value mapped to typical profile; not measured hourly curtailment,NEA 2024 provincial RE monitoring bulletin — wind curtailment ~1.6 TWh/yr (northeast grid transmission constraint),https://www.nea.gov.cn/20251113/cc1fb0298a2944f8bd5441f67c9be9b3/c.html,Typical-shape fallback: NEA 2024 provincial RE monitoring bulletin is not an hourly machine-readable feed; Liaoning wind curtailment ~1.6 TWh/yr; NEA 2024 provincial RE monitoring bulletin (northeast grid transmission constraint).,china-liaoning.json,docs/validation/china-liaoning.md
china-shaanxi,Shaanxi,CHN,solar,static,T3-modelled,T3,modelled_or_fallback,1.100000,0.660000,1.540000,modelled annual central encoded in static/typical snapshot,2024,no_modelled_envelope_only,yes,no,annual/modelled central value mapped to typical profile; not measured hourly curtailment,NEA 2024 provincial RE monitoring bulletin — solar curtailment ~1.1 TWh/yr (Guanzhong basin PV),https://www.nea.gov.cn/20251113/cc1fb0298a2944f8bd5441f67c9be9b3/c.html,Typical-shape fallback: NEA 2024 provincial RE monitoring bulletin is not an hourly machine-readable feed; Shaanxi solar curtailment ~1.1 TWh/yr; NEA 2024 provincial RE monitoring bulletin (Guanzhong basin PV).,china-shaanxi.json,docs/validation/china-shaanxi.md
china-shandong,Shandong,CHN,solar,static,T3-modelled,T3,modelled_or_fallback,4.500000,2.700000,6.300000,modelled annual central encoded in static/typical snapshot,2024,no_modelled_envelope_only,yes,no,annual/modelled central value mapped to typical profile; not measured hourly curtailment,NEA 2024 provincial RE monitoring bulletin — solar curtailment ~4.5 TWh/yr (96.3% PV utilisation),https://www.nea.gov.cn/20251113/cc1fb0298a2944f8bd5441f67c9be9b3/c.html,Typical-shape fallback: NEA 2024 provincial RE monitoring bulletin is not an hourly machine-readable feed; Shandong solar curtailment ~4.5 TWh/yr; NEA 2024 provincial RE monitoring bulletin (96.3% PV utilisation rate).,china-shandong.json,docs/validation/china-shandong.md
china-shanghai,Shanghai,CHN,solar,static,T3-modelled,T3,modelled_or_fallback,0.010000,0.006000,0.014000,modelled annual central encoded in static/typical snapshot,2024,no_modelled_envelope_only,yes,no,annual/modelled central value mapped to typical profile; not measured hourly curtailment,"NEA 2024 provincial RE monitoring bulletin — solar curtailment ~0.01 TWh/yr (100% PV utilisation; effectively zero, placeholder)",https://www.nea.gov.cn/20251113/cc1fb0298a2944f8bd5441f67c9be9b3/c.html,"Typical-shape fallback: NEA 2024 provincial RE monitoring bulletin is not an hourly machine-readable feed; Shanghai solar curtailment ~0.01 TWh/yr; NEA 2024 provincial RE monitoring bulletin (100% PV utilisation; effectively zero, placeholder).",china-shanghai.json,docs/validation/china-shanghai.md
china-shanxi-solar,Shanxi Solar,CHN,solar,static,T3-modelled,T3,modelled_or_fallback,0.560000,0.336000,0.784000,modelled annual central encoded in static/typical snapshot,2024,no_modelled_envelope_only,yes,yes,annual/modelled central value mapped to typical profile; not measured hourly curtailment,NEA 2024 provincial RE monitoring bulletin — solar curtailment (solar 40% of ~1.4 TWh/yr),https://www.nea.gov.cn/20251113/cc1fb0298a2944f8bd5441f67c9be9b3/c.html,Typical-shape fallback: NEA 2024 provincial RE monitoring bulletin is not an hourly machine-readable feed; Shanxi mixed wind+solar curtailment ~1.4 TWh/yr; NEA 2024 provincial RE monitoring bulletin. — solar share (40%),china-shanxi.json,docs/validation/china-shanxi-solar.md
china-shanxi-wind,Shanxi Wind,CHN,wind,static,T3-modelled,T3,modelled_or_fallback,0.840000,0.504000,1.176000,modelled annual central encoded in static/typical snapshot,2024,no_modelled_envelope_only,yes,yes,annual/modelled central value mapped to typical profile; not measured hourly curtailment,NEA 2024 provincial RE monitoring bulletin — wind curtailment (wind 60% of ~1.4 TWh/yr),https://www.nea.gov.cn/20251113/cc1fb0298a2944f8bd5441f67c9be9b3/c.html,Typical-shape fallback: NEA 2024 provincial RE monitoring bulletin is not an hourly machine-readable feed; Shanxi mixed wind+solar curtailment ~1.4 TWh/yr; NEA 2024 provincial RE monitoring bulletin. — wind share (60%),china-shanxi.json,docs/validation/china-shanxi-wind.md
china-tianjin,Tianjin,CHN,mixed,static,T3-modelled,T3,modelled_or_fallback,0.160000,0.096000,0.224000,modelled annual central encoded in static/typical snapshot,2024,no_modelled_envelope_only,yes,yes,annual/modelled central value mapped to typical profile; not measured hourly curtailment,NEA 2024 provincial RE monitoring bulletin — mixed wind+solar curtailment ~0.16 TWh/yr,https://www.nea.gov.cn/20251113/cc1fb0298a2944f8bd5441f67c9be9b3/c.html,Typical-shape fallback: NEA 2024 provincial RE monitoring bulletin is not an hourly machine-readable feed; Tianjin mixed wind+solar curtailment ~0.16 TWh/yr; NEA 2024 provincial RE monitoring bulletin.,china-tianjin.json,docs/validation/china-tianjin.md
china-zhejiang,Zhejiang,CHN,mixed,static,T3-modelled,T3,modelled_or_fallback,0.800000,0.480000,1.120000,modelled annual central encoded in static/typical snapshot,2024,no_modelled_envelope_only,yes,yes,annual/modelled central value mapped to typical profile; not measured hourly curtailment,NEA 2024 provincial RE monitoring bulletin — coastal mixed wind+solar curtailment ~0.8 TWh/yr,https://www.nea.gov.cn/20251113/cc1fb0298a2944f8bd5441f67c9be9b3/c.html,Typical-shape fallback: NEA 2024 provincial RE monitoring bulletin is not an hourly machine-readable feed; Zhejiang coastal mixed wind+solar curtailment ~0.8 TWh/yr; NEA 2024 provincial RE monitoring bulletin.,china-zhejiang.json,docs/validation/china-zhejiang.md
colombia,Colombia,COL,hydro,live-domestic-anchored,T1b-live-domestic-anchored,T1b,domestic_direct_with_relay,,,,ambiguous source-note annual hint; manual extraction required,2026,hold_for_human_review_colombia_relay,no,yes,,"XM SinerGox API (servapibi.xm.com.co/daily, POST MetricId=VertEner Entity=Sistema) — direct live path tried first; committed CSV relay fallback if geoblocked. Trailing-365-day annualised total. 5-yr baseline 7.53 TWh/yr (range 0.53–13.12 TWh/yr ENSO-driven). Bimodal hydro-seasonal shape (Apr–Jun + Oct–Nov peaks). T1b, ±50% envelope.",https://servapibi.xm.com.co/daily,"XM SinerGox API (servapibi.xm.com.co/daily, MetricId=VertEner, Entity=Sistema). CSV relay fallback (1667-day committed CSV, latest: 2026-04-28). 5-yr baseline 7.53 TWh/yr (range 0.53–13.12 TWh/yr ENSO-driven). Bimodal Colombian hydro-seasonal shape (Apr–Jun + Oct–Nov peaks). T1b, ±50% envelope. — current 30-day seasonal factor 1.23×",colombia.json,docs/validation/colombia.md
comoros,Comoros,COM,solar,static,,unknown,no_emitted_snapshot,,,,no emitted snapshot row,2025,no_missing_snapshot,no,no,,IRENA RCS 2025 / MA-MWE (~5 MW PV + diesel; island grid),https://www.irena.org/Data/Downloads/IRENASTAT,,,docs/validation/comoros.md
congo-drc,DR Congo,COD,hydro,static,,unknown,no_emitted_snapshot,,,,no emitted snapshot row,2024,no_missing_snapshot,no,no,,IRENA DRC 2024 (SNEL; Inga hydro complex ~2.5 GW; SAPP),https://www.snel.cd/,,,docs/validation/congo-drc.md
congo-republic,Republic of Congo,COG,hydro,static,,unknown,no_emitted_snapshot,,,,no emitted snapshot row,2025,no_missing_snapshot,no,no,,IRENA RCS 2025 / SNE Congo (Moukoukoulou hydro + gas),https://www.irena.org/Data/Downloads/IRENASTAT,,,docs/validation/congo-republic.md
costa-rica,Costa Rica,CRI,hydro,static,,unknown,no_emitted_snapshot,,,,no emitted snapshot row,2024,no_missing_snapshot,no,no,,IRENA Costa Rica 2024 (98% renewable; hydro spill not anchored to hourly feed; ICE/CENCE),https://www.grupoice.com/,,,docs/validation/costa-rica.md
cote-divoire,Cote d'Ivoire,CIV,solar,static,,unknown,no_emitted_snapshot,,,,no emitted snapshot row,2024,no_missing_snapshot,no,no,,IRENA Cote d'Ivoire 2024 (CIE; major WAPP exporter),https://www.cie.ci/,,,docs/validation/cote-divoire.md
croatia-solar,Croatia Solar,HRV,solar,live,T1a-live-tso,T1a,live_operator_feed,,,,needs calendar-year aggregation or source-note validation,2026,no_pending_annual_aggregation,no,no,,ENTSO-E HOPS solar,https://transparency.entsoe.eu/,HOPS Croatia ENTSO-E A75 solar: regional default ~2%.,entsoe.json,docs/validation/croatia-solar.md
croatia-wind,Croatia Wind,HRV,wind,live,T1a-live-tso,T1a,live_operator_feed,,,,needs calendar-year aggregation or source-note validation,2026,no_pending_annual_aggregation,no,no,,ENTSO-E HOPS wind,https://transparency.entsoe.eu/,HOPS Croatia ENTSO-E A75 wind: regional default ~2.5%.,entsoe.json,docs/validation/croatia-wind.md
cuba,Cuba,CUB,mixed,static,,unknown,no_emitted_snapshot,,,,no emitted snapshot row,2024,no_missing_snapshot,no,no,,Cuba UNE 2022-24 grid restoration + Ember Cuba Electricity Review 2024 (post-Hurricane-Ian grid stress; not steady-state anchor),https://www.une.cu/,,,docs/validation/cuba.md
cyprus,Cyprus,CYP,solar,static,T3-modelled,T3,modelled_or_fallback,0.100000,0.060000,0.140000,modelled annual central encoded in static/typical snapshot,2024,no_modelled_envelope_only,yes,no,annual/modelled central value mapped to typical profile; not measured hourly curtailment,TSOC fallback,https://tsoc.org.cy/,Typical-shape fallback: TSOC/EAC live feed unavailable (HTTP 403 for https://tsoc.org.cy/); isolated-grid solar curtailment scaled to ~0.1 TWh/yr.,cyprus.json,docs/validation/cyprus.md
czech-republic-solar,Czech Republic Solar,CZE,solar,live,T1a-live-tso,T1a,live_operator_feed,,,,needs calendar-year aggregation or source-note validation,2026,no_pending_annual_aggregation,no,no,,ENTSO-E CEPS solar,https://transparency.entsoe.eu/,CEPS 2024: solar dominant,entsoe.json,docs/validation/czech-republic-solar.md
czech-republic-wind,Czech Republic Wind,CZE,wind,live,T1a-live-tso,T1a,live_operator_feed,,,,needs calendar-year aggregation or source-note validation,2026,no_pending_annual_aggregation,no,no,,ENTSO-E CEPS wind,https://transparency.entsoe.eu/,CEPS 2024: wind secondary,entsoe.json,docs/validation/czech-republic-wind.md
denmark,denmark,,,,T1a-live-tso,T1a,generation_or_feed_x_rate,,,,needs calendar-year aggregation or source-note validation,2026,no_pending_annual_aggregation,no,no,generation/feed multiplied by citable or assumed curtailment rate; check source scope,,,Energinet wind+solar × 4% curtailment proxy (observed 30d split: wind 70% / solar 30%),denmark.json,
denmark-east-solar,Denmark DK2 Solar,DNK,solar,live,,unknown,no_emitted_snapshot,,,,no emitted snapshot row,,no_missing_snapshot,no,no,,Energinet DK2 solar (25% share),https://api.energidataservice.dk/,,,docs/validation/denmark-east-solar.md
denmark-east-wind,Denmark DK2 Wind,DNK,wind,live,,unknown,no_emitted_snapshot,,,,no emitted snapshot row,,no_missing_snapshot,no,no,,Energinet DK2 wind (25% share),https://api.energidataservice.dk/,,,docs/validation/denmark-east-wind.md
denmark-west-solar,Denmark DK1 Solar,DNK,solar,live,,unknown,no_emitted_snapshot,,,,no emitted snapshot row,,no_missing_snapshot,no,no,,Energinet DK1 solar (75% share),https://api.energidataservice.dk/,,,docs/validation/denmark-west-solar.md
denmark-west-wind,Denmark DK1 Wind,DNK,wind,live,,unknown,no_emitted_snapshot,,,,no emitted snapshot row,,no_missing_snapshot,no,no,,Energinet DK1 wind (75% share),https://api.energidataservice.dk/,,,docs/validation/denmark-west-wind.md
djibouti,Djibouti,DJI,solar,static,,unknown,no_emitted_snapshot,,,,no emitted snapshot row,2025,no_missing_snapshot,no,no,,IRENA RCS 2025 / EDD (~15 MW solar; geothermal in development),https://www.irena.org/Data/Downloads/IRENASTAT,,,docs/validation/djibouti.md
dominica,Dominica,DMA,solar,static,,unknown,no_emitted_snapshot,,,,no emitted snapshot row,2025,no_missing_snapshot,no,no,,IRENA RCS 2025 / DOMLEC (hydro + solar + geothermal in development),https://www.irena.org/Data/Downloads/IRENASTAT,,,docs/validation/dominica.md
dominican-republic,Dominican Republic,DOM,solar,static,,unknown,no_emitted_snapshot,,,,no emitted snapshot row,2026,no_missing_snapshot,no,no,,"IRENA Dominican Republic 2024 + OC (Organismo Coordinador del SENI) Reportes de Operacion 2024. Live promotion attempt 2026-04-29 reverted: OC `GetGeneracionReprogramadaJSon` endpoint exposes scheduled/actual total generation, not renewable-specific curtailed-energy. Held at T3 pending a genuine curtailment source.",https://www.oc.org.do/,,,docs/validation/dominican-republic.md
e-saudi,E. Saudi Arabia,SAU,flare,flare,,T2-flare,no_emitted_snapshot,,,,no emitted snapshot row,,no_missing_snapshot,no,no,,VIIRS + GGFR,https://www.worldbank.org/en/programs/gasflaringreduction,,,docs/validation/e-saudi.md
east-timor,Timor-Leste,TLS,solar,static,,unknown,no_emitted_snapshot,,,,no emitted snapshot row,2025,no_missing_snapshot,no,no,,IRENA RCS 2025 / EDTL (~30 MW solar + diesel; small island grid),https://www.irena.org/Data/Downloads/IRENASTAT,,,docs/validation/east-timor.md
ecuador,Ecuador,ECU,hydro,static,,unknown,no_emitted_snapshot,,,,no emitted snapshot row,2024,no_missing_snapshot,no,no,,IRENA Ecuador 2024 (hydro-dominated; CENACE Ecuador PDF reports; at inclusion threshold),https://www.cenace.gob.ec/,,,docs/validation/ecuador.md
egypt,Egypt,EGY,solar,static,T3-modelled,T3,modelled_or_fallback,0.300000,0.180000,0.420000,modelled annual central encoded in static/typical snapshot,2024,no_modelled_envelope_only,yes,no,annual/modelled central value mapped to typical profile; not measured hourly curtailment,NREA / Benban frequency disconnections,https://nrea.gov.eg/,Typical-shape fallback: NREA Egypt live feed unavailable (NREA public pages publish annual/monthly PDFs but no machine-readable hourly curtailment feed); Benban PV curtailment calibrated to ~0.3 TWh/yr from ~200 hrs frequency-driven disconnection events 2024,egypt.json,docs/validation/egypt.md
el-salvador,El Salvador,SLV,solar,static,,unknown,no_emitted_snapshot,,,,no emitted snapshot row,2024,no_missing_snapshot,no,no,,IRENA Renewable Energy Statistics 2024 (El Salvador VRE share),https://www.ut.com.sv/,,,docs/validation/el-salvador.md
equatorial-guinea,Equatorial Guinea,GNQ,mixed,static,,unknown,no_emitted_snapshot,,,,no emitted snapshot row,2025,no_missing_snapshot,no,no,,IRENA RCS 2025 / SEGESA (gas + Djibloho hydro; small grid),https://www.irena.org/Data/Downloads/IRENASTAT,,,docs/validation/equatorial-guinea.md
ercot-east,ercot-east,,,,T1-live-TSO,T1a,generation_or_feed_x_rate,,,,needs calendar-year aggregation or source-note validation,2026,no_pending_annual_aggregation,no,no,generation/feed multiplied by citable or assumed curtailment rate; check source scope,,,"EIA ERCO wind+solar × calibrated rates, 34% East/Central geographic split (wind 77% / solar 23%)",ercot.json,
ercot-east-solar,ERCOT East Solar,USA,solar,live,,unknown,no_emitted_snapshot,,,,no emitted snapshot row,,no_missing_snapshot,no,no,,EIA ERCO solar,https://www.eia.gov/opendata/browser/electricity/rto/fuel-type-data,,,docs/validation/ercot-east-solar.md
ercot-east-wind,ERCOT East Wind,USA,wind,live,,unknown,no_emitted_snapshot,,,,no emitted snapshot row,,no_missing_snapshot,no,no,,EIA ERCO wind,https://www.eia.gov/opendata/browser/electricity/rto/fuel-type-data,,,docs/validation/ercot-east-wind.md
ercot-native-east,ercot-native-east,,,,T1-live-TSO,T1a,live_operator_feed,,,,needs calendar-year aggregation or source-note validation,2026,no_pending_annual_aggregation,no,no,,,,Seed fallback copied from EIA ERCOT East proxy; native ERCOT remains disabled until Vercel-US probe produces parseable SCED data.,ercot-native.json,
ercot-native-west,ercot-native-west,,,,T1-live-TSO,T1a,live_operator_feed,,,,needs calendar-year aggregation or source-note validation,2026,no_pending_annual_aggregation,no,no,,,,Seed fallback copied from EIA ERCOT West proxy; native ERCOT remains disabled until Vercel-US probe produces parseable SCED data.,ercot-native.json,
ercot-west,ercot-west,,,,T1-live-TSO,T1a,generation_or_feed_x_rate,,,,needs calendar-year aggregation or source-note validation,2026,no_pending_annual_aggregation,no,no,generation/feed multiplied by citable or assumed curtailment rate; check source scope,,,"EIA ERCO wind+solar × calibrated rates, 66% West/Panhandle geographic split (wind 77% / solar 23%)",ercot.json,
ercot-west-solar,ERCOT West Solar,USA,solar,live,,unknown,no_emitted_snapshot,,,,no emitted snapshot row,,no_missing_snapshot,no,no,,EIA ERCO solar,https://www.eia.gov/opendata/browser/electricity/rto/fuel-type-data,,,docs/validation/ercot-west-solar.md
ercot-west-wind,ERCOT West Wind,USA,wind,live,,unknown,no_emitted_snapshot,,,,no emitted snapshot row,,no_missing_snapshot,no,no,,EIA ERCO wind,https://www.eia.gov/opendata/browser/electricity/rto/fuel-type-data,,,docs/validation/ercot-west-wind.md
eritrea,Eritrea,ERI,solar,static,,unknown,no_emitted_snapshot,,,,no emitted snapshot row,2025,no_missing_snapshot,no,no,,IRENA RCS 2025 / EEC (~10 MW PV; isolated grid),https://www.irena.org/Data/Downloads/IRENASTAT,,,docs/validation/eritrea.md
estonia,Estonia,EST,wind,live,T1a-live-tso,T1a,live_operator_feed,,,,needs calendar-year aggregation or source-note validation,2026,no_pending_annual_aggregation,no,no,,ENTSO-E Elering,https://transparency.entsoe.eu/,Elering Estonia ENTSO-E A75 feed. Wind 2.5% regional default.,entsoe.json,docs/validation/estonia.md
eswatini,Eswatini,SWZ,solar,static,,unknown,no_emitted_snapshot,,,,no emitted snapshot row,2024,no_missing_snapshot,no,no,,IRENA Eswatini 2024 (EEC; SAPP member; biomass+hydro),https://www.eec.co.sz/,,,docs/validation/eswatini.md
ethiopia,Ethiopia,ETH,hydro,static,T3-modelled,T3,modelled_or_fallback,2.560000,1.536000,3.584000,modelled annual central encoded in static/typical snapshot,2024,no_modelled_envelope_only,yes,no,annual/modelled central value mapped to typical profile; not measured hourly curtailment,EEP fallback,https://www.eep.com.et/,Typical-shape fallback: EEP live feed unavailable (EEP public pages expose no machine-readable hourly GERD/hydro spill feed); GERD/cascade hydro spill ~5 TWh/yr calibrated to Blue Nile Kiremt monsoon (NH summer peak Jul-Aug). — current 30-day seasonal factor 0.51×,ethiopia.json,docs/validation/ethiopia.md
fiji,Fiji,FJI,hydro,static,,unknown,no_emitted_snapshot,,,,no emitted snapshot row,2025,no_missing_snapshot,no,no,,IRENA RCS 2025 / EFL Fiji (Monasavu hydro + ~5 MW PV; Pacific island),https://www.irena.org/Data/Downloads/IRENASTAT,,,docs/validation/fiji.md
finland-solar,Finland Solar,FIN,solar,live,T1a-live-tso,T1a,live_operator_feed,,,,needs calendar-year aggregation or source-note validation,2026,no_pending_annual_aggregation,no,no,,ENTSO-E A75 FI B16 solar,https://transparency.entsoe.eu/,Finland 2024 solar (placeholder — real data requires live ENTSO-E fetch),entsoe.json,docs/validation/finland-solar.md
finland-wind,Finland Wind,FIN,wind,live,T1a-live-tso,T1a,generation_or_feed_x_rate,,,,needs calendar-year aggregation or source-note validation,2026,no_pending_annual_aggregation,no,no,generation/feed multiplied by citable or assumed curtailment rate; check source scope,ENTSO-E A75 FI B19 wind,https://transparency.entsoe.eu/,ENTSO-E wind B19 × 5% calibrated (observed 30d split: wind 100%). Finland wind-only calibration; solar negligible at Finnish latitude.,entsoe.json,docs/validation/finland-wind.md
florida,Florida,USA,solar,static,,unknown,no_emitted_snapshot,,,,no emitted snapshot row,2024,no_missing_snapshot,no,no,,"EIA FLA solar generation exists, but no published curtailment rate from FRCC/FPL. 0.5 TWh/yr provisional anchor — requires FRCC market monitor or FPL IRP 2024 published curtailment figure to move to T1.",https://www.eia.gov/opendata/browser/electricity/rto/fuel-type-data,,,docs/validation/florida.md
france-solar,France Solar,FRA,solar,live,T1a-live-tso,T1a,generation_or_feed_x_rate,,,,needs calendar-year aggregation or source-note validation,2026,no_pending_annual_aggregation,no,no,generation/feed multiplied by citable or assumed curtailment rate; check source scope,RTE eco2mix solar,https://odre.opendatasoft.com/,RTE eco2mix solar × 3% curtailment (observed 30d split: wind 50% / solar 50%),france.json,docs/validation/france-solar.md
france-wind,France Wind,FRA,wind,live,T1a-live-tso,T1a,generation_or_feed_x_rate,,,,needs calendar-year aggregation or source-note validation,2026,no_pending_annual_aggregation,no,no,generation/feed multiplied by citable or assumed curtailment rate; check source scope,RTE eco2mix wind,https://odre.opendatasoft.com/,RTE eco2mix wind × 3% curtailment (observed 30d split: wind 50% / solar 50%),france.json,docs/validation/france-wind.md
french-guiana,French Guiana,GUF,solar,static,,unknown,no_emitted_snapshot,,,,no emitted snapshot row,2024,no_missing_snapshot,no,no,,EDF SEI Bilan Previsionnel Guyane 2024 (below normal inclusion threshold; included for completeness as the only South-American French overseas territory),https://www.edf.fr/edf-sei/,,,docs/validation/french-guiana.md
gabon,Gabon,GAB,hydro,static,,unknown,no_emitted_snapshot,,,,no emitted snapshot row,2024,no_missing_snapshot,no,no,,IRENA Gabon 2024 (SEEG; hydro+gas; flaring relevant),https://www.seeg-gabon.com/,,,docs/validation/gabon.md
gambia,Gambia,GMB,solar,static,,unknown,no_emitted_snapshot,,,,no emitted snapshot row,2025,no_missing_snapshot,no,no,,IRENA RCS 2025 / NAWEC (~10 MW PV + diesel; small West African grid),https://www.irena.org/Data/Downloads/IRENASTAT,,,docs/validation/gambia.md
gansu-solar,Gansu Solar,CHN,solar,static,T3-modelled,T3,modelled_or_fallback,1.200000,0.720000,1.680000,modelled annual central encoded in static/typical snapshot,2025,no_modelled_envelope_only,yes,yes,annual/modelled central value mapped to typical profile; not measured hourly curtailment,NEA 2024 / Gansu MIIT generation,https://www.nea.gov.cn/20251113/cc1fb0298a2944f8bd5441f67c9be9b3/c.html,Typical-shape fallback: Ember GER 2025 + S&P Rising Curtailment in China 2024 / NEA feed unavailable (Ember/S&P/NEA China province curtailment references are not hourly machine-readable feeds); Jiuquan/Wuwei wind+solar curtailment anchored at ~3.0 TWh/yr. — solar share (40%),gansu.json,docs/validation/gansu-solar.md
gansu-wind,Gansu Wind,CHN,wind,static,T3-modelled,T3,modelled_or_fallback,1.800000,1.080000,2.520000,modelled annual central encoded in static/typical snapshot,2025,no_modelled_envelope_only,yes,yes,annual/modelled central value mapped to typical profile; not measured hourly curtailment,NEA 2024 / Gansu MIIT generation,https://www.nea.gov.cn/20251113/cc1fb0298a2944f8bd5441f67c9be9b3/c.html,Typical-shape fallback: Ember GER 2025 + S&P Rising Curtailment in China 2024 / NEA feed unavailable (Ember/S&P/NEA China province curtailment references are not hourly machine-readable feeds); Jiuquan/Wuwei wind+solar curtailment anchored at ~3.0 TWh/yr. — wind share (60%),gansu.json,docs/validation/gansu-wind.md
gb-england-wales-solar,GB England+Wales Solar,GBR,solar,live,,unknown,no_emitted_snapshot,,,,no emitted snapshot row,,no_missing_snapshot,no,no,,Elexon BMRS solar (England+Wales ~30% share),https://www.elexon.co.uk/data/,,,docs/validation/gb-england-wales-solar.md
gb-england-wales-wind,GB England+Wales Wind,GBR,wind,live,,unknown,no_emitted_snapshot,,,,no emitted snapshot row,,no_missing_snapshot,no,no,,Elexon BMRS wind (England+Wales ~30% share),https://www.elexon.co.uk/data/,,,docs/validation/gb-england-wales-wind.md
gb-scotland-solar,GB Scotland Solar,GBR,solar,live,,unknown,no_emitted_snapshot,,,,no emitted snapshot row,,no_missing_snapshot,no,no,,Elexon BMRS solar (Scotland ~70% share via NESO constraint boundary),https://www.elexon.co.uk/data/,,,docs/validation/gb-scotland-solar.md
gb-scotland-wind,GB Scotland Wind,GBR,wind,live,,unknown,no_emitted_snapshot,,,,no emitted snapshot row,,no_missing_snapshot,no,no,,Elexon BMRS wind (Scotland ~70% share via NESO constraint boundary),https://www.elexon.co.uk/data/,,,docs/validation/gb-scotland-wind.md
georgia,Georgia,GEO,mixed,static,,unknown,no_emitted_snapshot,,,,no emitted snapshot row,2024,no_missing_snapshot,no,no,,"IRENA RE Statistics 2024 (~100 MW solar+wind combined, ~1.8 GW hydro); modelled curtailment ~2% per regional default",https://www.irena.org/Data/Energy-Profiles,,,docs/validation/georgia.md
germany-solar,Germany Solar,DEU,solar,live,T1a-live-tso,T1a,live_operator_feed,1.390000,,,source-note annual hint; manual validation required,2026,candidate_after_manual_validation,no,yes,,ENTSO-E BNetzA/SMARD solar,https://transparency.entsoe.eu/,Germany 2024 BNetzA/SMARD solar: 1.39 TWh,entsoe.json,docs/validation/germany-solar.md
germany-wind,Germany Wind,DEU,wind,live,T1a-live-tso,T1a,live_operator_feed,,,,needs calendar-year aggregation or source-note validation,2026,no_pending_annual_aggregation,no,no,,ENTSO-E BNetzA/SMARD wind,https://transparency.entsoe.eu/,Germany 2024 BNetzA/SMARD wind,entsoe.json,docs/validation/germany-wind.md
ghana,Ghana,GHA,solar,static,,unknown,no_emitted_snapshot,,,,no emitted snapshot row,2024,no_missing_snapshot,no,no,,Ember Ghana 2024 (GRIDCo TSO; Akosombo hydro + PV),https://www.gridcogh.com/,,,docs/validation/ghana.md
greece-solar,Greece Solar,GRC,solar,live,T1a-live-tso,T1a,live_operator_feed,,,,needs calendar-year aggregation or source-note validation,2026,no_pending_annual_aggregation,no,no,,ENTSO-E IPTO 2024 solar,https://transparency.entsoe.eu/,Greece 2024 IPTO solar: 430 GWh,entsoe.json,docs/validation/greece-solar.md
greece-wind,Greece Wind,GRC,wind,live,T1a-live-tso,T1a,live_operator_feed,,,,needs calendar-year aggregation or source-note validation,2026,no_pending_annual_aggregation,no,no,,ENTSO-E IPTO 2024 wind,https://transparency.entsoe.eu/,Greece 2024 IPTO wind: 430 GWh,entsoe.json,docs/validation/greece-wind.md
grenada,Grenada,GRD,solar,static,,unknown,no_emitted_snapshot,,,,no emitted snapshot row,2025,no_missing_snapshot,no,no,,IRENA RCS 2025 / GRENLEC (~5 MW solar + oil; island grid),https://www.irena.org/Data/Downloads/IRENASTAT,,,docs/validation/grenada.md
guatemala,Guatemala,GTM,solar,static,,unknown,no_emitted_snapshot,,,,no emitted snapshot row,2024,no_missing_snapshot,no,no,,IRENA Renewable Energy Statistics 2024 (Guatemala VRE share) + AMM Plan Operativo 2024,https://www.amm.org.gt/,,,docs/validation/guatemala.md
guatemala-siepac,Central America (SIEPAC),GTM,solar,static,,unknown,no_emitted_snapshot,,,,no emitted snapshot row,2024,no_missing_snapshot,no,no,,IRENA Central America Interconnect 2024 (SIEPAC corridor; EOR Ente Operador Regional),https://www.enteoperador.org/,,,docs/validation/guatemala-siepac.md
guinea,Guinea,GIN,hydro,static,,unknown,no_emitted_snapshot,,,,no emitted snapshot row,2025,no_missing_snapshot,no,no,,IRENA RCS 2025 / EDG Guinea (Garafiri + Kaleta + Souapiti hydro; hydro-dominant),https://www.irena.org/Data/Downloads/IRENASTAT,,,docs/validation/guinea.md
guinea-bissau,Guinea-Bissau,GNB,solar,static,,unknown,no_emitted_snapshot,,,,no emitted snapshot row,2025,no_missing_snapshot,no,no,,IRENA RCS 2025 / EAGB (~5 MW PV + diesel; very small grid),https://www.irena.org/Data/Downloads/IRENASTAT,,,docs/validation/guinea-bissau.md
guyana,Guyana,GUY,flare,static,,unknown,no_emitted_snapshot,,,,no emitted snapshot row,2024,no_missing_snapshot,no,no,,GGFR 2024 Guyana Stabroek block flaring offshore (Liza FPSO; upstream off-grid lifted onto GPL coverage),https://www.gplinc.com/,,,docs/validation/guyana.md
haiti,Haiti,HTI,solar,static,,unknown,no_emitted_snapshot,,,,no emitted snapshot row,2025,no_missing_snapshot,no,no,,IRENA RCS 2025 / EDH (~70 MW PV incl. Caracol 12 MW),https://www.irena.org/Data/Downloads/IRENASTAT,,,docs/validation/haiti.md
hawaii-island,Hawaii (Big Island),USA,mixed,static,,unknown,no_emitted_snapshot,,,,no emitted snapshot row,2024,no_missing_snapshot,no,no,,Hawaiian Electric RSWG (Hawaii Island: 58.7% renewable share 2024),https://www.hawaiianelectric.com/about-us/performance-scorecards-and-metrics/renewable-energy,,,docs/validation/hawaii-island.md
hawaii-maui,Hawaii (Maui),USA,solar,static,,unknown,no_emitted_snapshot,,,,no emitted snapshot row,,no_missing_snapshot,no,no,,Hawaiian Electric RSWG monthly reports (Maui island system),https://www.hawaiianelectric.com/about-us/performance-scorecards-and-metrics/renewable-energy,,,docs/validation/hawaii-maui.md
hawaii-oahu,Hawaii (Oahu),USA,solar,static,,unknown,no_emitted_snapshot,,,,no emitted snapshot row,2024,no_missing_snapshot,no,no,,"Hawaiian Electric RSWG monthly reports (Oahu: ~30% renewable share 2024, provisional)",https://www.hawaiianelectric.com/about-us/performance-scorecards-and-metrics/renewable-energy,,,docs/validation/hawaii-oahu.md
honduras,Honduras,HND,solar,static,T3-modelled,T3,modelled_or_fallback,0.200000,0.120000,0.280000,modelled annual central encoded in static/typical snapshot,2023,no_modelled_envelope_only,yes,no,annual/modelled central value mapped to typical profile; not measured hourly curtailment,ODS Honduras fallback,https://ods.org.hn/,Typical-shape fallback: ODS live feed unavailable (fetch failed); Honduras solar+wind curtailment calibrated to ODS-reported 201.87 GWh for 2023 (~0.2 TWh/yr).,honduras.json,docs/validation/honduras.md
hungary-solar,Hungary Solar,HUN,solar,live,T1a-live-tso,T1a,live_operator_feed,,,,needs calendar-year aggregation or source-note validation,2026,no_pending_annual_aggregation,no,no,,ENTSO-E MAVIR solar,https://transparency.entsoe.eu/,MAVIR 2024: solar dominant,entsoe.json,docs/validation/hungary-solar.md
hungary-wind,Hungary Wind,HUN,wind,live,T1a-live-tso,T1a,live_operator_feed,,,,needs calendar-year aggregation or source-note validation,2026,no_pending_annual_aggregation,no,no,,ENTSO-E MAVIR wind,https://transparency.entsoe.eu/,MAVIR 2024: wind secondary,entsoe.json,docs/validation/hungary-wind.md
iceland,Iceland,ISL,hydro,static,,unknown,no_emitted_snapshot,,,,no emitted snapshot row,,no_missing_snapshot,no,no,,Published,https://orkustofnun.is/,,,docs/validation/iceland.md
india-andhra-pradesh,Andhra Pradesh,IND,solar,static,T3-modelled,T3,generation_or_feed_x_rate,0.400000,0.240000,0.560000,modelled annual central encoded in static/typical snapshot,2024,no_modelled_envelope_only,yes,no,generation/feed multiplied by citable or assumed curtailment rate; check source scope,APTRANSCO / APSLDC (Andhra Pradesh Transmission Corporation Ltd / State Load Despatch Centre) — RE curtailment data at apsldc.in. Geoblocked from non-Indian IP ranges; loader currently emits T3-modelled typical-shape calibrated to POSOCO Southern Region 2024 (~0.4 TWh/yr solar curtailment). Will be promoted to T1a-live-tso when the India-egress relay activates the live parse.,https://apsldc.in/,"APSLDC unreachable (fetch failed); Typical-shape T3-modelled fallback calibrated to POSOCO Southern Region 2024 (~0.4 TWh/yr solar curtailment; Anantapur + Kadapa solar parks, Andhra Pradesh transmission bottlenecks post-bifurcation). State-level APSLDC source established; will be promoted to T1a-live-tso when the India-egress relay activates the live parse.",india-andhra-pradesh.json,docs/validation/india-andhra-pradesh.md
india-east,India East,IND,solar,static,T3-modelled,T3,modelled_or_fallback,0.200000,0.120000,0.280000,modelled annual central encoded in static/typical snapshot,2024,no_modelled_envelope_only,yes,no,annual/modelled central value mapped to typical profile; not measured hourly curtailment,ERLDC fallback,https://erldc.in/,Typical-shape fallback: ERLDC 2024 live feed unavailable (fetch failed); Odisha and West Bengal emerging PV curtailment anchored at ~0.2 TWh/yr.,india-east.json,docs/validation/india-east.md
india-gujarat,Gujarat,IND,solar,static,T3-modelled,T3,generation_or_feed_x_rate,1.000000,0.600000,1.400000,modelled annual central encoded in static/typical snapshot,2024,no_modelled_envelope_only,yes,no,generation/feed multiplied by citable or assumed curtailment rate; check source scope,GSLDC (Gujarat State Load Despatch Centre / GETCO) — RE curtailment reports at sldc.gujarat.gov.in. Geoblocked from non-Indian IP ranges; loader currently emits T3-modelled typical-shape calibrated to POSOCO/Ember India 2024 (~1.0 TWh/yr solar curtailment). Will be promoted to T1a-live-tso when the India-egress relay activates the live parse.,https://sldc.gujarat.gov.in/,"GSLDC unreachable (fetch failed); Typical-shape T3-modelled fallback calibrated to POSOCO/Ember India 2024 (~1.0 TWh/yr solar curtailment, Gujarat Khavda-Kutch transmission bottlenecks). State-level GSLDC source established; will be promoted to T1a-live-tso when the India-egress relay activates the live parse.",india-gujarat.json,docs/validation/india-gujarat.md
india-karnataka,Karnataka,IND,solar,static,T3-modelled,T3,generation_or_feed_x_rate,0.500000,0.300000,0.700000,modelled annual central encoded in static/typical snapshot,2026,no_modelled_envelope_only,yes,no,generation/feed multiplied by citable or assumed curtailment rate; check source scope,KSLDC (Karnataka State Load Despatch Centre) — real-time dashboard and curtailment PDFs at ksldc.in. Probed successfully in April 2026 coverage audit; parser not yet implemented. Loader currently emits T3-modelled typical-shape calibrated to POSOCO South Region 2024 (~0.5 TWh/yr Karnataka solar curtailment). Will be promoted to T1a-live-tso when the parser ships.,https://ksldc.in/,KSLDC unreachable (fetch failed); Typical-shape T3-modelled fallback calibrated to POSOCO South Region RE curtailment 2024 (~0.5 TWh/yr Karnataka solar curtailment; Pavagada Solar Park + Bidar solar + growing wind). State-level KSLDC source established; will be promoted to T1a-live-tso when the parser is complete.,india-karnataka.json,docs/validation/india-karnataka.md
india-maharashtra,Maharashtra,IND,mixed,static,T3-modelled,T3,generation_or_feed_x_rate,0.300000,0.180000,0.420000,modelled annual central encoded in static/typical snapshot,2024,no_modelled_envelope_only,yes,no,generation/feed multiplied by citable or assumed curtailment rate; check source scope,MSLDC (Maharashtra State Load Despatch Centre / MSEDCL) — RE curtailment and system data at msldc.mahavedha.com. Geoblocked from non-Indian IP ranges; loader currently emits T3-modelled typical-shape calibrated to POSOCO Western Region 2024 (~0.3 TWh/yr mixed solar+wind curtailment; Solapur solar + Satara/Dhule wind corridor). Will be promoted to T1a-live-tso when the India-egress relay activates the live parse.,https://msldc.mahavedha.com/,MSLDC unreachable (fetch failed); Typical-shape T3-modelled fallback calibrated to POSOCO Western Region 2024 (~0.3 TWh/yr mixed solar+wind curtailment; Solapur solar parks + Satara/Dhule wind corridor). Split 55% solar / 45% wind based on MW-weighted generation capacity (MNRE 2024). State-level MSLDC source established; will be promoted to T1a-live-tso when the India-egress relay activates the live parse.,india-maharashtra.json,docs/validation/india-maharashtra.md
india-rajasthan,Rajasthan,IND,solar,static,T3-modelled,T3,generation_or_feed_x_rate,3.500000,2.100000,4.900000,modelled annual central encoded in static/typical snapshot,2025,no_modelled_envelope_only,yes,yes,generation/feed multiplied by citable or assumed curtailment rate; check source scope,RRVPNL SLDC (Rajasthan State Load Despatch Centre) — RE curtailment downloads at sldc.rajasthan.gov.in. Geoblocked from non-Indian IP ranges; loader currently emits T3-modelled typical-shape calibrated to Ember India 2025 (~3.5 TWh/yr solar curtailment). Will be promoted to T1a-live-tso when the India-egress relay activates the live parse.,https://sldc.rajasthan.gov.in/,"RRVPNL SLDC unreachable (This operation was aborted); Typical-shape T3-modelled fallback calibrated to Ember India 2025 report (2.3 TWh solar curtailed May-Dec 2025 → annualised ~3.5 TWh/yr, Rajasthan transmission bottlenecks). State-level RRVPNL SLDC source established; will be promoted to T1a-live-tso when the India-egress relay activates the live parse.",india-rajasthan.json,docs/validation/india-rajasthan.md
india-tamil-nadu,Tamil Nadu,IND,wind,static,T3-modelled,T3,generation_or_feed_x_rate,1.000000,0.600000,1.400000,modelled annual central encoded in static/typical snapshot,2024,no_modelled_envelope_only,yes,no,generation/feed multiplied by citable or assumed curtailment rate; check source scope,TNSLDC (Tamil Nadu State Load Despatch Centre / TANTRANSCO) — RE curtailment and system operation reports at tnsldc.com. Geoblocked from non-Indian IP ranges; loader currently emits T3-modelled typical-shape calibrated to POSOCO South Region 2024 (~1.0 TWh/yr wind curtailment; India's largest wind state). Will be promoted to T1a-live-tso when the India-egress relay activates the live parse.,https://tnsldc.com/,"TNSLDC unreachable (fetch failed); Typical-shape T3-modelled fallback calibrated to POSOCO South Region RE curtailment 2024 (~1.0 TWh/yr Tamil Nadu wind curtailment; India's largest wind state, Gulf of Mannar + Palladam-Coimbatore corridor). State-level TNSLDC source established; will be promoted to T1a-live-tso when the India-egress relay activates the live parse.",india-tamil-nadu.json,docs/validation/india-tamil-nadu.md
indonesia,Indonesia,IDN,solar,static,T3-modelled,T3,modelled_or_fallback,0.300000,0.180000,0.420000,modelled annual central encoded in static/typical snapshot,2024,no_modelled_envelope_only,yes,no,annual/modelled central value mapped to typical profile; not measured hourly curtailment,PLN fallback,https://web.pln.co.id/,Typical-shape fallback: PLN live feed unavailable (PLN public pages do not expose machine-readable hourly curtailment); calibration anchor ~0.3 TWh/yr Java-Bali solar curtailment.,indonesia.json,docs/validation/indonesia.md
inner-mongolia,Inner Mongolia,CHN,wind,static,T3-modelled,T3,modelled_or_fallback,4.000000,2.400000,5.600000,modelled annual central encoded in static/typical snapshot,2025,no_modelled_envelope_only,yes,no,annual/modelled central value mapped to typical profile; not measured hourly curtailment,NEA 2024 / Huaon-NBS generation,https://www.nea.gov.cn/20251113/cc1fb0298a2944f8bd5441f67c9be9b3/c.html,Typical-shape fallback: Ember Global Electricity Review 2025 / NEA live hourly feed unavailable (Ember/NEA China province curtailment references are not exposed as hourly machine-readable feeds); Inner Mongolia wind transmission-limited curtailment anchored at ~4.0 TWh/yr.,inner-mongolia.json,docs/validation/inner-mongolia.md
iran,Iran,IRN,solar,static,T3-modelled,T3,generation_or_feed_x_rate,0.300000,0.180000,0.420000,modelled annual central encoded in static/typical snapshot,2024,no_modelled_envelope_only,yes,no,generation/feed multiplied by citable or assumed curtailment rate; check source scope,TAVANIR fallback,https://www.tavanir.org.ir/,"No public hourly curtailment feed; TAVANIR 2024 opaque public data, Yazd/Kerman solar curtailment anchored at ~0.3 TWh/yr × typical solar profile shape (T3-modelled, ±40% envelope).",iran.json,docs/validation/iran.md
iraq-mainland,Iraq (non-flare),IRQ,solar,static,T3-modelled,T3,modelled_or_fallback,0.100000,0.060000,0.140000,modelled annual central encoded in static/typical snapshot,2024,no_modelled_envelope_only,yes,no,annual/modelled central value mapped to typical profile; not measured hourly curtailment,Ministry of Electricity fallback,https://moelc.gov.iq/,"Typical-shape fallback: Iraq Ministry of Electricity 2024 live feed unavailable (Iraq Ministry public pages do not expose hourly solar curtailment data); Karbala and Dhi Qar PV curtailment anchored at ~0.1 TWh/yr, separate from flare region.",iraq-mainland.json,docs/validation/iraq-mainland.md
ireland-republic-solar,Ireland (Republic) Solar,IRL,solar,live,T1a-live-tso,T1a,live_operator_feed,,,,needs calendar-year aggregation or source-note validation,2026,no_pending_annual_aggregation,no,no,,EirGrid/SONI DD half-hourly workbook (ROI 58% solar share fallback),https://www.eirgrid.ie/grid/system-and-renewable-data-reports,Ireland 2024 solar (domestic-share fallback — per-fuel data not available),ireland.json,docs/validation/ireland-republic-solar.md
ireland-republic-wind,Ireland (Republic) Wind,IRL,wind,live,T1a-live-tso,T1a,live_operator_feed,,,,needs calendar-year aggregation or source-note validation,2026,no_pending_annual_aggregation,no,no,,EirGrid/SONI DD half-hourly workbook (ROI 58% of all-island DD),https://www.eirgrid.ie/grid/system-and-renewable-data-reports,EirGrid/SONI DD half-hourly workbook (https://cms.eirgrid.ie/sites/default/files/publications/DD-HH-2026-V4.xlsx); all-island dispatch-down split ROI 58% / NI 42% per SONI/EirGrid 2024 annual renewable constraint and curtailment anchor.,ireland.json,docs/validation/ireland-republic-wind.md
iso-ne,iso-ne,,,,T1-live-TSO,T1a,generation_or_feed_x_rate,,,,needs calendar-year aggregation or source-note validation,2026,no_pending_annual_aggregation,no,no,generation/feed multiplied by citable or assumed curtailment rate; check source scope,,,EIA ISNE hourly wind × 3.0% + solar × 2.0% calibrated curtailment (observed 30d split: wind 82% / solar 18%),iso-ne.json,docs/validation/iso-ne.md
iso-ne-maine-vermont,ISO-NE Maine/Vermont,USA,wind,live,,unknown,no_emitted_snapshot,,,,no emitted snapshot row,,no_missing_snapshot,no,no,,"EIA ISO-NE wind (ME+VT share, 93% of NE curtailment per IMM)",https://www.iso-ne.com/static-assets/documents/100023/2024-annual-markets-report.pdf,,,docs/validation/iso-ne-maine-vermont.md
iso-ne-rest-solar,ISO-NE (rest) Solar,USA,solar,live,,unknown,no_emitted_snapshot,,,,no emitted snapshot row,,no_missing_snapshot,no,no,,EIA ISO-NE solar (ex-ME/VT),https://www.eia.gov/opendata/browser/electricity/rto/fuel-type-data,,,docs/validation/iso-ne-rest-solar.md
iso-ne-rest-wind,ISO-NE (rest) Wind,USA,wind,live,,unknown,no_emitted_snapshot,,,,no emitted snapshot row,,no_missing_snapshot,no,no,,EIA ISO-NE wind (ex-ME/VT),https://www.eia.gov/opendata/browser/electricity/rto/fuel-type-data,,,docs/validation/iso-ne-rest-wind.md
israel,Israel,ISR,solar,static,T3-modelled,T3,modelled_or_fallback,0.150000,0.090000,0.210000,modelled annual central encoded in static/typical snapshot,2024,no_modelled_envelope_only,yes,no,annual/modelled central value mapped to typical profile; not measured hourly curtailment,Noga fallback,https://www.noga-iso.co.il/,Typical-shape fallback: Israel live feed unavailable (HTTP 403 for https://www.noga-iso.co.il/); calibration anchor ~0.15 TWh/yr Negev solar curtailment.,israel.json,docs/validation/israel.md
italy-north-zone-solar,Italy North Solar,ITA,solar,live-domestic-anchored,T1b-live-domestic-anchored,T1b,live_operator_feed,,,,needs calendar-year aggregation or source-note validation,2026,no_pending_annual_aggregation,no,no,,ENTSO-E Terna North zone solar,https://transparency.entsoe.eu/,ENTSO-E North Italy: ~35% of national curtailment,entsoe.json,docs/validation/italy-north-zone-solar.md
italy-north-zone-wind,Italy North Wind,ITA,wind,live-domestic-anchored,T1b-live-domestic-anchored,T1b,live_operator_feed,,,,needs calendar-year aggregation or source-note validation,2026,no_pending_annual_aggregation,no,no,,ENTSO-E Terna North zone wind,https://transparency.entsoe.eu/,ENTSO-E North Italy: ~35% of national curtailment,entsoe.json,docs/validation/italy-north-zone-wind.md
italy-sardinia-solar,Sardinia Solar,ITA,solar,live-domestic-anchored,T1b-live-domestic-anchored,T1b,live_operator_feed,,,,needs calendar-year aggregation or source-note validation,2026,no_pending_annual_aggregation,no,no,,ENTSO-E Terna Sardinia solar,https://transparency.entsoe.eu/,ENTSO-E Sardinia: island HVDC constraint,entsoe.json,docs/validation/italy-sardinia-solar.md
italy-sardinia-wind,Sardinia Wind,ITA,wind,live-domestic-anchored,T1b-live-domestic-anchored,T1b,live_operator_feed,,,,needs calendar-year aggregation or source-note validation,2026,no_pending_annual_aggregation,no,no,,ENTSO-E Terna Sardinia wind,https://transparency.entsoe.eu/,ENTSO-E Sardinia: island HVDC constraint,entsoe.json,docs/validation/italy-sardinia-wind.md
italy-sicily-solar,Sicily Solar,ITA,solar,live-domestic-anchored,T1b-live-domestic-anchored,T1b,live_operator_feed,,,,needs calendar-year aggregation or source-note validation,2026,no_pending_annual_aggregation,no,no,,ENTSO-E Terna Sicily solar,https://transparency.entsoe.eu/,ENTSO-E Sicily: island HVDC constraint,entsoe.json,docs/validation/italy-sicily-solar.md
italy-sicily-wind,Sicily Wind,ITA,wind,live-domestic-anchored,T1b-live-domestic-anchored,T1b,live_operator_feed,,,,needs calendar-year aggregation or source-note validation,2026,no_pending_annual_aggregation,no,no,,ENTSO-E Terna Sicily wind,https://transparency.entsoe.eu/,ENTSO-E Sicily: island HVDC constraint,entsoe.json,docs/validation/italy-sicily-wind.md
jamaica,Jamaica,JAM,solar,static,,unknown,no_emitted_snapshot,,,,no emitted snapshot row,2024,no_missing_snapshot,no,no,,Office of Utilities Regulation Jamaica Annual Report 2024 (Wigton wind + Content solar),https://www.jpsco.com/,,,docs/validation/jamaica.md
japan-chubu,Chubu (Japan),JPN,solar,live,T1a-live-tso,T1a,generation_or_feed_x_rate,0.050000,,,source-note annual hint; manual validation required,2026,candidate_after_manual_validation,no,yes,generation/feed multiplied by citable or assumed curtailment rate; check source scope,Chubu Electric Power Grid juyo CSV × 1% calibrated curtailment (OCCTO FY2024 Chubu anchor: ~0.05 TWh/yr),https://denki-yoho.chuden.jp/,Chubu Electric Power Grid (中部電力パワーグリッド) — live CSV endpoint unresolvable (2026-05-02); typical solar shape × OCCTO FY2024 Chubu anchor ~0.05 TWh/yr,japan-chubu.json,docs/validation/japan-chubu.md
japan-chugoku,Chugoku (Japan),JPN,solar,live,T1a-live-tso,T1a,generation_or_feed_x_rate,0.400000,,,source-note annual hint; manual validation required,2026,candidate_after_manual_validation,no,yes,generation/feed multiplied by citable or assumed curtailment rate; check source scope,Chugoku Electric juyo CSV (5-min solar) × 6% calibrated curtailment (OCCTO FY2024 Chugoku anchor: ~0.40 TWh/yr),https://www.energia.co.jp/nw/jukyuu/sys/,Chugoku Electric juyo CSV (5-min solar 万kW) × 6% calibrated curtailment (OCCTO FY2024 Chugoku anchor: ~0.40 TWh/yr),japan-chugoku.json,docs/validation/japan-chugoku.md
japan-hokkaido,Hokkaido (Japan),JPN,solar,live,T1a-live-tso,T1a,generation_or_feed_x_rate,0.100000,,,source-note annual hint; manual validation required,2026,candidate_after_manual_validation,no,yes,generation/feed multiplied by citable or assumed curtailment rate; check source scope,Hokkaido Electric juyo CSV (5-min solar) × 5% calibrated curtailment (OCCTO FY2024 Hokkaido anchor: ~0.10 TWh/yr),https://denkiyoho.hepco.co.jp/,Hokkaido Electric juyo CSV (5-min solar 万kW) × 5% calibrated curtailment (OCCTO FY2024 Hokkaido anchor: ~0.10 TWh/yr),japan-hokkaido.json,docs/validation/japan-hokkaido.md
japan-hokuriku,Hokuriku (Japan),JPN,solar,live,T1a-live-tso,T1a,generation_or_feed_x_rate,0.020000,,,source-note annual hint; manual validation required,2026,candidate_after_manual_validation,no,yes,generation/feed multiplied by citable or assumed curtailment rate; check source scope,Hokuriku Electric juyo CSV (5-min solar) × 1% calibrated curtailment (OCCTO FY2024 Hokuriku anchor: ~0.02 TWh/yr),https://www.rikuden.co.jp/nw/denki-yoho/,Hokuriku Electric juyo CSV (5-min solar 万kW) × 1% calibrated curtailment (OCCTO FY2024 Hokuriku anchor: ~0.02 TWh/yr),japan-hokuriku.json,docs/validation/japan-hokuriku.md
japan-kansai,Kansai (Japan),JPN,solar,live,T1a-live-tso,T1a,generation_or_feed_x_rate,0.050000,,,source-note annual hint; manual validation required,2025,candidate_after_manual_validation,no,yes,generation/feed multiplied by citable or assumed curtailment rate; check source scope,"Kansai Electric T&D juyo CSV (5-min solar, live) × 1% calibrated curtailment (OCCTO FY2024 Kansai anchor: ~0.05 TWh/yr)",https://www.kansai-td.co.jp/,"Kansai Electric T&D juyo CSV (5-min solar 万kW, live current-day) × 1% calibrated curtailment (OCCTO FY2024 Kansai anchor: ~0.05 TWh/yr)",japan-kansai.json,docs/validation/japan-kansai.md
japan-kyushu,Kyushu (Japan),JPN,solar,live,T1a-live-tso,T1a,generation_or_feed_x_rate,1.700000,,,source-note annual hint; manual validation required,2026,candidate_after_manual_validation,no,yes,generation/feed multiplied by citable or assumed curtailment rate; check source scope,Kyushu Electric area-demand CSV (5-min solar) × 10% calibrated curtailment (OCCTO FY2024 Kyushu anchor: ~1.7 TWh/yr),https://www.kyuden.co.jp/td_power_usages/pc.html,Kyushu Electric area-demand CSV hourly solar × 10% calibrated curtailment (Kyushu 2024 anchor: ~1.7 TWh/yr; bulk of OCCTO-reported Japan curtailment),japan-kyushu.json,docs/validation/japan-kyushu.md
japan-okinawa,Okinawa (Japan),JPN,solar,live,T1a-live-tso,T1a,generation_or_feed_x_rate,0.040000,,,source-note annual hint; manual validation required,2026,candidate_after_manual_validation,no,yes,generation/feed multiplied by citable or assumed curtailment rate; check source scope,Okinawa Electric juyo CSV × 2% calibrated curtailment (OCCTO FY2024 Okinawa anchor: ~0.04 TWh/yr),https://www.okiden.co.jp/,Okinawa Electric Power (沖縄電力) — live CSV URL not accessible (2026-05-02 404); typical solar shape × OCCTO FY2024 Okinawa anchor ~0.04 TWh/yr,japan-okinawa.json,docs/validation/japan-okinawa.md
japan-shikoku,Shikoku (Japan),JPN,solar,live,T1a-live-tso,T1a,generation_or_feed_x_rate,0.300000,,,source-note annual hint; manual validation required,2026,candidate_after_manual_validation,no,yes,generation/feed multiplied by citable or assumed curtailment rate; check source scope,Shikoku Electric T&D juyo CSV × 7% calibrated curtailment (OCCTO FY2024 Shikoku anchor: ~0.30 TWh/yr),https://www.yonden.co.jp/nw/,Shikoku Electric T&D (四国電力送配電) — live CSV URL not accessible (2026-05-02 404); typical solar shape × OCCTO FY2024 Shikoku anchor ~0.30 TWh/yr,japan-shikoku.json,docs/validation/japan-shikoku.md
japan-tepco,TEPCO (Japan),JPN,solar,live,T1a-live-tso,T1a,generation_or_feed_x_rate,0.050000,,,source-note annual hint; manual validation required,2024,candidate_after_manual_validation,no,yes,generation/feed multiplied by citable or assumed curtailment rate; check source scope,TEPCO Power Grid juyo CSV × 1% calibrated curtailment (OCCTO FY2024 TEPCO anchor: ~0.05 TWh/yr),https://www.tepco.co.jp/forecast/,TEPCO Power Grid (東京電力パワーグリッド) — live CSV blocked by WAF; typical solar shape × OCCTO FY2024 TEPCO anchor ~0.05 TWh/yr,japan-tepco.json,docs/validation/japan-tepco.md
japan-tohoku,Tohoku (Japan),JPN,solar,live,T1a-live-tso,T1a,live_operator_feed,,,,ambiguous source-note annual hint; manual extraction required,2026,no_pending_annual_aggregation,no,yes,,"Tohoku Electric area supply/demand CSV — direct 太陽光出力制御量+風力出力制御量 columns (MW, 30-min). Solar-dominant (>95% of measured curtailment). FY2023 OCCTO anchor: 0.13 TWh; rising ~1.5-2 TWh/yr.",https://setsuden.nw.tohoku-epco.co.jp/common/demand/realtime_jukyu/,Tohoku Electric area supply/demand CSV — direct 太陽光出力制御量+風力出力制御量 columns (MW). FY2023 OCCTO anchor: 0.13 TWh solar curtailment; rising trend ~1.5-2 TWh/yr by FY2025.,japan-tohoku.json,docs/validation/japan-tohoku.md
jeju,Jeju (S. Korea),KOR,wind,static,T3-modelled,T3,modelled_or_fallback,0.050000,0.030000,0.070000,modelled annual central encoded in static/typical snapshot,2024,no_modelled_envelope_only,yes,yes,annual/modelled central value mapped to typical profile; not measured hourly curtailment,KPX Jeju fallback,https://www.kpx.or.kr/,"Typical-shape fallback: KPX live feed unavailable (KPX public pages do not expose a stable machine-readable hourly Jeju curtailment feed); Jeju island-grid wind+solar curtailment calibrated to ~0.05 TWh/yr (KPX reports 181+ curtailment events in 2023, up from 19 GWh measured in 2020).",jeju.json,docs/validation/jeju.md
jordan,Jordan,JOR,solar,static,T3-modelled,T3,modelled_or_fallback,0.350000,0.210000,0.490000,modelled annual central encoded in static/typical snapshot,2024,no_modelled_envelope_only,yes,yes,annual/modelled central value mapped to typical profile; not measured hourly curtailment,NEPCO fallback,https://www.nepco.com.jo/,Typical-shape fallback: NEPCO live feed unavailable (NEPCO public pages cite curtailment but expose no hourly machine-readable feed); calibration anchor ~0.35 TWh/yr wind + solar curtailment. fuelShare: wind 70% / solar 30% from 17% wind-curtailment headline plus Ma'an solar estimate.,jordan.json,docs/validation/jordan.md
kazakhstan,Kazakhstan,KAZ,wind,static,T3-modelled,T3,modelled_or_fallback,0.400000,0.240000,0.560000,modelled annual central encoded in static/typical snapshot,2024,no_modelled_envelope_only,yes,yes,annual/modelled central value mapped to typical profile; not measured hourly curtailment,KEGOC fallback,https://www.kegoc.kz/,Typical-shape fallback: KEGOC live feed unavailable (KEGOC public pages do not expose machine-readable hourly curtailment; market operator data is login-gated); Aktobe transmission-limited wind curtailment scaled to ~0.4 TWh/yr (Qazaq Green 2024: ~7.5 TWh RES with 5-8% systemic curtailment).,kazakhstan.json,docs/validation/kazakhstan.md
kenya,Kenya,KEN,hydro,static,T3-modelled,T3,generation_or_feed_x_rate,0.401400,0.240840,0.561960,modelled annual central encoded in static/typical snapshot,2025,no_modelled_envelope_only,yes,no,generation/feed multiplied by citable or assumed curtailment rate; check source scope,EPRA 2025 (geothermal overnight venting),https://www.epra.go.ke/publications/,"Calibrated overnight-geothermal fallback per EPRA 2025 (EPRA publications page reachable but hourly curtailment feed is PDF-only, not machine-readable); 668.70 GWh FY2024/25 venting in UTC 21:00–02:00 window, Olkaria / Menengai geothermal fields — overnight venting (UTC 21-26), seasonal factor 0.60×",kenya.json,docs/validation/kenya.md
kiribati,Kiribati,KIR,solar,static,,unknown,no_emitted_snapshot,,,,no emitted snapshot row,2025,no_missing_snapshot,no,no,,IRENA RCS 2025 / UTT (~2 MW PV + diesel; atoll islands),https://www.irena.org/Data/Downloads/IRENASTAT,,,docs/validation/kiribati.md
kurdistan,Kurdistan (KRG),IRQ,solar,static,T3-modelled,T3,modelled_or_fallback,0.050000,0.030000,0.070000,modelled annual central encoded in static/typical snapshot,2024,no_modelled_envelope_only,yes,no,annual/modelled central value mapped to typical profile; not measured hourly curtailment,KRG Ministry fallback,https://gov.krd/moel-en/,Typical-shape fallback: KRG Ministry of Electricity live feed unavailable (HTTP 403 for https://gov.krd/moel-en/); nominal Kurdistan solar curtailment anchored at ~0.05 TWh/yr.,kurdistan.json,docs/validation/kurdistan.md
kuwait,Kuwait,KWT,flare,flare,,T2-flare,no_emitted_snapshot,,,,no emitted snapshot row,2024,no_missing_snapshot,no,no,,GGFR 2024 Kuwait Burgan + Wafra flare composite (KOC),https://www.worldbank.org/en/programs/gasflaringreduction,,,docs/validation/kuwait.md
kyrgyzstan,Kyrgyzstan,KGZ,hydro,static,,unknown,no_emitted_snapshot,,,,no emitted snapshot row,2025,no_missing_snapshot,no,no,,IRENA RCS 2025 / NEK (hydro-dominant; VRE <50 MW; modelled hydro spillage),https://www.irena.org/Data/Downloads/IRENASTAT,,,docs/validation/kyrgyzstan.md
laos,Laos,LAO,solar,static,,unknown,no_emitted_snapshot,,,,no emitted snapshot row,2024,no_missing_snapshot,no,no,,IRENA RE Statistics 2024 (hydro-export economy; some utility solar deployed); modelled curtailment ~2% per regional default,https://www.irena.org/Data/Energy-Profiles,,,docs/validation/laos.md
latvia,Latvia,LVA,wind,live,T1a-live-tso,T1a,live_operator_feed,,,,needs calendar-year aggregation or source-note validation,2026,no_pending_annual_aggregation,no,no,,ENTSO-E AST,https://transparency.entsoe.eu/,AST Latvia ENTSO-E A75 feed. Wind 2.5% regional default.,entsoe.json,docs/validation/latvia.md
lebanon,Lebanon,LBN,solar,static,,unknown,no_emitted_snapshot,,,,no emitted snapshot row,2025,no_missing_snapshot,no,no,,IRENA RCS 2025 / LCEC (~870 MW PV per LCEC 2024),https://www.irena.org/Data/Downloads/IRENASTAT,,,docs/validation/lebanon.md
lesotho,Lesotho,LSO,hydro,static,,unknown,no_emitted_snapshot,,,,no emitted snapshot row,2025,no_missing_snapshot,no,no,,IRENA RCS 2025 / LEWA (Muela HPP 72 MW; hydro-dominant),https://www.irena.org/Data/Downloads/IRENASTAT,,,docs/validation/lesotho.md
liberia,Liberia,LBR,hydro,static,,unknown,no_emitted_snapshot,,,,no emitted snapshot row,2025,no_missing_snapshot,no,no,,IRENA RCS 2025 / LEC (Mt Coffee hydro 88 MW + diesel; WAPP),https://www.irena.org/Data/Downloads/IRENASTAT,,,docs/validation/liberia.md
libya,Libya,LBY,solar,static,,unknown,no_emitted_snapshot,,,,no emitted snapshot row,2025,no_missing_snapshot,no,no,,IRENA RCS 2025 / GECOL (<100 MW utility PV),https://www.irena.org/Data/Downloads/IRENASTAT,,,docs/validation/libya.md
liechtenstein,Liechtenstein,LIE,hydro,static,,unknown,no_emitted_snapshot,,,,no emitted snapshot row,2025,no_missing_snapshot,no,no,,IRENA RCS 2025 / LFV (Alpine hydro; import-dependent; near-zero VRE),https://www.irena.org/Data/Downloads/IRENASTAT,,,docs/validation/liechtenstein.md
lithuania,Lithuania,LTU,wind,live,T1a-live-tso,T1a,live_operator_feed,,,,needs calendar-year aggregation or source-note validation,2026,no_pending_annual_aggregation,no,no,,ENTSO-E Litgrid,https://transparency.entsoe.eu/,Litgrid Lithuania ENTSO-E A75 feed. Wind 2.5% rate anchored to Litgrid published 2024 wind curtailment.,entsoe.json,docs/validation/lithuania.md
luxembourg-solar,Luxembourg Solar,LUX,solar,live,T1a-live-tso,T1a,live_operator_feed,,,,needs calendar-year aggregation or source-note validation,2026,no_pending_annual_aggregation,no,no,,ENTSO-E Cegedel solar,https://transparency.entsoe.eu/,Cegedel Luxembourg ENTSO-E A75 solar: regional default ~2%.,entsoe.json,docs/validation/luxembourg-solar.md
luxembourg-wind,Luxembourg Wind,LUX,wind,live,T1a-live-tso,T1a,live_operator_feed,,,,needs calendar-year aggregation or source-note validation,2026,no_pending_annual_aggregation,no,no,,ENTSO-E Cegedel wind,https://transparency.entsoe.eu/,Cegedel Luxembourg ENTSO-E A75 wind: regional default ~2%.,entsoe.json,docs/validation/luxembourg-wind.md
madagascar,Madagascar,MDG,hydro,static,,unknown,no_emitted_snapshot,,,,no emitted snapshot row,2024,no_missing_snapshot,no,no,,IRENA Madagascar 2024 (JIRAMA; hydro+thermal isolated grids),https://www.jirama.mg/,,,docs/validation/madagascar.md
malawi,Malawi,MWI,hydro,static,,unknown,no_emitted_snapshot,,,,no emitted snapshot row,2024,no_missing_snapshot,no,no,,IRENA Malawi 2024 (ESCOM/EGENCO; Shire hydro + Salima PV; SAPP),https://www.escom.mw/,,,docs/validation/malawi.md
malaysia,Malaysia,MYS,solar,static,T3-modelled,T3,modelled_or_fallback,0.150000,0.090000,0.210000,modelled annual central encoded in static/typical snapshot,2026,no_modelled_envelope_only,yes,no,annual/modelled central value mapped to typical profile; not measured hourly curtailment,"IRENA Malaysia 2024 + Suruhanjaya Tenaga (ST) 2024 anchor (~0.15 TWh/yr provisional). Gemini-3.1 research wave 2026-04-29: SEDA / ST policy classifies systemic renewable curtailment as a 'rising risk' for Peninsular Malaysia but reports current operations as stable; no published annual curtailment TWh figure exists yet. Live promotion attempt reverted (GSO real-time solar feed is generation-only, not curtailment). Held at T3 pending publication of a real curtailment figure.",https://www.gso.org.my/,Typical-shape fallback: TNB/SEDA live feed unavailable (TNB/SEDA public pages do not expose unauthenticated hourly curtailment); calibration anchor ~0.15 TWh/yr Peninsular solar curtailment.,malaysia.json,docs/validation/malaysia.md
maldives,Maldives,MDV,solar,static,,unknown,no_emitted_snapshot,,,,no emitted snapshot row,2025,no_missing_snapshot,no,no,,IRENA RCS 2025 / STELCO (~50 MW solar+diesel hybrid island grid),https://www.irena.org/Data/Downloads/IRENASTAT,,,docs/validation/maldives.md
mali,Mali,MLI,solar,static,,unknown,no_emitted_snapshot,,,,no emitted snapshot row,2025,no_missing_snapshot,no,no,,IRENA RCS 2025 / EDM (~200 MW PV incl. Kita 50 MW),https://www.irena.org/Data/Downloads/IRENASTAT,,,docs/validation/mali.md
malta,Malta,MLT,solar,live,,unknown,no_emitted_snapshot,,,,no emitted snapshot row,,no_missing_snapshot,no,no,,ENTSO-E Enemalta,https://transparency.entsoe.eu/,,,docs/validation/malta.md
manitoba,Manitoba,CAN,mixed,static,T3-modelled,T3,modelled_or_fallback,0.200000,0.120000,0.280000,modelled annual central encoded in static/typical snapshot,2024,no_modelled_envelope_only,yes,no,annual/modelled central value mapped to typical profile; not measured hourly curtailment,Manitoba Hydro fallback,https://www.hydro.mb.ca/,Typical-shape fallback: Manitoba Hydro corporate reports live feed unavailable (Manitoba Hydro corporate reports do not expose hourly wind/hydro curtailment data); wind plus hydro curtailment anchored at ~0.2 TWh/yr.,manitoba.json,docs/validation/manitoba.md
marshall-islands,Marshall Islands,MHL,solar,static,,unknown,no_emitted_snapshot,,,,no emitted snapshot row,2025,no_missing_snapshot,no,no,,IRENA RCS 2025 / MEC (~5 MW PV + diesel; atoll grid),https://www.irena.org/Data/Downloads/IRENASTAT,,,docs/validation/marshall-islands.md
mauritania,Mauritania,MRT,wind,static,,unknown,no_emitted_snapshot,,,,no emitted snapshot row,2024,no_missing_snapshot,no,no,,IRENA Mauritania 2024 (SOMELEC; Boulenouar wind 100 MW + Sheikh Zayed PV),https://somelec.mr/,,,docs/validation/mauritania.md
mauritius,Mauritius,MUS,solar,static,,unknown,no_emitted_snapshot,,,,no emitted snapshot row,2024,no_missing_snapshot,no,no,,IRENA Mauritius 2024 (CEB; bagasse+coal+oil + PV; island),https://ceb.mu/,,,docs/validation/mauritius.md
mexico,Mexico,MEX,solar,static,T3-modelled,T3,modelled_or_fallback,1.200000,0.720000,1.680000,modelled annual central encoded in static/typical snapshot,2026,no_modelled_envelope_only,yes,yes,annual/modelled central value mapped to typical profile; not measured hourly curtailment,SENER PRODESEN 2024-2038 + CRE confiabilidad reports — ~1.2 TWh/yr solar+wind curtailment from northern-grid transmission saturation (Sonora/Chihuahua/Coahuila/Oaxaca). Excludes hydro vertimientos. Gemini-3.1 research wave 2 (2026-04-30).,https://www.gob.mx/sener/documentos/programa-de-desarrollo-del-sistema-electrico-nacional-2024-2038,"SENER PRODESEN 2024-2038 anchor: ~1.2% of renewable generation curtailed in 2022 (~1 TWh) due to transmission-network saturation and CENACE operational restrictions, primarily in the northern grid (Sonora/Chihuahua/Coahuila solar; Oaxaca/Tehuantepec wind). 2023 industry estimates trend higher (~3.5%) per CRE confiabilidad reports. Anchor held at 1.2 TWh as a midpoint of PRODESEN-2022 (~1.0) and CRE-2023 (~3.5%-implied ~3 TWh). Hydro vertimientos NOT included in this figure — varies dramatically with annual hydrology. Sources: PRODESEN https://www.gob.mx/sener/documentos/programa-de-desarrollo-del-sistema-electrico-nacional-2024-2038 + CRE https://www.gob.mx/cre — Gemini-3.1 research wave 2 (2026-04-30).",mexico.json,docs/validation/mexico.md
micronesia,Micronesia,FSM,solar,static,,unknown,no_emitted_snapshot,,,,no emitted snapshot row,2025,no_missing_snapshot,no,no,,IRENA RCS 2025 / CPUC (~3 MW PV + diesel; island grid),https://www.irena.org/Data/Downloads/IRENASTAT,,,docs/validation/micronesia.md
miso,miso,,,,T1-live-TSO,T1a,generation_or_feed_x_rate,,,,needs calendar-year aggregation or source-note validation,2026,no_pending_annual_aggregation,no,no,generation/feed multiplied by citable or assumed curtailment rate; check source scope,,,EIA MISO hourly wind × 8.0% + solar × 4.0% calibrated curtailment (observed 30d split: wind 85% / solar 15%),miso.json,
miso-solar,MISO (Midwest) Solar,USA,solar,live,,unknown,no_emitted_snapshot,,,,no emitted snapshot row,,no_missing_snapshot,no,no,,EIA MISO solar,https://www.eia.gov/opendata/browser/electricity/rto/fuel-type-data,,,docs/validation/miso-solar.md
miso-wind,MISO (Midwest) Wind,USA,wind,live,,unknown,no_emitted_snapshot,,,,no emitted snapshot row,,no_missing_snapshot,no,no,,EIA MISO wind,https://www.eia.gov/opendata/browser/electricity/rto/fuel-type-data,,,docs/validation/miso-wind.md
moldova-solar,Moldova Solar,MDA,solar,live,T1a-live-tso,T1a,live_operator_feed,,,,needs calendar-year aggregation or source-note validation,2026,no_pending_annual_aggregation,no,no,,ENTSO-E Moldelectrica solar (MEPSO protocol),https://transparency.entsoe.eu/,Moldelectrica ENTSO-E A75 solar: regional default ~2%.,entsoe.json,docs/validation/moldova-solar.md
moldova-wind,Moldova Wind,MDA,wind,live,T1a-live-tso,T1a,live_operator_feed,,,,needs calendar-year aggregation or source-note validation,2026,no_pending_annual_aggregation,no,no,,ENTSO-E Moldelectrica wind (MEPSO protocol),https://transparency.entsoe.eu/,Moldelectrica ENTSO-E A75 wind: regional default ~3%.,entsoe.json,docs/validation/moldova-wind.md
monaco,Monaco,MCO,solar,static,,unknown,no_emitted_snapshot,,,,no emitted snapshot row,2025,no_missing_snapshot,no,no,,IRENA RCS 2025 / Monaco (~5 MW rooftop PV; part of French grid),https://www.irena.org/Data/Downloads/IRENASTAT,,,docs/validation/monaco.md
mongolia,Mongolia,MNG,wind,static,T3-modelled,T3,modelled_or_fallback,0.150000,0.090000,0.210000,modelled annual central encoded in static/typical snapshot,2024,no_modelled_envelope_only,yes,no,annual/modelled central value mapped to typical profile; not measured hourly curtailment,NPTG fallback,https://nptg.mn/,Typical-shape fallback: NPTG 2024 live feed unavailable (fetch failed); Salkhit and Tsetsii wind cluster curtailment anchored at ~0.15 TWh/yr.,mongolia.json,docs/validation/mongolia.md
montenegro,Montenegro,MNE,hydro,live,T1a-live-tso,T1a,live_operator_feed,,,,needs calendar-year aggregation or source-note validation,2026,no_pending_annual_aggregation,no,no,,ENTSO-E CGES,https://transparency.entsoe.eu/,CGES Montenegro A75 feed; hydro-dominated.,entsoe.json,docs/validation/montenegro.md
morocco,Morocco,MAR,mixed,static,T3-modelled,T3,modelled_or_fallback,0.400000,0.240000,0.560000,modelled annual central encoded in static/typical snapshot,2024,no_modelled_envelope_only,yes,yes,annual/modelled central value mapped to typical profile; not measured hourly curtailment,ANRE 2024 (south-north transmission),http://www.anre.ma/,"Typical-shape fallback: ANRE Morocco live feed unavailable (ANRE Morocco publishes annual regulatory reports but no hourly curtailment feed); ~0.4 TWh/yr mixed wind+solar curtailment from 9,363 GWh 2024 wind × 3% transmission-limited proxy + Noor CSP spill",morocco.json,docs/validation/morocco.md
mozambique,Mozambique,MOZ,hydro,static,,unknown,no_emitted_snapshot,,,,no emitted snapshot row,2024,no_missing_snapshot,no,no,,IRENA Mozambique 2024 (EDM; Cahora Bassa hydro; SAPP),https://www.edm.co.mz/,,,docs/validation/mozambique.md
myanmar,Myanmar,MMR,solar,static,,unknown,no_emitted_snapshot,,,,no emitted snapshot row,2024,no_missing_snapshot,no,no,,IRENA RE Statistics 2024 (some utility solar; post-coup data validity uncertainty); modelled curtailment ~2% per regional default,https://www.irena.org/Data/Energy-Profiles,,,docs/validation/myanmar.md
n-norway,n-norway,,,,T1-live-TSO,T1a,generation_or_feed_x_rate,,,,needs calendar-year aggregation or source-note validation,2026,no_pending_annual_aggregation,no,no,generation/feed multiplied by citable or assumed curtailment rate; check source scope,,,ENTSO-E NO-4 hydro+wind × 6% calibrated waste rate (observed 30d split: hydro 79% / wind 21%; export-constrained north Norway proxy),norway.json,
namibia,Namibia,NAM,solar,static,T3-modelled,T3,modelled_or_fallback,0.050000,0.030000,0.070000,modelled annual central encoded in static/typical snapshot,2025,no_modelled_envelope_only,yes,no,annual/modelled central value mapped to typical profile; not measured hourly curtailment,NamPower ISB 2025,https://www.nampower.com.na/,Typical-shape fallback: NamPower live feed unavailable (NamPower public pages expose corporate reports but no hourly curtailment feed); small isolated-grid solar+wind curtailment ~0.05 TWh/yr per NamPower ISB 2025 (275 MW hosting capacity ceiling),namibia.json,docs/validation/namibia.md
nauru,Nauru,NRU,solar,static,,unknown,no_emitted_snapshot,,,,no emitted snapshot row,2025,no_missing_snapshot,no,no,,IRENA RCS 2025 / NUC (~1 MW PV + diesel; micro-grid),https://www.irena.org/Data/Downloads/IRENASTAT,,,docs/validation/nauru.md
nepal,Nepal,NPL,hydro,static,,unknown,no_emitted_snapshot,,,,no emitted snapshot row,2026,no_missing_snapshot,no,no,,"World Bank Nepal Development Update 2024 — estimated >0.5 TWh/yr renewable energy spillage from monsoon-season run-of-river overgeneration vs transmission bottlenecks and limited India-export capacity. NEA confirms during FY2023/24. Same modelling treatment as Ethiopia/Iceland/Colombia hydro spillage. Himalayan summer-monsoon shape (peak Jul-Sep). Gemini-3.1 research wave 4 (2026-04-30, reliability 5/5).",https://www.worldbank.org/en/country/nepal/publication/nepal-development-update,,,docs/validation/nepal.md
netherlands-solar,Netherlands Solar,NLD,solar,live-domestic-anchored,T1b-live-domestic-anchored,T1b,live_operator_feed,,,,needs calendar-year aggregation or source-note validation,2026,no_pending_annual_aggregation,no,no,,ENTSO-E IEEFA 2024 solar,https://transparency.entsoe.eu/,Netherlands 2024 IEEFA solar share,entsoe.json,docs/validation/netherlands-solar.md
netherlands-wind,Netherlands Wind,NLD,wind,live-domestic-anchored,T1b-live-domestic-anchored,T1b,live_operator_feed,,,,ambiguous source-note annual hint; manual extraction required,2026,no_pending_annual_aggregation,no,yes,,ENTSO-E IEEFA 2024 wind,https://transparency.entsoe.eu/,"Netherlands 2024 IEEFA: 3.0 TWh wind+solar, wind-dominant",entsoe.json,docs/validation/netherlands-wind.md
new-zealand,new-zealand,,,,T1-live-TSO,T1a,generation_or_feed_x_rate,,,,needs calendar-year aggregation or source-note validation,2026,no_pending_annual_aggregation,no,no,generation/feed multiplied by citable or assumed curtailment rate; check source scope,,,NZ EMI Generation_MD wind+solar+geothermal × 1.3% curtailment proxy (observed 30d split: wind 24% / solar 2% / geothermal-as-hydro 75%),new-zealand.json,
new-zealand-geo,New Zealand Geo,NZL,geo,live,,unknown,no_emitted_snapshot,,,,no emitted snapshot row,,no_missing_snapshot,no,no,,EMI geothermal generation,https://www.emi.ea.govt.nz/Wholesale/Datasets/Generation/Generation_MD,,,docs/validation/new-zealand-geo.md
new-zealand-solar,New Zealand Solar,NZL,solar,live,,unknown,no_emitted_snapshot,,,,no emitted snapshot row,,no_missing_snapshot,no,no,,EMI solar generation,https://www.emi.ea.govt.nz/Wholesale/Datasets/Generation/Generation_MD,,,docs/validation/new-zealand-solar.md
new-zealand-wind,New Zealand Wind,NZL,wind,live,,unknown,no_emitted_snapshot,,,,no emitted snapshot row,,no_missing_snapshot,no,no,,EMI wind generation,https://www.emi.ea.govt.nz/Wholesale/Datasets/Generation/Generation_MD,,,docs/validation/new-zealand-wind.md
nicaragua,Nicaragua,NIC,solar,static,,unknown,no_emitted_snapshot,,,,no emitted snapshot row,2024,no_missing_snapshot,no,no,,IRENA Nicaragua VRE statistics 2024 (CNDC/ENATREL weekly bulletins),https://www.enatrel.gob.ni/,,,docs/validation/nicaragua.md
niger,Niger,NER,solar,static,,unknown,no_emitted_snapshot,,,,no emitted snapshot row,2025,no_missing_snapshot,no,no,,IRENA RCS 2025 / NIGELEC (~50 MW solar),https://www.irena.org/Data/Downloads/IRENASTAT,,,docs/validation/niger.md
nigeria,Nigeria,NGA,solar,static,,unknown,no_emitted_snapshot,,,,no emitted snapshot row,2024,no_missing_snapshot,no,no,,Ember Nigeria 2024 + TCN 2024 (solar curtailment; Niger Delta flare ~7 TWh-eq/yr is a separate flat-baseload signal),https://www.tcn.org.ng/,,,docs/validation/nigeria.md
ningxia-solar,Ningxia Solar,CHN,solar,static,T3-modelled,T3,modelled_or_fallback,0.500000,0.300000,0.700000,modelled annual central encoded in static/typical snapshot,2025,no_modelled_envelope_only,yes,yes,annual/modelled central value mapped to typical profile; not measured hourly curtailment,NEA 2024 / Huaon-NBS generation,https://www.nea.gov.cn/20251113/cc1fb0298a2944f8bd5441f67c9be9b3/c.html,"Typical-shape fallback: Ember GER 2025 / NEA quarterly statistics unavailable as hourly feed (NEA provincial wind/solar curtailment statistics are quarterly, not hourly machine-readable); Ningxia wind+solar curtailment anchored at ~1.0 TWh/yr. — solar share (50%)",ningxia.json,docs/validation/ningxia-solar.md
ningxia-wind,Ningxia Wind,CHN,wind,static,T3-modelled,T3,modelled_or_fallback,0.500000,0.300000,0.700000,modelled annual central encoded in static/typical snapshot,2025,no_modelled_envelope_only,yes,yes,annual/modelled central value mapped to typical profile; not measured hourly curtailment,NEA 2024 / Huaon-NBS generation,https://www.nea.gov.cn/20251113/cc1fb0298a2944f8bd5441f67c9be9b3/c.html,"Typical-shape fallback: Ember GER 2025 / NEA quarterly statistics unavailable as hourly feed (NEA provincial wind/solar curtailment statistics are quarterly, not hourly machine-readable); Ningxia wind+solar curtailment anchored at ~1.0 TWh/yr. — wind share (50%)",ningxia.json,docs/validation/ningxia-wind.md
north-korea,North Korea,PRK,solar,static,,unknown,no_emitted_snapshot,,,,no emitted snapshot row,2025,no_missing_snapshot,no,no,,"IRENA RCS 2025 / 38North estimate (isolated grid, ~50 MW solar; no public data)",https://www.irena.org/Data/Downloads/IRENASTAT,,,docs/validation/north-korea.md
north-macedonia-solar,North Macedonia Solar,MKD,solar,live,T1a-live-tso,T1a,live_operator_feed,,,,needs calendar-year aggregation or source-note validation,2026,no_pending_annual_aggregation,no,no,,ENTSO-E MEPSO solar,https://transparency.entsoe.eu/,MEPSO North Macedonia: regional default ~2% solar.,entsoe.json,docs/validation/north-macedonia-solar.md
north-macedonia-wind,North Macedonia Wind,MKD,wind,live,T1a-live-tso,T1a,live_operator_feed,,,,needs calendar-year aggregation or source-note validation,2026,no_pending_annual_aggregation,no,no,,ENTSO-E MEPSO wind,https://transparency.entsoe.eu/,MEPSO North Macedonia: regional default ~3% wind.,entsoe.json,docs/validation/north-macedonia-wind.md
north-sea-solar,north-sea-solar,,,,T1a-live-tso,T1a,generation_or_feed_x_rate,,,,needs calendar-year aggregation or source-note validation,2026,no_pending_annual_aggregation,no,no,generation/feed multiplied by citable or assumed curtailment rate; check source scope,,,Elexon BMRS AGWS × 6.9% curtailment (observed 30d split: wind 62% / solar 38%) — solar share,north-sea.json,
north-sea-wind,north-sea-wind,,,,T1a-live-tso,T1a,generation_or_feed_x_rate,,,,needs calendar-year aggregation or source-note validation,2026,no_pending_annual_aggregation,no,no,generation/feed multiplied by citable or assumed curtailment rate; check source scope,,,Elexon BMRS AGWS × 6.9% curtailment (observed 30d split: wind 62% / solar 38%) — wind share,north-sea.json,
northern-ireland-solar,Northern Ireland Solar,GBR,solar,live,T1a-live-tso,T1a,live_operator_feed,,,,needs calendar-year aggregation or source-note validation,2026,no_pending_annual_aggregation,no,no,,EirGrid/SONI DD half-hourly workbook (NI 42% solar share fallback),https://www.eirgrid.ie/grid/system-and-renewable-data-reports,Northern Ireland 2024 solar (domestic-share fallback — per-fuel data not available),ireland.json,docs/validation/northern-ireland-solar.md
northern-ireland-wind,Northern Ireland Wind,GBR,wind,live,T1a-live-tso,T1a,live_operator_feed,,,,needs calendar-year aggregation or source-note validation,2026,no_pending_annual_aggregation,no,no,,EirGrid/SONI DD half-hourly workbook (NI 42% of all-island DD),https://www.eirgrid.ie/grid/system-and-renewable-data-reports,EirGrid/SONI DD half-hourly workbook (https://cms.eirgrid.ie/sites/default/files/publications/DD-HH-2026-V4.xlsx); all-island dispatch-down split ROI 58% / NI 42% per SONI/EirGrid 2024 annual renewable constraint and curtailment anchor.,ireland.json,docs/validation/northern-ireland-wind.md
norway-no1-hydro,Norway NO1 Hydro (Oslo),NOR,hydro,live,,unknown,no_emitted_snapshot,,,,no emitted snapshot row,,no_missing_snapshot,no,no,,"ENTSO-E NO1 hydro (load-centre, low curtailment)",https://transparency.entsoe.eu/,,,docs/validation/norway-no1-hydro.md
norway-no1-wind,Norway NO1 Wind (Oslo),NOR,wind,live,,unknown,no_emitted_snapshot,,,,no emitted snapshot row,,no_missing_snapshot,no,no,,ENTSO-E NO1 wind (load-centre),https://transparency.entsoe.eu/,,,docs/validation/norway-no1-wind.md
norway-no2-hydro,Norway NO2 Hydro (Kristiansand),NOR,hydro,live,,unknown,no_emitted_snapshot,,,,no emitted snapshot row,,no_missing_snapshot,no,no,,ENTSO-E NO2 hydro (NorNed/NordLink/NSL cable zone),https://transparency.entsoe.eu/,,,docs/validation/norway-no2-hydro.md
norway-no2-wind,Norway NO2 Wind (Kristiansand),NOR,wind,live,,unknown,no_emitted_snapshot,,,,no emitted snapshot row,,no_missing_snapshot,no,no,,ENTSO-E NO2 offshore wind (NorNed/NordLink/NSL cable zone),https://transparency.entsoe.eu/,,,docs/validation/norway-no2-wind.md
norway-no3-hydro,Norway NO3 Hydro (Trondheim),NOR,hydro,live,,unknown,no_emitted_snapshot,,,,no emitted snapshot row,,no_missing_snapshot,no,no,,ENTSO-E NO3 hydro,https://transparency.entsoe.eu/,,,docs/validation/norway-no3-hydro.md
norway-no3-wind,Norway NO3 Wind (Trondheim),NOR,wind,live,,unknown,no_emitted_snapshot,,,,no emitted snapshot row,,no_missing_snapshot,no,no,,ENTSO-E NO3 onshore wind,https://transparency.entsoe.eu/,,,docs/validation/norway-no3-wind.md
norway-no4-hydro,Norway NO4 Hydro (Tromsø),NOR,hydro,live,,unknown,no_emitted_snapshot,,,,no emitted snapshot row,,no_missing_snapshot,no,no,,ENTSO-E NO4 hydro (export-constrained north),https://transparency.entsoe.eu/,,,docs/validation/norway-no4-hydro.md
norway-no4-wind,Norway NO4 Wind (Tromsø),NOR,wind,live,,unknown,no_emitted_snapshot,,,,no emitted snapshot row,,no_missing_snapshot,no,no,,ENTSO-E NO4 wind (export-constrained north; former n-norway),https://transparency.entsoe.eu/,,,docs/validation/norway-no4-wind.md
norway-no5,Norway NO5 (Bergen),NOR,hydro,live,,unknown,no_emitted_snapshot,,,,no emitted snapshot row,,no_missing_snapshot,no,no,,ENTSO-E NO5 reservoir hydro (spring-spill only),https://transparency.entsoe.eu/,,,docs/validation/norway-no5.md
nt-pilbara,NT & Pilbara,AUS,solar,static,T3-modelled,T3,modelled_or_fallback,0.200000,0.120000,0.280000,modelled annual central encoded in static/typical snapshot,2024,no_modelled_envelope_only,yes,no,annual/modelled central value mapped to typical profile; not measured hourly curtailment,Horizon/Pilbara fallback,https://www.horizonpower.com.au/,Typical-shape fallback: NT/Pilbara live feed unavailable (HTTP 403 for https://www.horizonpower.com.au/); calibration anchor ~0.2 TWh/yr captive solar curtailment.,nt-pilbara.json,docs/validation/nt-pilbara.md
nyiso,nyiso,,,,T1-live-TSO,T1a,generation_or_feed_x_rate,,,,needs calendar-year aggregation or source-note validation,2026,no_pending_annual_aggregation,no,no,generation/feed multiplied by citable or assumed curtailment rate; check source scope,,,EIA NYIS hourly wind × 3.0% + solar × 2.0% calibrated curtailment (observed 30d split: wind 100% / solar 0%),nyiso.json,docs/validation/nyiso.md
nyiso-rest-solar,NYISO (rest) Solar,USA,solar,live,,unknown,no_emitted_snapshot,,,,no emitted snapshot row,,no_missing_snapshot,no,no,,EIA NYISO solar (ex-Zones D/E),https://www.eia.gov/opendata/browser/electricity/rto/fuel-type-data,,,docs/validation/nyiso-rest-solar.md
nyiso-rest-wind,NYISO (rest) Wind,USA,wind,live,,unknown,no_emitted_snapshot,,,,no emitted snapshot row,,no_missing_snapshot,no,no,,EIA NYISO wind (ex-Zones D/E),https://www.eia.gov/opendata/browser/electricity/rto/fuel-type-data,,,docs/validation/nyiso-rest-wind.md
nyiso-zones-d-e,NYISO Zones D+E,USA,wind,live,,unknown,no_emitted_snapshot,,,,no emitted snapshot row,,no_missing_snapshot,no,no,,"EIA NYISO wind (Zones D+E share, ~75% of statewide curtailment)",https://www.nyiso.com/documents/20142/2223020/2024-Power-Trends.pdf,,,docs/validation/nyiso-zones-d-e.md
oman,Oman,OMN,solar,static,T3-modelled,T3,modelled_or_fallback,0.100000,0.060000,0.140000,modelled annual central encoded in static/typical snapshot,2024,no_modelled_envelope_only,yes,no,annual/modelled central value mapped to typical profile; not measured hourly curtailment,OPWP fallback,https://www.omanpwp.om/,Typical-shape fallback: Oman live feed unavailable (fetch failed); calibration anchor ~0.1 TWh/yr solar curtailment.,oman.json,docs/validation/oman.md
ontario-solar,Ontario Solar,CAN,solar,live,T1a-live-tso,T1a,generation_or_feed_x_rate,,,,needs calendar-year aggregation or source-note validation,2026,no_pending_annual_aggregation,no,no,generation/feed multiplied by citable or assumed curtailment rate; check source scope,IESO solar generation capability,https://reports-public.ieso.ca/public/GenOutputCapability/,IESO hourly solar generation capability × 2% calibrated curtailment proxy,ontario.json,docs/validation/ontario-solar.md
ontario-wind,Ontario Wind,CAN,wind,live,T1a-live-tso,T1a,generation_or_feed_x_rate,,,,needs calendar-year aggregation or source-note validation,2026,no_pending_annual_aggregation,no,no,generation/feed multiplied by citable or assumed curtailment rate; check source scope,IESO wind generation capability,https://reports-public.ieso.ca/public/GenOutputCapability/,IESO hourly wind generation capability × 4% calibrated curtailment proxy,ontario.json,docs/validation/ontario-wind.md
pakistan-solar,Pakistan Solar,PAK,solar,static,T3-modelled,T3,modelled_or_fallback,0.134000,0.080400,0.187600,modelled annual central encoded in static/typical snapshot,2026,no_modelled_envelope_only,yes,no,annual/modelled central value mapped to typical profile; not measured hourly curtailment,"NEPRA State of Industry Report 2024: solar curtailment not separately quantified, held conservatively at ~10% of total. Gemini-3.1 research wave 2 (2026-04-30).",https://nepra.org.pk/publications/State%20of%20Industry%20Reports/State%20of%20Industry%20Report%202024.pdf,"NEPRA State of Industry Report 2024 anchor: Non-Project Missed Volume (NPMV) for wind generation = 1,337 GWh in FY2023-24, equivalent to PKR 39.5 billion in compensation paid to wind IPPs for transmission-constrained dispatch-down in the Sindh wind corridor (Jhimpir/Gharo/Thatta). Solar curtailment exists per IGCEP narratives but is not separately quantified by NEPRA — small share-fraction held conservatively. Source: https://nepra.org.pk/publications/State%20of%20Industry%20Reports/State%20of%20Industry%20Report%202024.pdf — Gemini-3.1 research wave 2 (2026-04-30). — solar share (10%)",pakistan.json,docs/validation/pakistan-solar.md
pakistan-wind,Pakistan Wind,PAK,wind,static,T3-modelled,T3,modelled_or_fallback,1.206000,0.723600,1.688400,modelled annual central encoded in static/typical snapshot,2026,no_modelled_envelope_only,yes,no,annual/modelled central value mapped to typical profile; not measured hourly curtailment,"NEPRA State of Industry Report 2024: NPMV wind = 1,337 GWh FY2023-24 (Jhimpir/Gharo/Thatta wind corridor, Sindh). Wind 90% of total.",https://nepra.org.pk/publications/State%20of%20Industry%20Reports/State%20of%20Industry%20Report%202024.pdf,"NEPRA State of Industry Report 2024 anchor: Non-Project Missed Volume (NPMV) for wind generation = 1,337 GWh in FY2023-24, equivalent to PKR 39.5 billion in compensation paid to wind IPPs for transmission-constrained dispatch-down in the Sindh wind corridor (Jhimpir/Gharo/Thatta). Solar curtailment exists per IGCEP narratives but is not separately quantified by NEPRA — small share-fraction held conservatively. Source: https://nepra.org.pk/publications/State%20of%20Industry%20Reports/State%20of%20Industry%20Report%202024.pdf — Gemini-3.1 research wave 2 (2026-04-30). — wind share (90%)",pakistan.json,docs/validation/pakistan-wind.md
palau,Palau,PLW,solar,static,,unknown,no_emitted_snapshot,,,,no emitted snapshot row,2025,no_missing_snapshot,no,no,,IRENA RCS 2025 / PPUC (~5 MW PV + diesel; island grid),https://www.irena.org/Data/Downloads/IRENASTAT,,,docs/validation/palau.md
palestine,Palestine,PSE,solar,static,,unknown,no_emitted_snapshot,,,,no emitted snapshot row,2025,no_missing_snapshot,no,no,,IRENA RCS 2025 / Palestinian Energy Authority 2024,https://www.irena.org/Data/Downloads/IRENASTAT,,,docs/validation/palestine.md
panama,Panama,PAN,solar,static,,unknown,no_emitted_snapshot,,,,no emitted snapshot row,2024,no_missing_snapshot,no,no,,Secretaria Nacional de Energia 2024 (solar+wind ~10%; ETESA/CND PDF reports),https://www.etesa.com.pa/,,,docs/validation/panama.md
papua-new-guinea,Papua New Guinea,PNG,hydro,static,,unknown,no_emitted_snapshot,,,,no emitted snapshot row,2025,no_missing_snapshot,no,no,,IRENA RCS 2025 / PNG Power (Ramu hydro + diesel; island grid),https://www.irena.org/Data/Downloads/IRENASTAT,,,docs/validation/papua-new-guinea.md
paraguay,Paraguay,PRY,hydro,static,T3-modelled,T3,modelled_or_fallback,8.960000,5.376000,12.544000,modelled annual central encoded in static/typical snapshot,2024,no_modelled_envelope_only,yes,no,annual/modelled central value mapped to typical profile; not measured hourly curtailment,Itaipu fallback,https://www.itaipu.gov.py/,Typical-shape fallback: Itaipu spill/dispatch feed unavailable (Itaipu/ANDE public pages did not expose machine-readable hourly spill or dispatch data); hydro spill ~10 TWh/yr calibrated to Paraná basin flood stage (SH summer peak Dec-Feb). — current 30-day seasonal factor 0.90×,paraguay.json,docs/validation/paraguay.md
permian,Permian Basin,USA,flare,flare,,T2-flare,no_emitted_snapshot,,,,no emitted snapshot row,,no_missing_snapshot,no,no,,VIIRS + GGFR,https://www.worldbank.org/en/programs/gasflaringreduction,,,docs/validation/permian.md
peru-hydro,Peru Hydro,PER,hydro,live,T1a-live-tso,T1a,generation_or_feed_x_rate,0.800000,,,source-note annual hint; manual validation required,2026,candidate_after_manual_validation,no,yes,generation/feed multiplied by citable or assumed curtailment rate; check source scope,COES-SINAC live hydro generation × 2% curtailment calibration (vertimiento anchor ~0.8 TWh/yr),https://www.coes.org.pe/Portal/portalinformacion/generacion,COES SINAC generation-by-fuel endpoint; hydro half-hourly × 2% curtailment calibration (derived from ~0.8 TWh/yr published vertimiento anchor); fuel type: hydro,peru.json,docs/validation/peru-hydro.md
peru-solar,Peru Solar,PER,solar,live,T1a-live-tso,T1a,generation_or_feed_x_rate,0.800000,,,source-note annual hint; manual validation required,2026,candidate_after_manual_validation,no,yes,generation/feed multiplied by citable or assumed curtailment rate; check source scope,COES-SINAC live solar generation × 2% curtailment calibration (vertimiento anchor ~0.8 TWh/yr),https://www.coes.org.pe/Portal/portalinformacion/generacion,COES SINAC generation-by-fuel endpoint; solar half-hourly × 2% curtailment calibration (derived from ~0.8 TWh/yr published vertimiento anchor); fuel type: solar,peru.json,docs/validation/peru-solar.md
peru-wind,Peru Wind,PER,wind,live,T1a-live-tso,T1a,generation_or_feed_x_rate,0.800000,,,source-note annual hint; manual validation required,2026,candidate_after_manual_validation,no,yes,generation/feed multiplied by citable or assumed curtailment rate; check source scope,COES-SINAC live wind generation × 2% curtailment calibration (vertimiento anchor ~0.8 TWh/yr),https://www.coes.org.pe/Portal/portalinformacion/generacion,COES SINAC generation-by-fuel endpoint; wind half-hourly × 2% curtailment calibration (derived from ~0.8 TWh/yr published vertimiento anchor); fuel type: wind,peru.json,docs/validation/peru-wind.md
philippines-solar,Philippines Solar,PHL,solar,static,,unknown,no_emitted_snapshot,,,,no emitted snapshot row,2024,no_missing_snapshot,no,no,,"IRENA Philippines RE Statistics 2024 anchor; IEMOP RTD endpoint exposes current-day dispatch schedules, not curtailed-energy. The 2% rate previously applied was an invented placeholder with no published source. Held at T3 until IEMOP/WESM publishes a citable curtailment rate.",https://www.iemop.ph/market-data/rtd-prices-and-schedules/,,,docs/validation/philippines-solar.md
philippines-wind,Philippines Wind,PHL,wind,static,,unknown,no_emitted_snapshot,,,,no emitted snapshot row,2024,no_missing_snapshot,no,no,,"IRENA Philippines RE Statistics 2024 anchor; IEMOP RTD endpoint exposes current-day dispatch schedules, not curtailed-energy. The 2% rate previously applied was an invented placeholder with no published source. Held at T3 until IEMOP/WESM publishes a citable curtailment rate.",https://www.iemop.ph/market-data/rtd-prices-and-schedules/,,,docs/validation/philippines-wind.md
pjm,pjm,,,,T1-live-TSO,T1a,generation_or_feed_x_rate,,,,needs calendar-year aggregation or source-note validation,2026,no_pending_annual_aggregation,no,no,generation/feed multiplied by citable or assumed curtailment rate; check source scope,,,EIA PJM hourly wind × 2.0% + solar × 2.5% calibrated curtailment (observed 30d split: wind 52% / solar 48%),pjm.json,
pjm-solar,PJM Solar,USA,solar,live,,unknown,no_emitted_snapshot,,,,no emitted snapshot row,,no_missing_snapshot,no,no,,EIA PJM solar,https://www.eia.gov/opendata/browser/electricity/rto/fuel-type-data,,,docs/validation/pjm-solar.md
pjm-wind,PJM Wind,USA,wind,live,,unknown,no_emitted_snapshot,,,,no emitted snapshot row,,no_missing_snapshot,no,no,,EIA PJM wind,https://www.eia.gov/opendata/browser/electricity/rto/fuel-type-data,,,docs/validation/pjm-wind.md
poland-solar,Poland Solar,POL,solar,live,T1a-live-tso,T1a,live_operator_feed,,,,needs calendar-year aggregation or source-note validation,2026,no_pending_annual_aggregation,no,no,,ENTSO-E URE 2024 solar,https://transparency.entsoe.eu/,Poland 2024 URE solar: 621 GWh,entsoe.json,docs/validation/poland-solar.md
poland-wind,Poland Wind,POL,wind,live,T1a-live-tso,T1a,live_operator_feed,,,,needs calendar-year aggregation or source-note validation,2026,no_pending_annual_aggregation,no,no,,ENTSO-E URE 2024 wind,https://transparency.entsoe.eu/,Poland 2024 URE wind: 128 GWh,entsoe.json,docs/validation/poland-wind.md
portugal-solar,Portugal Solar,PRT,solar,live,T1a-live-tso,T1a,live_operator_feed,,,,needs calendar-year aggregation or source-note validation,2026,no_pending_annual_aggregation,no,no,,ENTSO-E REN solar,https://transparency.entsoe.eu/,Portugal 2024 solar: primary,entsoe.json,docs/validation/portugal-solar.md
portugal-wind,Portugal Wind,PRT,wind,live,T1a-live-tso,T1a,live_operator_feed,0.100000,,,source-note annual hint; manual validation required,2026,candidate_after_manual_validation,no,yes,,ENTSO-E REN wind,https://transparency.entsoe.eu/,Portugal 2024 wind: ~0.1 TWh/yr,entsoe.json,docs/validation/portugal-wind.md
qatar,Qatar,QAT,flare,flare,,T2-flare,no_emitted_snapshot,,,,no emitted snapshot row,2024,no_missing_snapshot,no,no,,GGFR 2024 Qatar offshore+onshore flare composite (QatarEnergy),https://www.worldbank.org/en/programs/gasflaringreduction,,,docs/validation/qatar.md
qinghai,Qinghai,CHN,solar,static,T3-modelled,T3,modelled_or_fallback,1.500000,0.900000,2.100000,modelled annual central encoded in static/typical snapshot,2025,no_modelled_envelope_only,yes,no,annual/modelled central value mapped to typical profile; not measured hourly curtailment,NEA 2024 / Huaon-NBS generation,https://www.nea.gov.cn/20251113/cc1fb0298a2944f8bd5441f67c9be9b3/c.html,Typical-shape fallback: Ember GER 2025 / NEA live feed unavailable (Ember/NEA Qinghai references do not expose hourly solar curtailment); Haixi solar corridor curtailment anchored at ~1.5 TWh/yr.,qinghai.json,docs/validation/qinghai.md
quebec,Quebec,CAN,hydro,static,T3-modelled,T3,modelled_or_fallback,0.324000,0.194400,0.453600,modelled annual central encoded in static/typical snapshot,2024,no_modelled_envelope_only,yes,no,annual/modelled central value mapped to typical profile; not measured hourly curtailment,Hydro-Quebec fallback,https://www.hydroquebec.com/,Typical-shape fallback: Hydro-Quebec Sustainability Report live feed unavailable (Hydro-Quebec reports do not expose machine-readable hourly spill data); export-absorbed spring/summer surplus anchored at ~0.3 TWh/yr. — current 30-day seasonal factor 1.08×,quebec.json,docs/validation/quebec.md
romania-solar,Romania Solar,ROU,solar,live,T1a-live-tso,T1a,live_operator_feed,,,,needs calendar-year aggregation or source-note validation,2026,no_pending_annual_aggregation,no,no,,ENTSO-E Transelectrica solar,https://transparency.entsoe.eu/,Romania 2024 Transelectrica solar,entsoe.json,docs/validation/romania-solar.md
romania-wind,Romania Wind,ROU,wind,live,T1a-live-tso,T1a,live_operator_feed,,,,needs calendar-year aggregation or source-note validation,2026,no_pending_annual_aggregation,no,no,,ENTSO-E Transelectrica wind,https://transparency.entsoe.eu/,Romania 2024 Transelectrica wind,entsoe.json,docs/validation/romania-wind.md
russia-e-siberia,E. Siberia (flare),RUS,flare,flare,,T2-flare,no_emitted_snapshot,,,,no emitted snapshot row,2024,no_missing_snapshot,no,no,,GGFR 2024 East Siberia oil/gas flaring (ESPO corridor + Sakhalin),https://www.worldbank.org/en/programs/gasflaringreduction,,,docs/validation/russia-e-siberia.md
russia-mainland,Russia (European grid),RUS,hydro,static,T3-modelled,T3,modelled_or_fallback,1.080000,0.648000,1.512000,modelled annual central encoded in static/typical snapshot,2024,no_modelled_envelope_only,yes,no,annual/modelled central value mapped to typical profile; not measured hourly curtailment,SO UES fallback,https://www.so-ups.ru/,Typical-shape fallback: SO UES live feed unavailable (SO UES public pages do not expose unauthenticated hourly hydro-spill data); calibration anchor ~1 TWh/yr European Russia hydro spill. — current 30-day seasonal factor 1.08×,russia-mainland.json,docs/validation/russia-mainland.md
russia-murmansk-wind,Russia (Murmansk),RUS,wind,static,,unknown,no_emitted_snapshot,,,,no emitted snapshot row,2024,no_missing_snapshot,no,no,,SO UPS 2024 monthly DPM VIE reports (Kola Peninsula wind dispatch limits),https://www.so-ups.ru/functioning/markets/surveys/renewable/2024/,,,docs/validation/russia-murmansk-wind.md
russia-yamal,Yamal (flare),RUS,flare,flare,,T2-flare,no_emitted_snapshot,,,,no emitted snapshot row,2024,no_missing_snapshot,no,no,,GGFR 2024 Yamal-Nenets gas flaring (Gazprom/Novatek),https://www.worldbank.org/en/programs/gasflaringreduction,,,docs/validation/russia-yamal.md
rwanda,Rwanda,RWA,mixed,static,,unknown,no_emitted_snapshot,,,,no emitted snapshot row,2024,no_missing_snapshot,no,no,,IRENA Rwanda 2024 (REG/EUCL; Lake Kivu methane + hydro+solar),https://www.reg.rw/,,,docs/validation/rwanda.md
s-iraq,S. Iraq,IRQ,flare,flare,,T2-flare,no_emitted_snapshot,,,,no emitted snapshot row,,no_missing_snapshot,no,no,,VIIRS + GGFR,https://www.worldbank.org/en/programs/gasflaringreduction,,,docs/validation/s-iraq.md
samoa,Samoa,WSM,solar,static,,unknown,no_emitted_snapshot,,,,no emitted snapshot row,2025,no_missing_snapshot,no,no,,IRENA RCS 2025 / EPC Samoa (~25 MW solar + hydro; Pacific island grid),https://www.irena.org/Data/Downloads/IRENASTAT,,,docs/validation/samoa.md
san-marino,San Marino,SMR,solar,static,,unknown,no_emitted_snapshot,,,,no emitted snapshot row,2025,no_missing_snapshot,no,no,,IRENA RCS 2025 / AASS (~25 MW solar; part of Italian grid),https://www.irena.org/Data/Downloads/IRENASTAT,,,docs/validation/san-marino.md
sao-tome,São Tomé & Príncipe,STP,solar,static,,unknown,no_emitted_snapshot,,,,no emitted snapshot row,2025,no_missing_snapshot,no,no,,IRENA RCS 2025 / EMAE (~3 MW PV + diesel + hydro),https://www.irena.org/Data/Downloads/IRENASTAT,,,docs/validation/sao-tome.md
saskatchewan,Saskatchewan,CAN,wind,static,T3-modelled,T3,modelled_or_fallback,0.150000,0.090000,0.210000,modelled annual central encoded in static/typical snapshot,2024,no_modelled_envelope_only,yes,no,annual/modelled central value mapped to typical profile; not measured hourly curtailment,SaskPower fallback,https://www.saskpower.com/,Typical-shape fallback: SaskPower 2024 live feed unavailable (SaskPower annual reports do not expose hourly wind curtailment data); growing wind curtailment anchored at ~0.15 TWh/yr.,saskatchewan.json,docs/validation/saskatchewan.md
saudi-solar,Saudi Arabia (solar),SAU,solar,static,T3-modelled,T3,generation_or_feed_x_rate,0.300000,0.180000,0.420000,modelled annual central encoded in static/typical snapshot,2026,no_modelled_envelope_only,yes,no,generation/feed multiplied by citable or assumed curtailment rate; check source scope,GASTAT 2024 (5.2% curtailment ~0.8 TWh; grid constraints vs Sudair/Sakaka/NEOM scale-up). Gemini-3.1 research wave 4 (2026-04-30).,https://www.stats.gov.sa/,"No public hourly curtailment feed; SEC/ECRA public pages do not expose hourly solar curtailment, so the ~0.3 TWh/yr Sudair/Sakaka solar calibration anchor is applied to a typical solar profile shape (T3-modelled, ±40% envelope).",saudi-solar.json,docs/validation/saudi-solar.md
senegal,Senegal,SEN,solar,static,,unknown,no_emitted_snapshot,,,,no emitted snapshot row,2024,no_missing_snapshot,no,no,,IRENA Senegal 2024 (SENELEC; Taiba N'Diaye 158 MW wind + PV),https://www.senelec.sn/,,,docs/validation/senegal.md
serbia-solar,Serbia Solar,SRB,solar,live,T1a-live-tso,T1a,live_operator_feed,,,,needs calendar-year aggregation or source-note validation,2026,no_pending_annual_aggregation,no,no,,ENTSO-E EMS solar,https://transparency.entsoe.eu/,EMS Serbia ENTSO-E A75 solar: regional default ~2%.,entsoe.json,docs/validation/serbia-solar.md
serbia-wind,Serbia Wind,SRB,wind,live,T1a-live-tso,T1a,live_operator_feed,,,,needs calendar-year aggregation or source-note validation,2026,no_pending_annual_aggregation,no,no,,ENTSO-E EMS wind,https://transparency.entsoe.eu/,EMS Serbia ENTSO-E A75 wind: regional default ~3%.,entsoe.json,docs/validation/serbia-wind.md
seychelles,Seychelles,SYC,solar,static,,unknown,no_emitted_snapshot,,,,no emitted snapshot row,2025,no_missing_snapshot,no,no,,IRENA RCS 2025 / PUC (~5 MW PV + diesel + pumped hydro; island),https://www.irena.org/Data/Downloads/IRENASTAT,,,docs/validation/seychelles.md
sichuan,Sichuan,CHN,hydro,static,,unknown,no_emitted_snapshot,,,,no emitted snapshot row,2024,no_missing_snapshot,no,no,,NEA 2024 / Sichuan hydro-spill proxy,https://www.nea.gov.cn/20251113/cc1fb0298a2944f8bd5441f67c9be9b3/c.html,,,docs/validation/sichuan.md
sierra-leone,Sierra Leone,SLE,hydro,static,,unknown,no_emitted_snapshot,,,,no emitted snapshot row,2025,no_missing_snapshot,no,no,,IRENA RCS 2025 / EDSA (Bumbuna hydro + solar; WAPP),https://www.irena.org/Data/Downloads/IRENASTAT,,,docs/validation/sierra-leone.md
singapore,Singapore,SGP,solar,static,,unknown,no_emitted_snapshot,,,,no emitted snapshot row,2025,no_missing_snapshot,no,no,,IRENA RCS 2025 / EMA TES 2024 (~700 MW rooftop+utility PV),https://www.irena.org/Data/Downloads/IRENASTAT,,,docs/validation/singapore.md
slovakia-solar,Slovakia Solar,SVK,solar,live,T1a-live-tso,T1a,live_operator_feed,,,,needs calendar-year aggregation or source-note validation,2026,no_pending_annual_aggregation,no,no,,ENTSO-E SEPS solar,https://transparency.entsoe.eu/,SEPS Slovakia ENTSO-E A75 solar: regional default ~2.5%.,entsoe.json,docs/validation/slovakia-solar.md
slovakia-wind,Slovakia Wind,SVK,wind,live,T1a-live-tso,T1a,live_operator_feed,,,,needs calendar-year aggregation or source-note validation,2026,no_pending_annual_aggregation,no,no,,ENTSO-E SEPS wind,https://transparency.entsoe.eu/,SEPS Slovakia ENTSO-E A75 wind: regional default ~2%.,entsoe.json,docs/validation/slovakia-wind.md
slovenia-solar,Slovenia Solar,SVN,solar,live,T1a-live-tso,T1a,live_operator_feed,,,,needs calendar-year aggregation or source-note validation,2026,no_pending_annual_aggregation,no,no,,ENTSO-E ELES solar,https://transparency.entsoe.eu/,ELES Slovenia ENTSO-E A75 solar: regional default ~2%.,entsoe.json,docs/validation/slovenia-solar.md
slovenia-wind,Slovenia Wind,SVN,wind,live,T1a-live-tso,T1a,live_operator_feed,,,,needs calendar-year aggregation or source-note validation,2026,no_pending_annual_aggregation,no,no,,ENTSO-E ELES wind,https://transparency.entsoe.eu/,ELES Slovenia ENTSO-E A75 wind: regional default ~2%.,entsoe.json,docs/validation/slovenia-wind.md
solomon-islands,Solomon Islands,SLB,solar,static,,unknown,no_emitted_snapshot,,,,no emitted snapshot row,2025,no_missing_snapshot,no,no,,IRENA RCS 2025 / SIEA (~5 MW PV + diesel; Pacific island grid),https://www.irena.org/Data/Downloads/IRENASTAT,,,docs/validation/solomon-islands.md
somalia,Somalia,SOM,solar,static,,unknown,no_emitted_snapshot,,,,no emitted snapshot row,2025,no_missing_snapshot,no,no,,IRENA RCS 2025 / MOEP (fragmented grid; diesel + emerging PV),https://www.irena.org/Data/Downloads/IRENASTAT,,,docs/validation/somalia.md
south-africa-solar,South Africa Solar,ZAF,solar,live,T1a-live-tso,T1a,generation_or_feed_x_rate,,,,needs calendar-year aggregation or source-note validation,2026,no_pending_annual_aggregation,no,no,generation/feed multiplied by citable or assumed curtailment rate; check source scope,Eskom Data Portal total hourly renewable generation (PV+CSP columns × 12% curtailment),https://www.eskom.co.za/dataportal/renewables-performance/total-hourly-renewable-generation/,"Eskom Data Portal PV+CSP × 12% calibrated curtailment (SAREM 2025 / Eskom MTSAO Oct 2025 4,363 GWh renewable-curtailment anchor; fuel type: solar)",south-africa.json,docs/validation/south-africa-solar.md
south-africa-wind,South Africa Wind,ZAF,wind,live,T1a-live-tso,T1a,generation_or_feed_x_rate,,,,needs calendar-year aggregation or source-note validation,2026,no_pending_annual_aggregation,no,no,generation/feed multiplied by citable or assumed curtailment rate; check source scope,Eskom Data Portal total hourly renewable generation (Wind column × 12% curtailment),https://www.eskom.co.za/dataportal/renewables-performance/total-hourly-renewable-generation/,"Eskom Data Portal Wind × 12% calibrated curtailment (SAREM 2025 / Eskom MTSAO Oct 2025 4,363 GWh renewable-curtailment anchor; fuel type: wind)",south-africa.json,docs/validation/south-africa-wind.md
south-korea,South Korea (mainland),KOR,solar,static,T3-modelled,T3,modelled_or_fallback,0.500000,0.300000,0.700000,modelled annual central encoded in static/typical snapshot,2024,no_modelled_envelope_only,yes,no,annual/modelled central value mapped to typical profile; not measured hourly curtailment,KPX fallback,https://www.kpx.or.kr/eng/,"Typical-shape fallback: KPX mainland live feed unavailable (KPX/EPSIS pages are reachable, but the Data Portal KPX hourly solar/generation APIs require an approved serviceKey and no unauthenticated mainland curtailment feed was found); calibration anchor remains ~0.5 TWh/yr mainland solar curtailment, excluding Jeju.",south-korea.json,docs/validation/south-korea.md
south-sudan,South Sudan,SSD,solar,static,,unknown,no_emitted_snapshot,,,,no emitted snapshot row,2025,no_missing_snapshot,no,no,,IRENA RCS 2025 / MEM South Sudan (mostly diesel; new utility PV),https://www.irena.org/Data/Downloads/IRENASTAT,,,docs/validation/south-sudan.md
spain-solar,Spain Solar,ESP,solar,live,T1a-live-tso,T1a,live_operator_feed,,,,ambiguous source-note annual hint; manual extraction required,2026,no_pending_annual_aggregation,no,yes,,ENTSO-E REE solar,https://transparency.entsoe.eu/,Spain 2024 REE solar: ~2.4 TWh/yr + 1.4 TWh CSP,entsoe.json,docs/validation/spain-solar.md
spain-wind,Spain Wind,ESP,wind,live,T1a-live-tso,T1a,live_operator_feed,6.800000,,,source-note annual hint; manual validation required,2026,candidate_after_manual_validation,no,yes,,ENTSO-E REE wind,https://transparency.entsoe.eu/,Spain 2024 REE wind: ~6.8 TWh/yr,entsoe.json,docs/validation/spain-wind.md
spp,spp,,,,T1-live-TSO,T1a,generation_or_feed_x_rate,,,,needs calendar-year aggregation or source-note validation,2026,no_pending_annual_aggregation,no,no,generation/feed multiplied by citable or assumed curtailment rate; check source scope,,,EIA SWPP hourly wind × 4.0% + solar × 3.0% calibrated curtailment (observed 30d split: wind 98% / solar 2%),spp.json,
spp-solar,SPP Solar,USA,solar,live,,unknown,no_emitted_snapshot,,,,no emitted snapshot row,,no_missing_snapshot,no,no,,EIA SPP solar,https://www.eia.gov/opendata/browser/electricity/rto/fuel-type-data,,,docs/validation/spp-solar.md
spp-wind,SPP Wind,USA,wind,live,,unknown,no_emitted_snapshot,,,,no emitted snapshot row,,no_missing_snapshot,no,no,,EIA SPP wind,https://www.eia.gov/opendata/browser/electricity/rto/fuel-type-data,,,docs/validation/spp-wind.md
sri-lanka,Sri Lanka,LKA,mixed,static,,unknown,no_emitted_snapshot,,,,no emitted snapshot row,2024,no_missing_snapshot,no,no,,IRENA RE Statistics 2024 (~450 MW solar + ~300 MW wind operational); modelled curtailment ~2% per regional default,https://www.irena.org/Data/Energy-Profiles,,,docs/validation/sri-lanka.md
st-kitts-and-nevis,St Kitts & Nevis,KNA,solar,static,,unknown,no_emitted_snapshot,,,,no emitted snapshot row,2025,no_missing_snapshot,no,no,,IRENA RCS 2025 / NEVLEC/SKELEC (~5 MW PV + diesel),https://www.irena.org/Data/Downloads/IRENASTAT,,,docs/validation/st-kitts-and-nevis.md
st-lucia,St Lucia,LCA,solar,static,,unknown,no_emitted_snapshot,,,,no emitted snapshot row,2025,no_missing_snapshot,no,no,,IRENA RCS 2025 / LUCELEC (~10 MW PV + diesel; island grid),https://www.irena.org/Data/Downloads/IRENASTAT,,,docs/validation/st-lucia.md
st-vincent,St Vincent,VCT,solar,static,,unknown,no_emitted_snapshot,,,,no emitted snapshot row,2025,no_missing_snapshot,no,no,,IRENA RCS 2025 / VINLEC (~3 MW PV + hydro + diesel),https://www.irena.org/Data/Downloads/IRENASTAT,,,docs/validation/st-vincent.md
sudan,Sudan,SDN,solar,static,,unknown,no_emitted_snapshot,,,,no emitted snapshot row,2024,no_missing_snapshot,no,no,,IRENA RE Statistics 2024 (utility solar deployed; ongoing conflict introduces data uncertainty); modelled curtailment ~2% per regional default,https://www.irena.org/Data/Energy-Profiles,,,docs/validation/sudan.md
suriname,Suriname,SUR,flare,static,,unknown,no_emitted_snapshot,,,,no emitted snapshot row,2024,no_missing_snapshot,no,no,,GGFR 2024 Suriname Block 58 offshore flaring forecast (upstream off-grid; at inclusion threshold),https://www.nvebs.com/,,,docs/validation/suriname.md
sweden-north,Sweden North,SWE,wind,live,T1a-live-tso,T1a,generation_or_feed_x_rate,,,,needs calendar-year aggregation or source-note validation,2026,no_pending_annual_aggregation,no,no,generation/feed multiplied by citable or assumed curtailment rate; check source scope,ENTSO-E,https://transparency.entsoe.eu/,ENTSO-E wind B19 × 1% calibrated (observed 30d split: wind 100%). ENTSO-E SE2 wind-only calibration; solar negligible in SE2.,entsoe.json,docs/validation/sweden-north.md
sweden-south-solar,Sweden South Solar,SWE,solar,live,T1a-live-tso,T1a,live_operator_feed,,,,needs calendar-year aggregation or source-note validation,2026,no_pending_annual_aggregation,no,no,,ENTSO-E SE4 solar,https://transparency.entsoe.eu/,ENTSO-E SE4 solar: PV-heavy ~7%,entsoe.json,docs/validation/sweden-south-solar.md
sweden-south-wind,Sweden South Wind,SWE,wind,live,T1a-live-tso,T1a,live_operator_feed,,,,needs calendar-year aggregation or source-note validation,2026,no_pending_annual_aggregation,no,no,,ENTSO-E SE4 wind,https://transparency.entsoe.eu/,ENTSO-E SE4 wind: regional default ~2%,entsoe.json,docs/validation/sweden-south-wind.md
switzerland,Switzerland,CHE,solar,live-neighbour-anchored,T1c-live-neighbour-anchored,T1c,spill_or_hydro_proxy,,,,needs calendar-year aggregation or source-note validation,2026,no_pending_annual_aggregation,no,no,spill/hydro proxy; not always grid-dispatch renewable curtailment,ENTSO-E Swissgrid PV-only (hydro spill not in A75),https://transparency.entsoe.eu/,ENTSO-E solar B16 × 1.5% calibrated (observed 30d split: solar 100%). Swissgrid PV-only ENTSO-E feed; wind negligible and hydro spill not in A75. Models summer-midday PV oversupply only; understates total Swiss curtailment.,entsoe.json,docs/validation/switzerland.md
syria,Syria,SYR,solar,static,,unknown,no_emitted_snapshot,,,,no emitted snapshot row,2025,no_missing_snapshot,no,no,,IRENA RCS 2025 / PEO (sparse; conflict-affected grid; ~50 MW PV estimated),https://www.irena.org/Data/Downloads/IRENASTAT,,,docs/validation/syria.md
taiwan,Taiwan,TWN,mixed,static,T3-modelled,T3,modelled_or_fallback,0.600000,0.360000,0.840000,modelled annual central encoded in static/typical snapshot,2026,no_modelled_envelope_only,yes,yes,annual/modelled central value mapped to typical profile; not measured hourly curtailment,"TAIPOWER + TREC + IRENA 2024 anchor. Live promotion attempt 2026-04-29 reverted: TAIPOWER `genary.json` exposes current-unit output and instantaneous renewable percentages, not a 30-day public curtailment archive or single published curtailment rate. Held at T3 pending the archive/rate chain.",https://www.taipower.com.tw/d006/loadGraph/loadGraph/genshx_.html,Typical-shape fallback: Taiwan live feed unavailable (Taipower/data.gov.tw/T-REC pages do not expose machine-readable hourly curtailment); calibration anchor ~0.6 TWh/yr offshore wind + solar curtailment. fuelShare: wind 67% / solar 33% per offshore-wind and southern-PV calibration.,taiwan.json,docs/validation/taiwan.md
tajikistan,Tajikistan,TJK,hydro,static,,unknown,no_emitted_snapshot,,,,no emitted snapshot row,2025,no_missing_snapshot,no,no,,IRENA RCS 2025 / Barki Tojik (hydro-dominant; modelled spillage; CASA-1000),https://www.irena.org/Data/Downloads/IRENASTAT,,,docs/validation/tajikistan.md
tanzania,Tanzania,TZA,hydro,static,,unknown,no_emitted_snapshot,,,,no emitted snapshot row,2024,no_missing_snapshot,no,no,,IRENA Tanzania 2024 + JNHPP commissioning (TANESCO; gas+hydro),https://www.tanesco.co.tz/,,,docs/validation/tanzania.md
thailand,Thailand,THA,solar,static,T3-modelled,T3,modelled_or_fallback,0.300000,0.180000,0.420000,modelled annual central encoded in static/typical snapshot,2024,no_modelled_envelope_only,yes,no,annual/modelled central value mapped to typical profile; not measured hourly curtailment,EGAT fallback,https://www.egat.co.th/en/,Typical-shape fallback: EGAT/ERC live feed unavailable (HTTP 404 for https://www.egat.co.th/en/); solar curtailment scaled to ~0.3 TWh/yr.,thailand.json,docs/validation/thailand.md
tibet,Tibet (Xizang),CHN,hydro,static,T3-modelled,T3,modelled_or_fallback,1.008000,0.604800,1.411200,modelled annual central encoded in static/typical snapshot,2024,no_modelled_envelope_only,yes,no,annual/modelled central value mapped to typical profile; not measured hourly curtailment,NEA 2024 / Huaon-NBS generation,https://www.nea.gov.cn/20251113/cc1fb0298a2944f8bd5441f67c9be9b3/c.html,Typical-shape fallback: IEA China Energy Outlook / NEA live feed unavailable (IEA/NEA Tibet hydro spill references are not hourly machine-readable); Yarlung-Tsangpo high-altitude hydro spill anchored at ~3.0 TWh/yr. — current 30-day seasonal factor 0.34×,tibet.json,docs/validation/tibet.md
togo,Togo,TGO,solar,static,,unknown,no_emitted_snapshot,,,,no emitted snapshot row,2024,no_missing_snapshot,no,no,,IRENA Togo 2024 (CEET; WAPP imports; Blitta PV 50 MW),https://ceet.tg/,,,docs/validation/togo.md
tonga,Tonga,TON,solar,static,,unknown,no_emitted_snapshot,,,,no emitted snapshot row,2025,no_missing_snapshot,no,no,,IRENA RCS 2025 / TPL (~8 MW solar + diesel + pumped hydro),https://www.irena.org/Data/Downloads/IRENASTAT,,,docs/validation/tonga.md
trinidad-tobago,Trinidad & Tobago,TTO,flare,static,,unknown,no_emitted_snapshot,,,,no emitted snapshot row,2024,no_missing_snapshot,no,no,,GGFR 2024 Trinidad offshore flares ~1 BCM (upstream offshore flare lifted onto T&TEC grid coverage),https://ttec.co.tt/,,,docs/validation/trinidad-tobago.md
tunisia,Tunisia,TUN,solar,static,,unknown,no_emitted_snapshot,,,,no emitted snapshot row,2024,no_missing_snapshot,no,no,,IRENA Tunisia 2024 + STEG Annual Report (Bizerte wind + PV; gas-dominated),https://www.steg.com.tn/,,,docs/validation/tunisia.md
turkey-solar,Turkey (solar),TUR,solar,live,T1a-live-tso,T1a,generation_or_feed_x_rate,0.500000,,,source-note annual hint; manual validation required,2026,candidate_after_manual_validation,no,yes,generation/feed multiplied by citable or assumed curtailment rate; check source scope,EPIAS Transparency dashboard solar,https://seffaflik.epias.com.tr/electricity-service/v1/dashboard/realtime-generation,EPIAS Transparency dashboard realtime-generation × 0.8% conservative calibrated proxy (~0.5 TWh/yr 2024 anchor). — solar share,turkey.json,docs/validation/turkey-solar.md
turkey-wind,Turkey (wind),TUR,wind,live,T1a-live-tso,T1a,generation_or_feed_x_rate,0.500000,,,source-note annual hint; manual validation required,2026,candidate_after_manual_validation,no,yes,generation/feed multiplied by citable or assumed curtailment rate; check source scope,EPIAS Transparency dashboard wind,https://seffaflik.epias.com.tr/electricity-service/v1/dashboard/realtime-generation,EPIAS Transparency dashboard realtime-generation × 0.8% conservative calibrated proxy (~0.5 TWh/yr 2024 anchor). — wind share,turkey.json,docs/validation/turkey-wind.md
turkmenistan,Turkmenistan,TKM,solar,static,,unknown,no_emitted_snapshot,,,,no emitted snapshot row,2025,no_missing_snapshot,no,no,,IRENA RCS 2025 / TDS (recent solar tenders; ~10-100 MW),https://www.irena.org/Data/Downloads/IRENASTAT,,,docs/validation/turkmenistan.md
tuvalu,Tuvalu,TUV,solar,static,,unknown,no_emitted_snapshot,,,,no emitted snapshot row,2025,no_missing_snapshot,no,no,,IRENA RCS 2025 / TEWAO (~1 MW PV + diesel; atoll micro-grid),https://www.irena.org/Data/Downloads/IRENASTAT,,,docs/validation/tuvalu.md
tva,TVA (SE United States),USA,solar,static,,unknown,no_emitted_snapshot,,,,no emitted snapshot row,2024,no_missing_snapshot,no,no,,TVA Sustainability Report 2024 (provisional 0.05 TWh/yr; SE-US solar curtailment; TVA JSON-API path documented for future Pattern-A promotion),https://www.tva.com/,,,docs/validation/tva.md
uae,UAE,ARE,solar,static,T3-modelled,T3,generation_or_feed_x_rate,0.200000,0.120000,0.280000,modelled annual central encoded in static/typical snapshot,2024,no_modelled_envelope_only,yes,no,generation/feed multiplied by citable or assumed curtailment rate; check source scope,DEWA/EWEC fallback,https://www.dewa.gov.ae/,"No public hourly curtailment feed; DEWA/EWEC public pages do not expose hourly solar curtailment, so the ~0.2 TWh/yr calibration anchor is applied to a typical solar profile shape (T3-modelled, ±40% envelope).",uae.json,docs/validation/uae.md
uganda,Uganda,UGA,hydro,static,,unknown,no_emitted_snapshot,,,,no emitted snapshot row,2024,no_missing_snapshot,no,no,,ERA Annual Performance 2024 (UETCL/UEDCL; Karuma+Isimba hydro),https://www.uetcl.com/,,,docs/validation/uganda.md
ukraine,Ukraine,UKR,solar,static,T3-modelled,T3,modelled_or_fallback,1.200000,0.720000,1.680000,modelled annual central encoded in static/typical snapshot,2024,no_modelled_envelope_only,yes,no,annual/modelled central value mapped to typical profile; not measured hourly curtailment,Ember Ukraine 2024 (ENTSO-E absent post-war),https://ember-energy.org/global-insights/ukraine-electricity-tracker/,"Ember Ukraine 2024 (ENTSO-E Ukrenergo data absent post-war; solar-dominant typical shape at 60/40 solar/wind, peaking ~UTC 09)",ukraine.json,docs/validation/ukraine.md
uruguay,Uruguay,URY,wind,live,T1a-live-tso,T1a,direct_operator_workbook,,,,needs calendar-year aggregation or source-note validation,2026,no_pending_annual_aggregation,no,no,direct operator constrained-off/restriction measurement; annual aggregation still required where annual TWh is blank,ADME hourly Restricciones Operativas workbook,https://www.adme.com.uy/panelControl/ro_excel.php,ADME control-panel hourly Restricciones Operativas workbook (2026-03); renewable plant columns matched from info_consignas.php and fallback plant registry. Source: https://www.adme.com.uy/panelControl/ro_excel.php?anod=2026&mesd=03&anoh=2026&mesh=03,uruguay.json,docs/validation/uruguay.md
uzbekistan,Uzbekistan,UZB,solar,static,,unknown,no_emitted_snapshot,,,,no emitted snapshot row,2024,no_missing_snapshot,no,no,,IRENA RE Statistics 2024 (~1-2 GW utility-scale solar build-out post-2021); modelled curtailment ~2% per regional default,https://www.irena.org/Data/Energy-Profiles,,,docs/validation/uzbekistan.md
vanuatu,Vanuatu,VUT,solar,static,,unknown,no_emitted_snapshot,,,,no emitted snapshot row,2025,no_missing_snapshot,no,no,,IRENA RCS 2025 / UNELCO (~10 MW PV + hydro + diesel; Pacific islands),https://www.irena.org/Data/Downloads/IRENASTAT,,,docs/validation/vanuatu.md
venezuela,Venezuela,VEN,wind,static,,unknown,no_emitted_snapshot,,,,no emitted snapshot row,2024,no_missing_snapshot,no,no,,IRENA RE Statistics 2024 (Paraguaná wind farm ~100 MW; grid distress limits VRE output); modelled curtailment ~2% per regional default,https://www.irena.org/Data/Energy-Profiles,,,docs/validation/venezuela.md
vietnam,Vietnam,VNM,solar,static,T3-modelled,T3,modelled_or_fallback,4.000000,2.400000,5.600000,modelled annual central encoded in static/typical snapshot,2024,no_modelled_envelope_only,yes,no,annual/modelled central value mapped to typical profile; not measured hourly curtailment,EVN fallback,https://www.evn.com.vn/,"Typical-shape fallback: EVN live feed unavailable (EVN public site does not expose machine-readable hourly solar curtailment); calibrated to EVN/NLDC 2024 (10-15% curtailment in RE-rich provinces, 220 plants throttled) → ~4 TWh/yr Ninh Thuan/Binh Thuan solar.",vietnam.json,docs/validation/vietnam.md
w-siberia,W. Siberia,RUS,flare,flare,,T2-flare,no_emitted_snapshot,,,,no emitted snapshot row,,no_missing_snapshot,no,no,,VIIRS + GGFR,https://www.worldbank.org/en/programs/gasflaringreduction,,,docs/validation/w-siberia.md
wa-swis-solar,Western Australia Solar (SWIS),AUS,solar,live,T1a-live-tso,T1a,generation_or_feed_x_rate,0.400000,,,source-note annual hint; manual validation required,2026,candidate_after_manual_validation,no,yes,generation/feed multiplied by citable or assumed curtailment rate; check source scope,AEMO WEM Facility SCADA (solar DUIDs),https://data.wa.aemo.com.au/,AEMO WEM Facility SCADA hourly RE × 8% calibrated curtailment (WA-SWIS 2024 anchor: 0.4 TWh/yr; SWIS islanded; fuel type: solar),wa-swis.json,docs/validation/wa-swis-solar.md
wa-swis-wind,Western Australia Wind (SWIS),AUS,wind,live,T1a-live-tso,T1a,generation_or_feed_x_rate,0.400000,,,source-note annual hint; manual validation required,2026,candidate_after_manual_validation,no,yes,generation/feed multiplied by citable or assumed curtailment rate; check source scope,AEMO WEM Facility SCADA (wind DUIDs),https://data.wa.aemo.com.au/,AEMO WEM Facility SCADA hourly RE × 8% calibrated curtailment (WA-SWIS 2024 anchor: 0.4 TWh/yr; SWIS islanded; fuel type: wind),wa-swis.json,docs/validation/wa-swis-wind.md
xinjiang,Xinjiang,CHN,solar,static,,unknown,no_emitted_snapshot,,,,no emitted snapshot row,2024,no_missing_snapshot,no,no,,NEA 2024 / Huaon-NBS generation,https://www.nea.gov.cn/20251113/cc1fb0298a2944f8bd5441f67c9be9b3/c.html,,,docs/validation/xinjiang.md
yemen,Yemen,YEM,solar,static,,unknown,no_emitted_snapshot,,,,no emitted snapshot row,2025,no_missing_snapshot,no,no,,IRENA RCS 2025 / PC (wartime distributed-PV boom; estimates only; conflict-affected),https://www.irena.org/Data/Downloads/IRENASTAT,,,docs/validation/yemen.md
yunnan,Yunnan,CHN,hydro,static,T3-modelled,T3,modelled_or_fallback,5.520000,3.312000,7.728000,modelled annual central encoded in static/typical snapshot,2024,no_modelled_envelope_only,yes,no,annual/modelled central value mapped to typical profile; not measured hourly curtailment,NEA 2024 / Yunnan statistics,https://www.nea.gov.cn/20251113/cc1fb0298a2944f8bd5441f67c9be9b3/c.html,"Typical-shape fallback: IEA China Energy Outlook / NEA live feed unavailable (IEA/NEA Yunnan hydro spill references are annual or quarterly, not hourly machine-readable); Lancang River monsoon hydro spill anchored at ~10.0 TWh/yr. — current 30-day seasonal factor 0.55×",yunnan.json,docs/validation/yunnan.md
zambia,Zambia,ZMB,hydro,static,,unknown,no_emitted_snapshot,,,,no emitted snapshot row,2024,no_missing_snapshot,no,no,,Ember Zambia 2024 + Kariba drought (ZESCO; Kariba+Kafue; severe drought load-shed; SAPP),https://www.zesco.co.zm/,,,docs/validation/zambia.md
zimbabwe,Zimbabwe,ZWE,hydro,static,,unknown,no_emitted_snapshot,,,,no emitted snapshot row,2024,no_missing_snapshot,no,no,,Ember Zimbabwe 2024 + Kariba South (ZPC/ZETDC; Kariba South hydro+coal; SAPP),https://www.zetdc.co.zw/,,,docs/validation/zimbabwe.md
