version,region_id,total_twh,peak_gw,confidence_tier,source_provenance
1.0.0,aemo-nsw,0.12413433934027135,0.5562577094166665,T1-live-TSO,
1.0.0,aemo-qld,0.11371319330100434,0.5889299100342713,T1-live-TSO,
1.0.0,aemo-sa,0.12112752840776585,0.5156845019784382,T1-live-TSO,
1.0.0,aemo-tas,0.00017645649541666667,0.05390436875,T1-live-TSO,
1.0.0,aemo-vic,0.2645884394483656,0.9356258115681818,T1-live-TSO,
1.0.0,alberta,0.11800799999999854,0.16390000000000002,T1-live-TSO,
1.0.0,argentina,0.0410958904109589,0.06908142041928994,T3-modelled,
1.0.0,atacama,0.3209291199999998,1.145577156175576,T1-live-TSO,
1.0.0,baltics,0.011069325040750016,0.019873794875624996,T1b-live-domestic-anchored,
1.0.0,bangladesh,0.00821917808219178,0.043185066449346984,T3-modelled,
1.0.0,belgium,0.0149271548875,0.23817866285714281,T1-live-TSO,
1.0.0,bpa,0.043554700000000016,0.07439066666666666,T1-live-TSO,
1.0.0,brazil-bahia,2.357448072999999,4.369579741379311,T1-live-TSO,
1.0.0,brazil-ce,0.5549917690000006,1.2026282586206893,T1-live-TSO,
1.0.0,brazil-go,0.05491292199999997,0.1530863448275862,T1-live-TSO,
1.0.0,brazil-mg,1.803595957000001,4.414101724137931,T1-live-TSO,
1.0.0,brazil-mt,0,0,T1-live-TSO,
1.0.0,brazil-other,0.265212698,0.5253711724137929,T1-live-TSO,
1.0.0,brazil-pernambuco,0.3351010300000002,0.728432068965517,T1-live-TSO,
1.0.0,brazil-piaui,1.2616775310000001,2.677882189655172,T1-live-TSO,
1.0.0,brazil-pr,0,0,T1-live-TSO,
1.0.0,brazil-rn,1.6504777750000021,2.7819172586206906,T1-live-TSO,
1.0.0,brazil-rs,0.03177445400000001,0.1057514655172414,T1-live-TSO,
1.0.0,brazil-sp,0.19264413400000002,0.4967837758620689,T1-live-TSO,
1.0.0,british-columbia,0.10356164383561645,0.14383561643835616,T3-modelled,
1.0.0,bulgaria,0.01252861134635499,0.03742437173266667,T1a-live-tso,
1.0.0,caiso,0.2699416825,0.7292815833333334,T1-live-TSO,
1.0.0,chile-wind,0.05342465753424658,0.0898058465450769,T3-modelled,
1.0.0,cyprus,0.00821917808219178,0.043185066449346984,T3-modelled,
1.0.0,czech-republic,0.01125337572500001,0.044849563333333335,T1a-live-tso,
1.0.0,denmark,0.0747142105222801,0.19095605995619047,T1-live-TSO,
1.0.0,egypt,0.024657534246575342,0.12955519934804094,T3-modelled,
1.0.0,ercot-east,0.3369106634399999,0.5945551610000002,T1-live-TSO,
1.0.0,ercot-native-east,0.2534183895299998,0.4203371462068965,T1-live-TSO,
1.0.0,ercot-native-west,0.4919298149699996,0.8159485779310344,T1-live-TSO,
1.0.0,ercot-west,0.6540030525599998,1.1541364890000003,T1-live-TSO,
1.0.0,ethiopia,0.18739726027397266,0.2602739726027398,T3-modelled,
1.0.0,finland,0.07790928916624995,0.15306201250000004,T1a-live-tso,
1.0.0,france,0.22525340999999988,0.5298062903225806,T1-live-TSO,
1.0.0,gansu,0.2465753424657534,0.6891207140668921,T3-modelled,
1.0.0,germany,0.8432302557784487,1.4971307558833338,T1a-live-tso,
1.0.0,greece,0.06689980799999998,0.17595839999999993,T1a-live-tso,
1.0.0,honduras,0.01643835616438356,0.08637013289869397,T3-modelled,
1.0.0,hungary,0.021433651575600003,0.08285588314833336,T1a-live-tso,
1.0.0,iberia,0.7653965549999988,1.4083080000000003,T1a-live-tso,
1.0.0,india-east,0.01643835616438356,0.08637013289869397,T3-modelled,
1.0.0,india-north,0.2876712328767123,1.5356054210624044,T3-modelled,
1.0.0,india-south,0.1232876712328767,0.3527194642736461,T3-modelled,
1.0.0,india-west,0.0821917808219178,0.3199788497249581,T3-modelled,
1.0.0,indonesia,0.024657534246575342,0.12955519934804094,T3-modelled,
1.0.0,inner-mongolia,0.3287671232876712,0.5526513633543194,T3-modelled,
1.0.0,iran,0.024657534246575342,0.12955519934804094,T3-modelled,
1.0.0,iraq-mainland,0.00821917808219178,0.043185066449346984,T3-modelled,
1.0.0,ireland-republic,0.1983331309200001,0.10387224349999993,T1-live-TSO,
1.0.0,iso-ne,0.01953399999999999,0.03158766666666668,T1-live-TSO,
1.0.0,israel,0.012328767123287671,0.06477759967402047,T3-modelled,
1.0.0,italy-north-zone,0.007893419249999999,0.033132899999999986,T1b-live-domestic-anchored,
1.0.0,italy-sardinia,0.012115011750000002,0.04111044166666667,T1b-live-domestic-anchored,
1.0.0,italy-south,0,0,T1a-live-tso,
1.0.0,japan,0.09424266666666671,0.39464722222222226,T1a-live-tso,
1.0.0,jeju,0.00410958904109589,0.006908142041928992,T3-modelled,
1.0.0,jordan,0.028767123287671233,0.06613100120133691,T3-modelled,
1.0.0,kazakhstan,0.03287671232876712,0.05526513633543194,T3-modelled,
1.0.0,kenya,0.032991780821917824,0.3398340316222026,T3-modelled,
1.0.0,kurdistan,0.00410958904109589,0.021592533224673492,T3-modelled,
1.0.0,malaysia,0.012328767123287671,0.06477759967402047,T3-modelled,
1.0.0,manitoba,0.01643835616438356,0.025711960991953782,T3-modelled,
1.0.0,mexico,0.09863013698630137,0.5182207973921638,T3-modelled,
1.0.0,miso,1.052041359999999,1.7564893333333336,T1-live-TSO,
1.0.0,mongolia,0.012328767123287671,0.020724426125786975,T3-modelled,
1.0.0,morocco,0.03287671232876712,0.05526513633543194,T3-modelled,
1.0.0,n-norway,0.36070358248487966,0.1458610526375,T1-live-TSO,
1.0.0,namibia,0.00410958904109589,0.021592533224673492,T3-modelled,
1.0.0,netherlands,0.06763544024525003,0.10955853240833333,T1b-live-domestic-anchored,
1.0.0,new-zealand,0.014145992536000003,0.019370977096774194,T1-live-TSO,
1.0.0,ningxia,0.0821917808219178,0.26526407251289474,T3-modelled,
1.0.0,north-sea,1.3328460313500006,1.4490394322678568,T1-live-TSO,
1.0.0,northern-ireland,0.14362054308000002,0.07521783149999997,T1-live-TSO,
1.0.0,nt-pilbara,0.01643835616438356,0.08637013289869397,T3-modelled,
1.0.0,nyiso,0.02114853000000003,0.030774999999999993,T1-live-TSO,
1.0.0,oman,0.00821917808219178,0.043185066449346984,T3-modelled,
1.0.0,ontario,0.05542146,0.08836933333333333,T1-live-TSO,
1.0.0,pakistan,0.024657534246575342,0.09031975969742746,T3-modelled,
1.0.0,paraguay,0.8876712328767123,1.2328767123287672,T3-modelled,
1.0.0,peru,0.06755909475439993,0.10187290312666669,T1-live-TSO,
1.0.0,pjm,0.15817138500000008,0.3787361666666667,T1-live-TSO,
1.0.0,poland,0.09459478287249967,0.34905249991666676,T1a-live-tso,
1.0.0,portugal,0.08535471600000001,0.2508217333333333,T1a-live-tso,
1.0.0,qinghai,0.1232876712328767,0.6477759967402048,T3-modelled,
1.0.0,quebec,0.026630136986301373,0.036986301369863014,T3-modelled,
1.0.0,romania,0.02581759874999999,0.07132891666666664,T1a-live-tso,
1.0.0,russia-mainland,0.08876712328767124,0.12328767123287672,T3-modelled,
1.0.0,saskatchewan,0.012328767123287671,0.020724426125786975,T3-modelled,
1.0.0,saudi-solar,0.024657534246575342,0.12955519934804094,T3-modelled,
1.0.0,south-africa,0.11050619411999991,0.23200591200000004,T1-live-TSO,
1.0.0,south-korea,0.0410958904109589,0.2159253322467349,T3-modelled,
1.0.0,spp,0.5201667299999998,0.7551396666666667,T1-live-TSO,
1.0.0,sweden-north,0.009585061795000007,0.015760424,T1a-live-tso,
1.0.0,sweden-south,0.01639511686750002,0.04501386116666667,T1a-live-tso,
1.0.0,switzerland,0.007821042992129998,0.03492230284899999,T1c-live-neighbour-anchored,
1.0.0,taiwan,0.04931506849315068,0.12308362850187785,T3-modelled,
1.0.0,thailand,0.024657534246575342,0.13162332180534894,T3-modelled,
1.0.0,tibet,0.08284931506849319,0.11506849315068499,T3-modelled,
1.0.0,turkey,0.00011412744000000002,0.020544240000000002,T1-live-TSO,
1.0.0,uae,0.01643835616438356,0.08637013289869397,T3-modelled,
1.0.0,ukraine,0.09863013698630137,0.5182207973921638,T3-modelled,
1.0.0,uruguay,0.03287671232876712,0.055265136335431946,T3-modelled,
1.0.0,vietnam,0.3287671232876712,1.7274026579738793,T3-modelled,
1.0.0,wa-swis,0.025535953987774557,0.040135303259293965,T1a-live-tso,
1.0.0,yunnan,0.45369863013698647,0.6301369863013702,T3-modelled,
1.1.0,aemo-nsw-solar,0.11836146485336647,0.5303889131117762,T1a-live-tso,
1.1.0,aemo-nsw-wind,0.005772874486904874,0.025868796304890376,T1a-live-tso,
1.1.0,aemo-qld-solar,0.09284700368208822,0.48086221077885183,T1a-live-tso,
1.1.0,aemo-qld-wind,0.020866189618916123,0.1080676992554195,T1a-live-tso,
1.1.0,aemo-sa-solar,0.02835006331676014,0.12069666140090521,T1a-live-tso,
1.1.0,aemo-sa-wind,0.09277746509100572,0.394987840577533,T1a-live-tso,
1.1.0,aemo-tas-solar,0,0,T1a-live-tso,
1.1.0,aemo-tas-wind,0.00017645649541666667,0.05390436875,T1a-live-tso,
1.1.0,aemo-vic-solar,0.04774656025012163,0.16883925192176455,T1a-live-tso,
1.1.0,aemo-vic-wind,0.2168418791982439,0.7667865596464172,T1a-live-tso,
1.1.0,alberta-solar,0,0,T1a-live-tso,
1.1.0,alberta-wind,0.005076000000000001,0.007050000000000001,T1a-live-tso,
1.1.0,argentina,0.0410958904109589,0.06908142041928994,T3-modelled,
1.1.0,atacama,0.3209291199999998,1.145577156175576,T1-live-TSO,
1.1.0,baltics,0.012819378235312514,0.02199306768770832,T1b-live-domestic-anchored,
1.1.0,bangladesh,0.00821917808219178,0.043185066449346984,T3-modelled,
1.1.0,belgium,0.0149271548875,0.23817866285714281,T1-live-TSO,
1.1.0,bpa,0.043554700000000016,0.07439066666666666,T1-live-TSO,
1.1.0,brazil-bahia-solar,0.5370186499999998,1.3681463965517238,T1a-live-tso,
1.1.0,brazil-bahia-wind,1.8208181839999993,3.3857708103448276,T1a-live-tso,
1.1.0,brazil-ce-solar,0.4245432770000001,1.0611761379310345,T1a-live-tso,
1.1.0,brazil-ce-wind,0.10507700899999996,0.25681406896551723,T1a-live-tso,
1.1.0,brazil-go-solar,0.060547904999999985,0.17427067241379307,T1a-live-tso,
1.1.0,brazil-go-wind,0,0,T1a-live-tso,
1.1.0,brazil-maranhao-solar,0,0,T1a-live-tso,
1.1.0,brazil-maranhao-wind,0.021368811,0.06951344827586207,T1a-live-tso,
1.1.0,brazil-mg-solar,1.8224235730000005,4.416530620689655,T1a-live-tso,
1.1.0,brazil-mg-wind,0,0,T1a-live-tso,
1.1.0,brazil-mt-solar,0,0,T1a-live-tso,
1.1.0,brazil-mt-wind,0,0,T1a-live-tso,
1.1.0,brazil-other-solar,0,0,T1a-live-tso,
1.1.0,brazil-other-wind,0.004048484,0.01466103448275862,T1a-live-tso,
1.1.0,brazil-paraiba-solar,0.12083704899999999,0.30240006896551724,T1a-live-tso,
1.1.0,brazil-paraiba-wind,0.13029581599999998,0.2669217413793103,T1a-live-tso,
1.1.0,brazil-pernambuco-solar,0.25766622299999997,0.6498738620689656,T1a-live-tso,
1.1.0,brazil-pernambuco-wind,0.078716556,0.13819553448275862,T1a-live-tso,
1.1.0,brazil-piaui-solar,0.4185632799999997,1.0934845862068967,T1a-live-tso,
1.1.0,brazil-piaui-wind,0.8212900919999999,1.812739155172414,T1a-live-tso,
1.1.0,brazil-pr-solar,0,0,T1a-live-tso,
1.1.0,brazil-pr-wind,0,0,T1a-live-tso,
1.1.0,brazil-rn-solar,0.5267364520000001,1.2492592413793102,T1a-live-tso,
1.1.0,brazil-rn-wind,1.0904442219999988,1.7703363103448275,T1a-live-tso,
1.1.0,brazil-rs-solar,0,0,T1a-live-tso,
1.1.0,brazil-rs-wind,0.038722766000000006,0.14617148275862069,T1a-live-tso,
1.1.0,brazil-sp-solar,0.19257820399999998,0.4901958103448275,T1a-live-tso,
1.1.0,brazil-sp-wind,0,0,T1a-live-tso,
1.1.0,british-columbia,0.10356164383561645,0.14383561643835616,T3-modelled,
1.1.0,bulgaria,0.012868114247805006,0.03809098885706897,T1a-live-tso,
1.1.0,caiso,0.2699416825,0.7292815833333334,T1-live-TSO,
1.1.0,chile-wind,0.16551954320411993,0.9323301813095238,T1a-live-tso,
1.1.0,colombia,1.5474731079452055,2.149268205479452,T1a-live-tso,
1.1.0,cyprus,0.00821917808219178,0.043185066449346984,T3-modelled,
1.1.0,czech-republic,0.012869429125000033,0.05096164416666669,T1a-live-tso,
1.1.0,denmark,0.0747142105222801,0.19095605995619047,T1-live-TSO,
1.1.0,egypt,0.024657534246575342,0.12955519934804094,T3-modelled,
1.1.0,ercot-east,0.3369106634399999,0.5945551610000002,T1-live-TSO,
1.1.0,ercot-native-east,0.2534183895299998,0.4203371462068965,T1-live-TSO,
1.1.0,ercot-native-west,0.4919298149699996,0.8159485779310344,T1-live-TSO,
1.1.0,ercot-west,0.6540030525599998,1.1541364890000003,T1-live-TSO,
1.1.0,ethiopia,0.18739726027397266,0.2602739726027398,T3-modelled,
1.1.0,finland,0.07976266704124998,0.15298326249999988,T1a-live-tso,
1.1.0,france,0.22525340999999988,0.5298062903225806,T1-live-TSO,
1.1.0,gansu,0.2465753424657534,0.6891207140668921,T3-modelled,
1.1.0,germany,0.7838144758659241,1.4381442410541667,T1a-live-tso,
1.1.0,greece,0.06497560800000006,0.1720248,T1a-live-tso,
1.1.0,honduras,0.01643835616438356,0.08637013289869397,T3-modelled,
1.1.0,hungary,0.024392270312075005,0.0929724900841667,T1a-live-tso,
1.1.0,iberia,0.6953317249999992,1.361911833333334,T1a-live-tso,
1.1.0,india-east,0.01643835616438356,0.08637013289869397,T3-modelled,
1.1.0,india-north,0.2876712328767123,1.5356054210624044,T3-modelled,
1.1.0,india-south,0.1232876712328767,0.3527194642736461,T3-modelled,
1.1.0,india-west,0.0821917808219178,0.3199788497249581,T3-modelled,
1.1.0,indonesia,0.024657534246575342,0.12955519934804094,T3-modelled,
1.1.0,inner-mongolia,0.3287671232876712,0.5526513633543194,T3-modelled,
1.1.0,iran,0.024657534246575342,0.12955519934804094,T3-modelled,
1.1.0,iraq-mainland,0.00821917808219178,0.043185066449346984,T3-modelled,
1.1.0,ireland-republic,0.1983331309200001,0.10387224349999993,T1-live-TSO,
1.1.0,iso-ne,0.01953399999999999,0.03158766666666668,T1-live-TSO,
1.1.0,israel,0.012328767123287671,0.06477759967402047,T3-modelled,
1.1.0,italy-north-zone,0.007817215499999986,0.03206255000000001,T1b-live-domestic-anchored,
1.1.0,italy-sardinia,0.012099493250000013,0.04111006666666667,T1b-live-domestic-anchored,
1.1.0,italy-sicily,0.02656737874999997,0.08322329166666667,T1b-live-domestic-anchored,
1.1.0,japan,0.09424266666666671,0.39464722222222226,T1a-live-tso,
1.1.0,jeju,0.00410958904109589,0.006908142041928992,T3-modelled,
1.1.0,jordan,0.028767123287671233,0.06613100120133691,T3-modelled,
1.1.0,kazakhstan,0.03287671232876712,0.05526513633543194,T3-modelled,
1.1.0,kenya,0.032991780821917824,0.3398340316222026,T3-modelled,
1.1.0,kurdistan,0.00410958904109589,0.021592533224673492,T3-modelled,
1.1.0,malaysia,0.012328767123287671,0.06477759967402047,T3-modelled,
1.1.0,manitoba,0.01643835616438356,0.025711960991953782,T3-modelled,
1.1.0,mexico,0.09863013698630137,0.5182207973921638,T3-modelled,
1.1.0,miso,1.052041359999999,1.7564893333333336,T1-live-TSO,
1.1.0,mongolia,0.012328767123287671,0.020724426125786975,T3-modelled,
1.1.0,morocco,0.03287671232876712,0.05526513633543194,T3-modelled,
1.1.0,n-norway,0.36070358248487966,0.1458610526375,T1-live-TSO,
1.1.0,namibia,0.00410958904109589,0.021592533224673492,T3-modelled,
1.1.0,netherlands,0.06384726377300003,0.11113746484033613,T1b-live-domestic-anchored,
1.1.0,new-zealand,0.014145992536000003,0.019370977096774194,T1-live-TSO,
1.1.0,ningxia,0.0821917808219178,0.26526407251289474,T3-modelled,
1.1.0,north-sea,1.3328460313500006,1.4490394322678568,T1-live-TSO,
1.1.0,northern-ireland,0.14362054308000002,0.07521783149999997,T1-live-TSO,
1.1.0,nt-pilbara,0.01643835616438356,0.08637013289869397,T3-modelled,
1.1.0,nyiso,0.02114853000000003,0.030774999999999993,T1-live-TSO,
1.1.0,oman,0.00821917808219178,0.043185066449346984,T3-modelled,
1.1.0,ontario-solar,0.0011661799999999989,0.004931724137931035,T1a-live-tso,
1.1.0,ontario-wind,0.05329132000000005,0.0871462068965517,T1a-live-tso,
1.1.0,pakistan,0.11013698630136987,0.18482337081458602,T3-modelled,
1.1.0,paraguay,0.8876712328767123,1.2328767123287672,T3-modelled,
1.1.0,peru-hydro,0.06165926495930007,0.09281968296551726,T1a-live-tso,
1.1.0,peru-solar,0.0004758202690000002,0.0007045793103448276,T1a-live-tso,
1.1.0,peru-wind,0.0065488084597000035,0.014630619789655172,T1a-live-tso,
1.1.0,pjm,0.15817138500000008,0.3787361666666667,T1-live-TSO,
1.1.0,poland,0.1017392694912498,0.3626065862083336,T1a-live-tso,
1.1.0,portugal,0.08178231600000008,0.24757596666666665,T1a-live-tso,
1.1.0,qinghai,0.1232876712328767,0.6477759967402048,T3-modelled,
1.1.0,quebec,0.026630136986301373,0.036986301369863014,T3-modelled,
1.1.0,romania,0.026222465000000014,0.07346591666666667,T1a-live-tso,
1.1.0,russia-mainland,0.08876712328767124,0.12328767123287672,T3-modelled,
1.1.0,saskatchewan,0.012328767123287671,0.020724426125786975,T3-modelled,
1.1.0,saudi-solar,0.024657534246575342,0.12955519934804094,T3-modelled,
1.1.0,south-africa-solar,0.049727787353999964,0.10440266040000001,T1-live-TSO,
1.1.0,south-africa-wind,0.06077840676599996,0.12760325160000002,T1-live-TSO,
1.1.0,south-korea,0.0410958904109589,0.2159253322467349,T3-modelled,
1.1.0,spp,0.5201667299999998,0.7551396666666667,T1-live-TSO,
1.1.0,sweden-north,0.009127735180000015,0.014903902586206903,T1a-live-tso,
1.1.0,sweden-south,0.017322337850000008,0.04938037283333333,T1a-live-tso,
1.1.0,switzerland,0.008791365626715005,0.038066866631,T1c-live-neighbour-anchored,
1.1.0,taiwan,0.04931506849315068,0.12308362850187785,T3-modelled,
1.1.0,thailand,0.024657534246575342,0.13162332180534894,T3-modelled,
1.1.0,tibet,0.08284931506849319,0.11506849315068499,T3-modelled,
1.1.0,turkey,0.00011412744000000002,0.020544240000000002,T1-live-TSO,
1.1.0,uae,0.01643835616438356,0.08637013289869397,T3-modelled,
1.1.0,ukraine,0.09863013698630137,0.5182207973921638,T3-modelled,
1.1.0,uruguay,0,0,T1a-live-tso,
1.1.0,vietnam,0.3287671232876712,1.7274026579738793,T3-modelled,
1.1.0,wa-swis-solar,0.0031903185983763052,0.011744747677882503,T1a-live-tso,
1.1.0,wa-swis-wind,0.019932151569934,0.03493723771022255,T1a-live-tso,
1.1.0,yunnan,0.45369863013698647,0.6301369863013702,T3-modelled,
1.1.1,aemo-nsw-solar,0.11836146485336647,0.5303889131117762,T1a-live-tso,
1.1.1,aemo-nsw-wind,0.005772874486904874,0.025868796304890376,T1a-live-tso,
1.1.1,aemo-qld-solar,0.09284700368208822,0.48086221077885183,T1a-live-tso,
1.1.1,aemo-qld-wind,0.020866189618916123,0.1080676992554195,T1a-live-tso,
1.1.1,aemo-sa-solar,0.02835006331676014,0.12069666140090521,T1a-live-tso,
1.1.1,aemo-sa-wind,0.09277746509100572,0.394987840577533,T1a-live-tso,
1.1.1,aemo-tas-solar,0,0,T1a-live-tso,
1.1.1,aemo-tas-wind,0.00017645649541666667,0.05390436875,T1a-live-tso,
1.1.1,aemo-vic-solar,0.04774656025012163,0.16883925192176455,T1a-live-tso,
1.1.1,aemo-vic-wind,0.2168418791982439,0.7667865596464172,T1a-live-tso,
1.1.1,alberta-solar,0,0,T1a-live-tso,
1.1.1,alberta-wind,0.005076000000000001,0.007050000000000001,T1a-live-tso,
1.1.1,argentina,0.0410958904109589,0.06908142041928994,T3-modelled,
1.1.1,atacama,0.3209291199999998,1.145577156175576,T1-live-TSO,
1.1.1,baltics,0.011069325040750016,0.019873794875624996,T1b-live-domestic-anchored,
1.1.1,bangladesh,0.00821917808219178,0.043185066449346984,T3-modelled,
1.1.1,belgium,0.0149271548875,0.23817866285714281,T1-live-TSO,
1.1.1,bpa,0.043554700000000016,0.07439066666666666,T1-live-TSO,
1.1.1,brazil-bahia-solar,0.5370186499999998,1.3681463965517238,T1a-live-tso,
1.1.1,brazil-bahia-wind,1.8208181839999993,3.3857708103448276,T1a-live-tso,
1.1.1,brazil-ce-solar,0.4245432770000001,1.0611761379310345,T1a-live-tso,
1.1.1,brazil-ce-wind,0.10507700899999996,0.25681406896551723,T1a-live-tso,
1.1.1,brazil-go-solar,0.060547904999999985,0.17427067241379307,T1a-live-tso,
1.1.1,brazil-go-wind,0,0,T1a-live-tso,
1.1.1,brazil-maranhao-solar,0,0,T1a-live-tso,
1.1.1,brazil-maranhao-wind,0.021368811,0.06951344827586207,T1a-live-tso,
1.1.1,brazil-mg-solar,1.8224235730000005,4.416530620689655,T1a-live-tso,
1.1.1,brazil-mg-wind,0,0,T1a-live-tso,
1.1.1,brazil-mt-solar,0,0,T1a-live-tso,
1.1.1,brazil-mt-wind,0,0,T1a-live-tso,
1.1.1,brazil-other-solar,0,0,T1a-live-tso,
1.1.1,brazil-other-wind,0.004048484,0.01466103448275862,T1a-live-tso,
1.1.1,brazil-paraiba-solar,0.12083704899999999,0.30240006896551724,T1a-live-tso,
1.1.1,brazil-paraiba-wind,0.13029581599999998,0.2669217413793103,T1a-live-tso,
1.1.1,brazil-pernambuco-solar,0.25766622299999997,0.6498738620689656,T1a-live-tso,
1.1.1,brazil-pernambuco-wind,0.078716556,0.13819553448275862,T1a-live-tso,
1.1.1,brazil-piaui-solar,0.4185632799999997,1.0934845862068967,T1a-live-tso,
1.1.1,brazil-piaui-wind,0.8212900919999999,1.812739155172414,T1a-live-tso,
1.1.1,brazil-pr-solar,0,0,T1a-live-tso,
1.1.1,brazil-pr-wind,0,0,T1a-live-tso,
1.1.1,brazil-rn-solar,0.5267364520000001,1.2492592413793102,T1a-live-tso,
1.1.1,brazil-rn-wind,1.0904442219999988,1.7703363103448275,T1a-live-tso,
1.1.1,brazil-rs-solar,0,0,T1a-live-tso,
1.1.1,brazil-rs-wind,0.038722766000000006,0.14617148275862069,T1a-live-tso,
1.1.1,brazil-sp-solar,0.19257820399999998,0.4901958103448275,T1a-live-tso,
1.1.1,brazil-sp-wind,0,0,T1a-live-tso,
1.1.1,british-columbia,0.10356164383561645,0.14383561643835616,T3-modelled,
1.1.1,bulgaria,0.01252861134635499,0.03742437173266667,T1a-live-tso,
1.1.1,caiso,0.2699416825,0.7292815833333334,T1-live-TSO,
1.1.1,chile-wind,0.16551954320411993,0.9323301813095238,T1a-live-tso,
1.1.1,colombia,1.588739057490411,2.2065820242922376,T1b-live-domestic-anchored,
1.1.1,cyprus,0.00821917808219178,0.043185066449346984,T3-modelled,
1.1.1,czech-republic,0.01125337572500001,0.044849563333333335,T1a-live-tso,
1.1.1,denmark,0.0747142105222801,0.19095605995619047,T1-live-TSO,
1.1.1,egypt,0.024657534246575342,0.12955519934804094,T3-modelled,
1.1.1,ercot-east,0.3369106634399999,0.5945551610000002,T1-live-TSO,
1.1.1,ercot-native-east,0.2534183895299998,0.4203371462068965,T1-live-TSO,
1.1.1,ercot-native-west,0.4919298149699996,0.8159485779310344,T1-live-TSO,
1.1.1,ercot-west,0.6540030525599998,1.1541364890000003,T1-live-TSO,
1.1.1,ethiopia,0.18739726027397266,0.2602739726027398,T3-modelled,
1.1.1,finland,0.07790928916624995,0.15306201250000004,T1a-live-tso,
1.1.1,france,0.22525340999999988,0.5298062903225806,T1-live-TSO,
1.1.1,gansu,0.2465753424657534,0.6891207140668921,T3-modelled,
1.1.1,germany,0.8432302557784487,1.4971307558833338,T1a-live-tso,
1.1.1,greece,0.06689980799999998,0.17595839999999993,T1a-live-tso,
1.1.1,honduras,0.01643835616438356,0.08637013289869397,T3-modelled,
1.1.1,hungary,0.021433651575600003,0.08285588314833336,T1a-live-tso,
1.1.1,iberia,0.7653965549999988,1.4083080000000003,T1a-live-tso,
1.1.1,india-andhra-pradesh,0.03287671232876712,0.17274026579738794,T1a-live-tso,
1.1.1,india-east,0.01643835616438356,0.08637013289869397,T3-modelled,
1.1.1,india-gujarat,0.0821917808219178,0.4387444060178298,T1a-live-tso,
1.1.1,india-karnataka,0.0410958904109589,0.2193722030089149,T1a-live-tso,
1.1.1,india-maharashtra,0.024657534246575342,0.08541532974110078,T1a-live-tso,
1.1.1,india-rajasthan,0.2876712328767123,1.5356054210624044,T1a-live-tso,
1.1.1,india-tamil-nadu,0.0821917808219178,0.13816284083857985,T1a-live-tso,
1.1.1,indonesia,0.024657534246575342,0.12955519934804094,T3-modelled,
1.1.1,inner-mongolia,0.3287671232876712,0.5526513633543194,T3-modelled,
1.1.1,iran,0.024657534246575342,0.12955519934804094,T3-modelled,
1.1.1,iraq-mainland,0.00821917808219178,0.043185066449346984,T3-modelled,
1.1.1,ireland-republic,0.1983331309200001,0.10387224349999993,T1-live-TSO,
1.1.1,iso-ne,0.01953399999999999,0.03158766666666668,T1-live-TSO,
1.1.1,israel,0.012328767123287671,0.06477759967402047,T3-modelled,
1.1.1,italy-north-zone,0.007893419249999999,0.033132899999999986,T1b-live-domestic-anchored,
1.1.1,italy-sardinia,0.012115011750000002,0.04111044166666667,T1b-live-domestic-anchored,
1.1.1,italy-sicily,0,0,T1b-live-domestic-anchored,
1.1.1,japan-chubu,0.00410958904109589,0.021592533224673492,T1a-live-tso,
1.1.1,japan-chugoku,0.04789155000000005,0.21653833333333342,T1a-live-tso,
1.1.1,japan-hokkaido,0.0008034583333333339,0.06758333333333333,T1a-live-tso,
1.1.1,japan-hokuriku,0.0016180833333333448,0.007040555555555551,T1a-live-tso,
1.1.1,japan-kansai,0.00003011666666666666,0.006941666666666666,T1a-live-tso,
1.1.1,japan-kyushu,0.09367600000000054,0.3924138888888889,T1a-live-tso,
1.1.1,japan-okinawa,0.003287671232876712,0.017274026579738793,T1a-live-tso,
1.1.1,japan-shikoku,0.024657534246575342,0.12955519934804094,T1a-live-tso,
1.1.1,japan-tepco,0.00410958904109589,0.021592533224673492,T1a-live-tso,
1.1.1,japan-tohoku,0.1671195,1.11625,T1a-live-tso,
1.1.1,jeju,0.00410958904109589,0.006908142041928992,T3-modelled,
1.1.1,jordan,0.028767123287671233,0.06613100120133691,T3-modelled,
1.1.1,kazakhstan,0.03287671232876712,0.05526513633543194,T3-modelled,
1.1.1,kenya,0.032991780821917824,0.3398340316222026,T3-modelled,
1.1.1,kurdistan,0.00410958904109589,0.021592533224673492,T3-modelled,
1.1.1,malaysia,0.012328767123287671,0.06477759967402047,T3-modelled,
1.1.1,manitoba,0.01643835616438356,0.025711960991953782,T3-modelled,
1.1.1,mexico,0.09863013698630137,0.5182207973921638,T3-modelled,
1.1.1,miso,1.052041359999999,1.7564893333333336,T1-live-TSO,
1.1.1,mongolia,0.012328767123287671,0.020724426125786975,T3-modelled,
1.1.1,morocco,0.03287671232876712,0.05526513633543194,T3-modelled,
1.1.1,n-norway,0.36070358248487966,0.1458610526375,T1-live-TSO,
1.1.1,namibia,0.00410958904109589,0.021592533224673492,T3-modelled,
1.1.1,netherlands,0.06763544024525003,0.10955853240833333,T1b-live-domestic-anchored,
1.1.1,new-zealand,0.014145992536000003,0.019370977096774194,T1-live-TSO,
1.1.1,ningxia,0.0821917808219178,0.26526407251289474,T3-modelled,
1.1.1,north-sea,1.3328460313500006,1.4490394322678568,T1-live-TSO,
1.1.1,northern-ireland,0.14362054308000002,0.07521783149999997,T1-live-TSO,
1.1.1,nt-pilbara,0.01643835616438356,0.08637013289869397,T3-modelled,
1.1.1,nyiso,0.02114853000000003,0.030774999999999993,T1-live-TSO,
1.1.1,oman,0.00821917808219178,0.043185066449346984,T3-modelled,
1.1.1,ontario-solar,0.0011661799999999989,0.004931724137931035,T1a-live-tso,
1.1.1,ontario-wind,0.05329132000000005,0.0871462068965517,T1a-live-tso,
1.1.1,pakistan,0.11013698630136987,0.18482337081458602,T3-modelled,
1.1.1,paraguay,0.8876712328767123,1.2328767123287672,T3-modelled,
1.1.1,peru-hydro,0.06165926495930007,0.09281968296551726,T1a-live-tso,
1.1.1,peru-solar,0.0004758202690000002,0.0007045793103448276,T1a-live-tso,
1.1.1,peru-wind,0.0065488084597000035,0.014630619789655172,T1a-live-tso,
1.1.1,pjm,0.15817138500000008,0.3787361666666667,T1-live-TSO,
1.1.1,poland,0.09459478287249967,0.34905249991666676,T1a-live-tso,
1.1.1,portugal,0.08535471600000001,0.2508217333333333,T1a-live-tso,
1.1.1,qinghai,0.1232876712328767,0.6477759967402048,T3-modelled,
1.1.1,quebec,0.026630136986301373,0.036986301369863014,T3-modelled,
1.1.1,romania,0.02581759874999999,0.07132891666666664,T1a-live-tso,
1.1.1,russia-mainland,0.08876712328767124,0.12328767123287672,T3-modelled,
1.1.1,saskatchewan,0.012328767123287671,0.020724426125786975,T3-modelled,
1.1.1,saudi-solar,0.024657534246575342,0.12955519934804094,T3-modelled,
1.1.1,south-africa-solar,0.049727787353999964,0.10440266040000001,T1-live-TSO,
1.1.1,south-africa-wind,0.06077840676599996,0.12760325160000002,T1-live-TSO,
1.1.1,south-korea,0.0410958904109589,0.2159253322467349,T3-modelled,
1.1.1,spp,0.5201667299999998,0.7551396666666667,T1-live-TSO,
1.1.1,sweden-north,0.009585061795000007,0.015760424,T1a-live-tso,
1.1.1,sweden-south,0.01639511686750002,0.04501386116666667,T1a-live-tso,
1.1.1,switzerland,0.007821042992129998,0.03492230284899999,T1c-live-neighbour-anchored,
1.1.1,taiwan,0.04931506849315068,0.12308362850187785,T3-modelled,
1.1.1,thailand,0.024657534246575342,0.13162332180534894,T3-modelled,
1.1.1,tibet,0.08284931506849319,0.11506849315068499,T3-modelled,
1.1.1,turkey,0.00011412744000000002,0.020544240000000002,T1-live-TSO,
1.1.1,uae,0.01643835616438356,0.08637013289869397,T3-modelled,
1.1.1,ukraine,0.09863013698630137,0.5182207973921638,T3-modelled,
1.1.1,uruguay,0,0,T1a-live-tso,
1.1.1,vietnam,0.3287671232876712,1.7274026579738793,T3-modelled,
1.1.1,wa-swis-solar,0.0031903185983763052,0.011744747677882503,T1a-live-tso,
1.1.1,wa-swis-wind,0.019932151569934,0.03493723771022255,T1a-live-tso,
1.1.1,yunnan,0.45369863013698647,0.6301369863013702,T3-modelled,
1.2.0,aemo-nsw-solar,0.11836146485336647,0.5303889131117762,T1a-live-tso,
1.2.0,aemo-nsw-wind,0.005772874486904874,0.025868796304890376,T1a-live-tso,
1.2.0,aemo-qld-solar,0.09284700368208822,0.48086221077885183,T1a-live-tso,
1.2.0,aemo-qld-wind,0.020866189618916123,0.1080676992554195,T1a-live-tso,
1.2.0,aemo-sa-solar,0.02835006331676014,0.12069666140090521,T1a-live-tso,
1.2.0,aemo-sa-wind,0.09277746509100572,0.394987840577533,T1a-live-tso,
1.2.0,aemo-tas-solar,0,0,T1a-live-tso,
1.2.0,aemo-tas-wind,0.00017645649541666667,0.05390436875,T1a-live-tso,
1.2.0,aemo-vic-solar,0.04774656025012163,0.16883925192176455,T1a-live-tso,
1.2.0,aemo-vic-wind,0.2168418791982439,0.7667865596464172,T1a-live-tso,
1.2.0,alberta-solar,0,0,T1a-live-tso,
1.2.0,alberta-wind,0.005076000000000001,0.007050000000000001,T1a-live-tso,
1.2.0,argentina,0.0410958904109589,0.06908142041928994,T3-modelled,
1.2.0,atacama,0.3209291199999998,1.145577156175576,T1-live-TSO,
1.2.0,baltics,0.011069325040750016,0.019873794875624996,T1b-live-domestic-anchored,
1.2.0,bangladesh,0.00821917808219178,0.043185066449346984,T3-modelled,
1.2.0,belgium,0.0149271548875,0.23817866285714281,T1-live-TSO,
1.2.0,bpa,0.043554700000000016,0.07439066666666666,T1-live-TSO,
1.2.0,brazil-bahia-solar,0.5370186499999998,1.3681463965517238,T1a-live-tso,
1.2.0,brazil-bahia-wind,1.8208181839999993,3.3857708103448276,T1a-live-tso,
1.2.0,brazil-ce-solar,0.4245432770000001,1.0611761379310345,T1a-live-tso,
1.2.0,brazil-ce-wind,0.10507700899999996,0.25681406896551723,T1a-live-tso,
1.2.0,brazil-go-solar,0.060547904999999985,0.17427067241379307,T1a-live-tso,
1.2.0,brazil-go-wind,0,0,T1a-live-tso,
1.2.0,brazil-maranhao-solar,0,0,T1a-live-tso,
1.2.0,brazil-maranhao-wind,0.021368811,0.06951344827586207,T1a-live-tso,
1.2.0,brazil-mg-solar,1.8224235730000005,4.416530620689655,T1a-live-tso,
1.2.0,brazil-mg-wind,0,0,T1a-live-tso,
1.2.0,brazil-mt-solar,0,0,T1a-live-tso,
1.2.0,brazil-mt-wind,0,0,T1a-live-tso,
1.2.0,brazil-other-solar,0,0,T1a-live-tso,
1.2.0,brazil-other-wind,0.004048484,0.01466103448275862,T1a-live-tso,
1.2.0,brazil-paraiba-solar,0.12083704899999999,0.30240006896551724,T1a-live-tso,
1.2.0,brazil-paraiba-wind,0.13029581599999998,0.2669217413793103,T1a-live-tso,
1.2.0,brazil-pernambuco-solar,0.25766622299999997,0.6498738620689656,T1a-live-tso,
1.2.0,brazil-pernambuco-wind,0.078716556,0.13819553448275862,T1a-live-tso,
1.2.0,brazil-piaui-solar,0.4185632799999997,1.0934845862068967,T1a-live-tso,
1.2.0,brazil-piaui-wind,0.8212900919999999,1.812739155172414,T1a-live-tso,
1.2.0,brazil-pr-solar,0,0,T1a-live-tso,
1.2.0,brazil-pr-wind,0,0,T1a-live-tso,
1.2.0,brazil-rn-solar,0.5267364520000001,1.2492592413793102,T1a-live-tso,
1.2.0,brazil-rn-wind,1.0904442219999988,1.7703363103448275,T1a-live-tso,
1.2.0,brazil-rs-solar,0,0,T1a-live-tso,
1.2.0,brazil-rs-wind,0.038722766000000006,0.14617148275862069,T1a-live-tso,
1.2.0,brazil-sp-solar,0.19257820399999998,0.4901958103448275,T1a-live-tso,
1.2.0,brazil-sp-wind,0,0,T1a-live-tso,
1.2.0,british-columbia,0.10356164383561645,0.14383561643835616,T3-modelled,
1.2.0,bulgaria,0.01252861134635499,0.03742437173266667,T1a-live-tso,
1.2.0,caiso,0.2699416825,0.7292815833333334,T1-live-TSO,
1.2.0,chile-wind,0.16551954320411993,0.9323301813095238,T1a-live-tso,
1.2.0,colombia,1.588739057490411,2.2065820242922376,T1b-live-domestic-anchored,
1.2.0,cyprus,0.00821917808219178,0.043185066449346984,T3-modelled,
1.2.0,czech-republic,0.01125337572500001,0.044849563333333335,T1a-live-tso,
1.2.0,denmark,0.0747142105222801,0.19095605995619047,T1-live-TSO,
1.2.0,egypt,0.024657534246575342,0.12955519934804094,T3-modelled,
1.2.0,ercot-east,0.3369106634399999,0.5945551610000002,T1-live-TSO,
1.2.0,ercot-native-east,0.2534183895299998,0.4203371462068965,T1-live-TSO,
1.2.0,ercot-native-west,0.4919298149699996,0.8159485779310344,T1-live-TSO,
1.2.0,ercot-west,0.6540030525599998,1.1541364890000003,T1-live-TSO,
1.2.0,ethiopia,0.18739726027397266,0.2602739726027398,T3-modelled,
1.2.0,finland,0.07790928916624995,0.15306201250000004,T1a-live-tso,
1.2.0,france,0.22525340999999988,0.5298062903225806,T1-live-TSO,
1.2.0,gansu,0.2465753424657534,0.6891207140668921,T3-modelled,
1.2.0,germany,0.8432302557784487,1.4971307558833338,T1a-live-tso,
1.2.0,greece,0.06689980799999998,0.17595839999999993,T1a-live-tso,
1.2.0,honduras,0.01643835616438356,0.08637013289869397,T3-modelled,
1.2.0,hungary,0.021433651575600003,0.08285588314833336,T1a-live-tso,
1.2.0,iberia,0.7653965549999988,1.4083080000000003,T1a-live-tso,
1.2.0,india-andhra-pradesh,0.03287671232876712,0.17274026579738794,T3-modelled,
1.2.0,india-east,0.01643835616438356,0.08637013289869397,T3-modelled,
1.2.0,india-gujarat,0.0821917808219178,0.4387444060178298,T3-modelled,
1.2.0,india-karnataka,0.0410958904109589,0.2193722030089149,T3-modelled,
1.2.0,india-maharashtra,0.024657534246575342,0.08541532974110078,T3-modelled,
1.2.0,india-rajasthan,0.2876712328767123,1.5356054210624044,T3-modelled,
1.2.0,india-tamil-nadu,0.0821917808219178,0.13816284083857985,T3-modelled,
1.2.0,indonesia,0.024657534246575342,0.12955519934804094,T3-modelled,
1.2.0,inner-mongolia,0.3287671232876712,0.5526513633543194,T3-modelled,
1.2.0,iran,0.024657534246575342,0.12955519934804094,T3-modelled,
1.2.0,iraq-mainland,0.00821917808219178,0.043185066449346984,T3-modelled,
1.2.0,ireland-republic,0.1983331309200001,0.10387224349999993,T1-live-TSO,
1.2.0,iso-ne,0.01953399999999999,0.03158766666666668,T1-live-TSO,
1.2.0,israel,0.012328767123287671,0.06477759967402047,T3-modelled,
1.2.0,italy-north-zone,0.007893419249999999,0.033132899999999986,T1b-live-domestic-anchored,
1.2.0,italy-sardinia,0.012115011750000002,0.04111044166666667,T1b-live-domestic-anchored,
1.2.0,italy-sicily,0,0,T1b-live-domestic-anchored,
1.2.0,japan-chubu,0.00410958904109589,0.021592533224673492,T1a-live-tso,
1.2.0,japan-chugoku,0.04789155000000005,0.21653833333333342,T1a-live-tso,
1.2.0,japan-hokkaido,0.0008034583333333339,0.06758333333333333,T1a-live-tso,
1.2.0,japan-hokuriku,0.0016180833333333448,0.007040555555555551,T1a-live-tso,
1.2.0,japan-kansai,0.00003011666666666666,0.006941666666666666,T1a-live-tso,
1.2.0,japan-kyushu,0.09367600000000054,0.3924138888888889,T1a-live-tso,
1.2.0,japan-okinawa,0.003287671232876712,0.017274026579738793,T1a-live-tso,
1.2.0,japan-shikoku,0.024657534246575342,0.12955519934804094,T1a-live-tso,
1.2.0,japan-tepco,0.00410958904109589,0.021592533224673492,T1a-live-tso,
1.2.0,japan-tohoku,0.1671195,1.11625,T1a-live-tso,
1.2.0,jeju,0.00410958904109589,0.006908142041928992,T3-modelled,
1.2.0,jordan,0.028767123287671233,0.06613100120133691,T3-modelled,
1.2.0,kazakhstan,0.03287671232876712,0.05526513633543194,T3-modelled,
1.2.0,kenya,0.032991780821917824,0.3398340316222026,T3-modelled,
1.2.0,kurdistan,0.00410958904109589,0.021592533224673492,T3-modelled,
1.2.0,malaysia,0.012328767123287671,0.06477759967402047,T3-modelled,
1.2.0,manitoba,0.01643835616438356,0.025711960991953782,T3-modelled,
1.2.0,mexico,0.09863013698630137,0.5182207973921638,T3-modelled,
1.2.0,miso,1.052041359999999,1.7564893333333336,T1-live-TSO,
1.2.0,mongolia,0.012328767123287671,0.020724426125786975,T3-modelled,
1.2.0,morocco,0.03287671232876712,0.05526513633543194,T3-modelled,
1.2.0,n-norway,0.36070358248487966,0.1458610526375,T1-live-TSO,
1.2.0,namibia,0.00410958904109589,0.021592533224673492,T3-modelled,
1.2.0,netherlands,0.06763544024525003,0.10955853240833333,T1b-live-domestic-anchored,
1.2.0,new-zealand,0.014145992536000003,0.019370977096774194,T1-live-TSO,
1.2.0,ningxia,0.0821917808219178,0.26526407251289474,T3-modelled,
1.2.0,north-sea,1.3328460313500006,1.4490394322678568,T1-live-TSO,
1.2.0,northern-ireland,0.14362054308000002,0.07521783149999997,T1-live-TSO,
1.2.0,nt-pilbara,0.01643835616438356,0.08637013289869397,T3-modelled,
1.2.0,nyiso,0.02114853000000003,0.030774999999999993,T1-live-TSO,
1.2.0,oman,0.00821917808219178,0.043185066449346984,T3-modelled,
1.2.0,ontario-solar,0.0011661799999999989,0.004931724137931035,T1a-live-tso,
1.2.0,ontario-wind,0.05329132000000005,0.0871462068965517,T1a-live-tso,
1.2.0,pakistan,0.11013698630136987,0.18482337081458602,T3-modelled,
1.2.0,paraguay,0.8876712328767123,1.2328767123287672,T3-modelled,
1.2.0,peru-hydro,0.06165926495930007,0.09281968296551726,T1a-live-tso,
1.2.0,peru-solar,0.0004758202690000002,0.0007045793103448276,T1a-live-tso,
1.2.0,peru-wind,0.0065488084597000035,0.014630619789655172,T1a-live-tso,
1.2.0,pjm,0.15817138500000008,0.3787361666666667,T1-live-TSO,
1.2.0,poland,0.09459478287249967,0.34905249991666676,T1a-live-tso,
1.2.0,portugal,0.08535471600000001,0.2508217333333333,T1a-live-tso,
1.2.0,qinghai,0.1232876712328767,0.6477759967402048,T3-modelled,
1.2.0,quebec,0.026630136986301373,0.036986301369863014,T3-modelled,
1.2.0,romania,0.02581759874999999,0.07132891666666664,T1a-live-tso,
1.2.0,russia-mainland,0.08876712328767124,0.12328767123287672,T3-modelled,
1.2.0,saskatchewan,0.012328767123287671,0.020724426125786975,T3-modelled,
1.2.0,saudi-solar,0.024657534246575342,0.12955519934804094,T3-modelled,
1.2.0,south-africa-solar,0.049727787353999964,0.10440266040000001,T1-live-TSO,
1.2.0,south-africa-wind,0.06077840676599996,0.12760325160000002,T1-live-TSO,
1.2.0,south-korea,0.0410958904109589,0.2159253322467349,T3-modelled,
1.2.0,spp,0.5201667299999998,0.7551396666666667,T1-live-TSO,
1.2.0,sweden-north,0.009585061795000007,0.015760424,T1a-live-tso,
1.2.0,sweden-south,0.01639511686750002,0.04501386116666667,T1a-live-tso,
1.2.0,switzerland,0.007821042992129998,0.03492230284899999,T1c-live-neighbour-anchored,
1.2.0,taiwan,0.04931506849315068,0.12308362850187785,T3-modelled,
1.2.0,thailand,0.024657534246575342,0.13162332180534894,T3-modelled,
1.2.0,tibet,0.08284931506849319,0.11506849315068499,T3-modelled,
1.2.0,turkey,0.00011412744000000002,0.020544240000000002,T1-live-TSO,
1.2.0,uae,0.01643835616438356,0.08637013289869397,T3-modelled,
1.2.0,ukraine,0.09863013698630137,0.5182207973921638,T3-modelled,
1.2.0,uruguay,0,0,T1a-live-tso,
1.2.0,vietnam,0.3287671232876712,1.7274026579738793,T3-modelled,
1.2.0,wa-swis-solar,0.0031903185983763052,0.011744747677882503,T1a-live-tso,
1.2.0,wa-swis-wind,0.019932151569934,0.03493723771022255,T1a-live-tso,
1.2.0,yunnan,0.45369863013698647,0.6301369863013702,T3-modelled,
1.2.1,aemo-nsw-solar,0.10670219235312883,0.5069226534873738,T1a-live-tso,
1.2.1,aemo-nsw-wind,0.008143157058667022,0.05788884289072038,T1a-live-tso,
1.2.1,aemo-qld-solar,0.07164801523416413,0.423814799939935,T1a-live-tso,
1.2.1,aemo-qld-wind,0.017961313869725833,0.12242308002867965,T1a-live-tso,
1.2.1,aemo-sa-solar,0.018618785165425707,0.1299624728125,T1a-live-tso,
1.2.1,aemo-sa-wind,0.11039901415860603,0.4875873307575757,T1a-live-tso,
1.2.1,aemo-tas-solar,0,0,T1a-live-tso,
1.2.1,aemo-tas-wind,0.00018857649541666665,0.05390436875,T1a-live-tso,
1.2.1,aemo-vic-solar,0.03295742200313311,0.15214481048400674,T1a-live-tso,
1.2.1,aemo-vic-wind,0.27189483123091146,1.0559540290217393,T1a-live-tso,
1.2.1,alberta-solar,0.0405,0.21619130606528567,T1a-live-tso,
1.2.1,alberta-wind,0.08319599999999996,0.11555000000000001,T1a-live-tso,
1.2.1,argentina,0.0410958904109589,0.06908142041928994,T3-modelled,
1.2.1,atacama,0.25147209,0.8976458157481272,T1a-live-tso,
1.2.1,bangladesh,0.00821917808219178,0.043185066449346984,T3-modelled,
1.2.1,belgium-solar,0.015898498985000002,0.27300928857142853,T1a-live-tso,
1.2.1,belgium-wind,0.0030500401500000007,0.023309785714285717,T1a-live-tso,
1.2.1,bosnia-and-herzegovina,0,0,T1a-live-tso,
1.2.1,bpa,0.043554700000000016,0.07439066666666666,T1-live-TSO,
1.2.1,brazil-bahia-solar,0.5670145369999994,1.3871463103448276,T1a-live-tso,
1.2.1,brazil-bahia-wind,2.0251851270000003,3.793171310344828,T1a-live-tso,
1.2.1,brazil-ce-solar,0.44948119100000006,1.0680303793103447,T1a-live-tso,
1.2.1,brazil-ce-wind,0.10821143399999995,0.29961225862068974,T1a-live-tso,
1.2.1,brazil-go-solar,0.06894444900000002,0.18357103448275866,T1a-live-tso,
1.2.1,brazil-go-wind,0,0,T1a-live-tso,
1.2.1,brazil-maranhao-solar,0,0,T1a-live-tso,
1.2.1,brazil-maranhao-wind,0.021219191999999998,0.07075400000000003,T1a-live-tso,
1.2.1,brazil-mg-solar,1.9110205889999998,4.276194431034482,T1a-live-tso,
1.2.1,brazil-mg-wind,0,0,T1a-live-tso,
1.2.1,brazil-mt-solar,0,0,T1a-live-tso,
1.2.1,brazil-mt-wind,0,0,T1a-live-tso,
1.2.1,brazil-other-solar,0,0,T1a-live-tso,
1.2.1,brazil-other-wind,0.005583887000000002,0.01545701724137931,T1a-live-tso,
1.2.1,brazil-paraiba-solar,0.12655614200000004,0.30421962068965513,T1a-live-tso,
1.2.1,brazil-paraiba-wind,0.15645185300000003,0.3175877931034483,T1a-live-tso,
1.2.1,brazil-pernambuco-solar,0.26272397700000016,0.6330528793103448,T1a-live-tso,
1.2.1,brazil-pernambuco-wind,0.09392826800000001,0.17595222413793107,T1a-live-tso,
1.2.1,brazil-piaui-solar,0.455400312,1.1315505,T1a-live-tso,
1.2.1,brazil-piaui-wind,0.9608938229999996,2.0455001379310347,T1a-live-tso,
1.2.1,brazil-pr-solar,0,0,T1a-live-tso,
1.2.1,brazil-pr-wind,0,0,T1a-live-tso,
1.2.1,brazil-rn-solar,0.5223713689999999,1.1660078620689656,T1a-live-tso,
1.2.1,brazil-rn-wind,1.2476898069999998,1.9978587758620687,T1a-live-tso,
1.2.1,brazil-rs-solar,0,0,T1a-live-tso,
1.2.1,brazil-rs-wind,0.06743002599999996,0.17017893103448276,T1a-live-tso,
1.2.1,brazil-sp-solar,0.189902341,0.4566332931034483,T1a-live-tso,
1.2.1,brazil-sp-wind,0,0,T1a-live-tso,
1.2.1,british-columbia,0.10356164383561645,0.14383561643835616,T3-modelled,
1.2.1,bulgaria-solar,0,0,T1a-live-tso,
1.2.1,bulgaria-wind,0,0,T1a-live-tso,
1.2.1,caiso,0.2699416825,0.7292815833333334,T1-live-TSO,
1.2.1,chile-wind,0.16551954320411993,0.9323301813095238,T1a-live-tso,
1.2.1,china-anhui,0.1726027397260274,0.9068863954362868,T3-modelled,
1.2.1,china-beijing,0.023013698630136987,0.12091818605817156,T3-modelled,
1.2.1,china-chongqing-hydro,0.01084931506849315,0.015068493150684932,T2-annual-calibrated,
1.2.1,china-chongqing-solar,0.007232876712328767,0.03800285847542535,T3-modelled,
1.2.1,china-fujian,0.049315068493150684,0.14688831328586355,T3-modelled,
1.2.1,china-guangdong,0.26301369863013696,0.7834043375246058,T3-modelled,
1.2.1,china-guizhou-hydro,0.010273972602739725,0.014269406392694063,T2-annual-calibrated,
1.2.1,china-guizhou-solar,0.010273972602739725,0.05398133306168373,T3-modelled,
1.2.1,china-hainan,0.000821917808219178,0.004318506644934698,T3-modelled,
1.2.1,china-henan,0.057534246575342465,0.3022954651454289,T3-modelled,
1.2.1,china-hubei-hydro,0.041917808219178086,0.058219178082191785,T2-annual-calibrated,
1.2.1,china-hubei-solar,0.0493150684931507,0.259110398696082,T3-modelled,
1.2.1,china-hubei-wind,0.03205479452054795,0.053883507927046145,T3-modelled,
1.2.1,china-hunan-hydro,0.03123287671232877,0.04337899543378995,T2-annual-calibrated,
1.2.1,china-hunan-solar,0.046849315068493144,0.24615487876127784,T3-modelled,
1.2.1,china-hunan-wind,0.07808219178082192,0.13125469879665086,T3-modelled,
1.2.1,china-jiangsu-solar,0.11506849315068493,0.6045909302908578,T3-modelled,
1.2.1,china-jiangsu-wind,0.11506849315068493,0.19342797717401178,T3-modelled,
1.2.1,china-jiangxi,0.03287671232876712,0.17274026579738794,T3-modelled,
1.2.1,china-liaoning,0.13150684931506848,0.22106054534172775,T3-modelled,
1.2.1,china-shaanxi,0.09041095890410959,0.47503573094281687,T3-modelled,
1.2.1,china-shandong,0.3698630136986301,1.9433279902206144,T3-modelled,
1.2.1,china-shanghai,0.000821917808219178,0.004318506644934698,T3-modelled,
1.2.1,china-shanxi-solar,0.04602739726027397,0.2418363721163431,T3-modelled,
1.2.1,china-shanxi-wind,0.06904109589041095,0.11605678630440706,T3-modelled,
1.2.1,china-tianjin,0.013150684931506848,0.0391702168762303,T3-modelled,
1.2.1,china-zhejiang,0.06575342465753424,0.20945376140057181,T3-modelled,
1.2.1,colombia,1.588739057490411,2.2065820242922376,T1b-live-domestic-anchored,
1.2.1,croatia-solar,0,0,T1a-live-tso,
1.2.1,croatia-wind,0,0,T1a-live-tso,
1.2.1,cyprus,0.00821917808219178,0.043185066449346984,T3-modelled,
1.2.1,czech-republic-solar,0,0,T1a-live-tso,
1.2.1,czech-republic-wind,0,0,T1a-live-tso,
1.2.1,denmark,0.056420034536440025,0.15335643994599996,T1a-live-tso,
1.2.1,egypt,0.024657534246575342,0.12955519934804094,T3-modelled,
1.2.1,ercot-east,0.3369106634399999,0.5945551610000002,T1-live-TSO,
1.2.1,ercot-native-east,0.2534183895299998,0.4203371462068965,T1-live-TSO,
1.2.1,ercot-native-west,0.4919298149699996,0.8159485779310344,T1-live-TSO,
1.2.1,ercot-west,0.6540030525599998,1.1541364890000003,T1-live-TSO,
1.2.1,estonia,0,0,T1a-live-tso,
1.2.1,ethiopia,0.21041095890410963,0.2922374429223745,T3-modelled,
1.2.1,finland-solar,0.01558185783324999,0.030612402500000007,T1a-live-tso,
1.2.1,finland-wind,0.07790928916624995,0.15306201250000004,T1a-live-tso,
1.2.1,france-solar,0.10348385250000003,0.39493862903225807,T1a-live-tso,
1.2.1,france-wind,0.0991181774999999,0.18631399999999998,T1a-live-tso,
1.2.1,gansu-solar,0.0986301369863014,0.518220797392164,T3-modelled,
1.2.1,gansu-wind,0.14794520547945203,0.2486931135094437,T3-modelled,
1.2.1,germany-solar,0,0,T1a-live-tso,
1.2.1,germany-wind,0,0,T1a-live-tso,
1.2.1,greece-solar,0,0,T1a-live-tso,
1.2.1,greece-wind,0,0,T1a-live-tso,
1.2.1,honduras,0.01643835616438356,0.08637013289869397,T3-modelled,
1.2.1,hungary-solar,0,0,T1a-live-tso,
1.2.1,hungary-wind,0,0,T1a-live-tso,
1.2.1,india-andhra-pradesh,0.03287671232876712,0.17274026579738794,T3-modelled,
1.2.1,india-east,0.01643835616438356,0.08637013289869397,T3-modelled,
1.2.1,india-gujarat,0.0821917808219178,0.4387444060178298,T3-modelled,
1.2.1,india-karnataka,0.0410958904109589,0.2193722030089149,T3-modelled,
1.2.1,india-maharashtra,0.024657534246575342,0.08541532974110078,T3-modelled,
1.2.1,india-rajasthan,0.2876712328767123,1.5356054210624044,T3-modelled,
1.2.1,india-tamil-nadu,0.0821917808219178,0.13816284083857985,T3-modelled,
1.2.1,indonesia,0.024657534246575342,0.12955519934804094,T3-modelled,
1.2.1,inner-mongolia,0.3287671232876712,0.5526513633543194,T3-modelled,
1.2.1,iran,0.024657534246575342,0.12955519934804094,T3-modelled,
1.2.1,iraq-mainland,0.00821917808219178,0.043185066449346984,T3-modelled,
1.2.1,ireland-republic-solar,0.005949993927600003,0.003116167304999998,T1a-live-tso,
1.2.1,ireland-republic-wind,0.1983331309200001,0.10387224349999993,T1a-live-tso,
1.2.1,iso-ne,0.01953399999999999,0.03158766666666668,T1-live-TSO,
1.2.1,israel,0.012328767123287671,0.06477759967402047,T3-modelled,
1.2.1,italy-north-zone-solar,0,0,T1b-live-domestic-anchored,
1.2.1,italy-north-zone-wind,0,0,T1b-live-domestic-anchored,
1.2.1,italy-sardinia-solar,0,0,T1b-live-domestic-anchored,
1.2.1,italy-sardinia-wind,0,0,T1b-live-domestic-anchored,
1.2.1,italy-sicily-solar,0,0,T1b-live-domestic-anchored,
1.2.1,italy-sicily-wind,0,0,T1b-live-domestic-anchored,
1.2.1,japan-chubu,0.00410958904109589,0.021592533224673492,T1a-live-tso,
1.2.1,japan-chugoku,0.04789155000000005,0.21653833333333342,T1a-live-tso,
1.2.1,japan-hokkaido,0.0008034583333333339,0.06758333333333333,T1a-live-tso,
1.2.1,japan-hokuriku,0.0016180833333333448,0.007040555555555551,T1a-live-tso,
1.2.1,japan-kansai,0.00003011666666666666,0.006941666666666666,T1a-live-tso,
1.2.1,japan-kyushu,0.09367600000000054,0.3924138888888889,T1a-live-tso,
1.2.1,japan-okinawa,0.003287671232876712,0.017274026579738793,T1a-live-tso,
1.2.1,japan-shikoku,0.024657534246575342,0.12955519934804094,T1a-live-tso,
1.2.1,japan-tepco,0.00410958904109589,0.021592533224673492,T1a-live-tso,
1.2.1,japan-tohoku,0.1671195,1.11625,T1a-live-tso,
1.2.1,jeju,0.00410958904109589,0.006908142041928992,T3-modelled,
1.2.1,jordan,0.028767123287671233,0.06613100120133691,T3-modelled,
1.2.1,kazakhstan,0.03287671232876712,0.05526513633543194,T3-modelled,
1.2.1,kenya,0.032991780821917824,0.3398340316222026,T3-modelled,
1.2.1,kurdistan,0.00410958904109589,0.021592533224673492,T3-modelled,
1.2.1,latvia,0,0,T1a-live-tso,
1.2.1,lithuania,0,0,T1a-live-tso,
1.2.1,luxembourg-solar,0,0,T1a-live-tso,
1.2.1,luxembourg-wind,0,0,T1a-live-tso,
1.2.1,malaysia,0.012328767123287671,0.06477759967402047,T3-modelled,
1.2.1,manitoba,0.01643835616438356,0.025711960991953782,T3-modelled,
1.2.1,mexico,0.09863013698630137,0.5182207973921638,T3-modelled,
1.2.1,miso,1.052041359999999,1.7564893333333336,T1-live-TSO,
1.2.1,moldova-solar,0,0,T1a-live-tso,
1.2.1,moldova-wind,0,0,T1a-live-tso,
1.2.1,mongolia,0.012328767123287671,0.020724426125786975,T3-modelled,
1.2.1,montenegro,0,0,T1a-live-tso,
1.2.1,morocco,0.03287671232876712,0.05526513633543194,T3-modelled,
1.2.1,n-norway,0.36070358248487966,0.1458610526375,T1-live-TSO,
1.2.1,namibia,0.00410958904109589,0.021592533224673492,T3-modelled,
1.2.1,netherlands-solar,0,0,T1b-live-domestic-anchored,
1.2.1,netherlands-wind,0,0,T1b-live-domestic-anchored,
1.2.1,new-zealand,0.014145992536000003,0.019370977096774194,T1-live-TSO,
1.2.1,ningxia-solar,0.0410958904109589,0.2193722030089149,T3-modelled,
1.2.1,ningxia-wind,0.0410958904109589,0.06908142041928993,T3-modelled,
1.2.1,north-macedonia-solar,0,0,T1a-live-tso,
1.2.1,north-macedonia-wind,0,0,T1a-live-tso,
1.2.1,north-sea-solar,0.484942372011001,1.129036359214286,T1a-live-tso,
1.2.1,north-sea-wind,0.7831730206770011,0.6204765043928573,T1a-live-tso,
1.2.1,northern-ireland-solar,0.0043086162924,0.002256534944999999,T1a-live-tso,
1.2.1,northern-ireland-wind,0.14362054308000002,0.07521783149999997,T1a-live-tso,
1.2.1,nt-pilbara,0.01643835616438356,0.08637013289869397,T3-modelled,
1.2.1,nyiso,0.02114853000000003,0.030774999999999993,T1-live-TSO,
1.2.1,oman,0.00821917808219178,0.043185066449346984,T3-modelled,
1.2.1,ontario-solar,0.001288819999999999,0.005223333333333332,T1a-live-tso,
1.2.1,ontario-wind,0.048052959999999985,0.073152,T1a-live-tso,
1.2.1,pakistan-solar,0.011013698630136988,0.057867989042124965,T3-modelled,
1.2.1,pakistan-wind,0.0991232876712329,0.16662438605132732,T3-modelled,
1.2.1,paraguay,0.7364383561643837,1.022831050228311,T3-modelled,
1.2.1,peru-hydro,0.06165926495930007,0.09281968296551726,T1a-live-tso,
1.2.1,peru-solar,0.0004758202690000002,0.0007045793103448276,T1a-live-tso,
1.2.1,peru-wind,0.0065488084597000035,0.014630619789655172,T1a-live-tso,
1.2.1,pjm,0.15817138500000008,0.3787361666666667,T1-live-TSO,
1.2.1,poland-solar,0,0,T1a-live-tso,
1.2.1,poland-wind,0,0,T1a-live-tso,
1.2.1,portugal-solar,0,0,T1a-live-tso,
1.2.1,portugal-wind,0,0,T1a-live-tso,
1.2.1,qinghai,0.1232876712328767,0.6477759967402048,T3-modelled,
1.2.1,quebec,0.026630136986301373,0.036986301369863014,T3-modelled,
1.2.1,romania-solar,0,0,T1a-live-tso,
1.2.1,romania-wind,0,0,T1a-live-tso,
1.2.1,russia-mainland,0.08876712328767124,0.12328767123287672,T3-modelled,
1.2.1,saskatchewan,0.012328767123287671,0.020724426125786975,T3-modelled,
1.2.1,saudi-solar,0.024657534246575342,0.12955519934804094,T3-modelled,
1.2.1,serbia-solar,0,0,T1a-live-tso,
1.2.1,serbia-wind,0,0,T1a-live-tso,
1.2.1,slovakia-solar,0,0,T1a-live-tso,
1.2.1,slovakia-wind,0,0,T1a-live-tso,
1.2.1,slovenia-solar,0,0,T1a-live-tso,
1.2.1,slovenia-wind,0,0,T1a-live-tso,
1.2.1,south-africa-solar,0.049768979519999965,0.17712721999999997,T1a-live-tso,
1.2.1,south-africa-wind,0.120188658,0.19281188400000002,T1a-live-tso,
1.2.1,south-korea,0.0410958904109589,0.2159253322467349,T3-modelled,
1.2.1,spain-solar,0,0,T1a-live-tso,
1.2.1,spain-wind,0,0,T1a-live-tso,
1.2.1,spp,0.5201667299999998,0.7551396666666667,T1-live-TSO,
1.2.1,sweden-north,0.009585061795000007,0.015760424,T1a-live-tso,
1.2.1,sweden-south-solar,0,0,T1a-live-tso,
1.2.1,sweden-south-wind,0,0,T1a-live-tso,
1.2.1,switzerland,0.007821042992129998,0.03492230284899999,T1c-live-neighbour-anchored,
1.2.1,taiwan,0.04931506849315068,0.12308362850187785,T3-modelled,
1.2.1,thailand,0.024657534246575342,0.13162332180534894,T3-modelled,
1.2.1,tibet,0.08284931506849319,0.11506849315068499,T3-modelled,
1.2.1,turkey-solar,0.0000027813600000000003,0.00227232,T1a-live-tso,
1.2.1,turkey-wind,0.0001635384,0.02705848,T1a-live-tso,
1.2.1,uae,0.01643835616438356,0.08637013289869397,T3-modelled,
1.2.1,ukraine,0.09863013698630137,0.5182207973921638,T3-modelled,
1.2.1,uruguay,0,0,T1a-live-tso,
1.2.1,vietnam,0.3287671232876712,1.7274026579738793,T3-modelled,
1.2.1,wa-swis-solar,0.0031903185983763052,0.011744747677882503,T1a-live-tso,
1.2.1,wa-swis-wind,0.019932151569934,0.03493723771022255,T1a-live-tso,
1.2.1,yunnan,0.45369863013698647,0.6301369863013702,T3-modelled,
1.3.0,aemo-nsw-solar,0.10670219235312883,0.5069226534873738,T1a-live-tso,
1.3.0,aemo-nsw-wind,0.008143157058667022,0.05788884289072038,T1a-live-tso,
1.3.0,aemo-qld-solar,0.07164801523416413,0.423814799939935,T1a-live-tso,
1.3.0,aemo-qld-wind,0.017961313869725833,0.12242308002867965,T1a-live-tso,
1.3.0,aemo-sa-solar,0.018618785165425707,0.1299624728125,T1a-live-tso,
1.3.0,aemo-sa-wind,0.11039901415860603,0.4875873307575757,T1a-live-tso,
1.3.0,aemo-tas-solar,0,0,T1a-live-tso,
1.3.0,aemo-tas-wind,0.00018857649541666665,0.05390436875,T1a-live-tso,
1.3.0,aemo-vic-solar,0.03295742200313311,0.15214481048400674,T1a-live-tso,
1.3.0,aemo-vic-wind,0.27189483123091146,1.0559540290217393,T1a-live-tso,
1.3.0,alberta-solar,0.0405,0.21619130606528567,T1a-live-tso,
1.3.0,alberta-wind,0.08319599999999996,0.11555000000000001,T1a-live-tso,
1.3.0,argentina,0.057534246575342465,0.0967139885870059,T3-modelled,
1.3.0,atacama,0.19664860000000012,0.7019498384998796,T1a-live-tso,
1.3.0,bangladesh,0.00821917808219178,0.043185066449346984,T3-modelled,
1.3.0,belgium-solar,0.015898498985000002,0.27300928857142853,T1a-live-tso,
1.3.0,belgium-wind,0.0030500401500000007,0.023309785714285717,T1a-live-tso,
1.3.0,bosnia-and-herzegovina,0,0,T1a-live-tso,
1.3.0,bpa,0.043554700000000016,0.07439066666666666,T1-live-TSO,
1.3.0,brazil-bahia-solar,0.5670145369999994,1.3871463103448276,T1a-live-tso,
1.3.0,brazil-bahia-wind,2.0251851270000003,3.793171310344828,T1a-live-tso,
1.3.0,brazil-ce-solar,0.44948119100000006,1.0680303793103447,T1a-live-tso,
1.3.0,brazil-ce-wind,0.10821143399999995,0.29961225862068974,T1a-live-tso,
1.3.0,brazil-go-solar,0.06894444900000002,0.18357103448275866,T1a-live-tso,
1.3.0,brazil-go-wind,0,0,T1a-live-tso,
1.3.0,brazil-maranhao-solar,0,0,T1a-live-tso,
1.3.0,brazil-maranhao-wind,0.021219191999999998,0.07075400000000003,T1a-live-tso,
1.3.0,brazil-mg-solar,1.9110205889999998,4.276194431034482,T1a-live-tso,
1.3.0,brazil-mg-wind,0,0,T1a-live-tso,
1.3.0,brazil-mt-solar,0,0,T1a-live-tso,
1.3.0,brazil-mt-wind,0,0,T1a-live-tso,
1.3.0,brazil-other-solar,0,0,T1a-live-tso,
1.3.0,brazil-other-wind,0.005583887000000002,0.01545701724137931,T1a-live-tso,
1.3.0,brazil-paraiba-solar,0.12655614200000004,0.30421962068965513,T1a-live-tso,
1.3.0,brazil-paraiba-wind,0.15645185300000003,0.3175877931034483,T1a-live-tso,
1.3.0,brazil-pernambuco-solar,0.26272397700000016,0.6330528793103448,T1a-live-tso,
1.3.0,brazil-pernambuco-wind,0.09392826800000001,0.17595222413793107,T1a-live-tso,
1.3.0,brazil-piaui-solar,0.455400312,1.1315505,T1a-live-tso,
1.3.0,brazil-piaui-wind,0.9608938229999996,2.0455001379310347,T1a-live-tso,
1.3.0,brazil-pr-solar,0,0,T1a-live-tso,
1.3.0,brazil-pr-wind,0,0,T1a-live-tso,
1.3.0,brazil-rn-solar,0.5223713689999999,1.1660078620689656,T1a-live-tso,
1.3.0,brazil-rn-wind,1.2476898069999998,1.9978587758620687,T1a-live-tso,
1.3.0,brazil-rs-solar,0,0,T1a-live-tso,
1.3.0,brazil-rs-wind,0.06743002599999996,0.17017893103448276,T1a-live-tso,
1.3.0,brazil-sp-solar,0.189902341,0.4566332931034483,T1a-live-tso,
1.3.0,brazil-sp-wind,0,0,T1a-live-tso,
1.3.0,british-columbia,0.1479452054794521,0.20547945205479462,T3-modelled,
1.3.0,bulgaria-solar,0.012812327518400004,0.03933006665000001,T1a-live-tso,
1.3.0,bulgaria-wind,0.0012393268345800004,0.002178693956379311,T1a-live-tso,
1.3.0,caiso,0.2699416825,0.7292815833333334,T1-live-TSO,
1.3.0,chile-wind,0.16551954320411993,0.9323301813095238,T1a-live-tso,
1.3.0,china-anhui,0.1726027397260274,0.9068863954362868,T3-modelled,
1.3.0,china-beijing,0.023013698630136987,0.12091818605817156,T3-modelled,
1.3.0,china-chongqing-hydro,0.01084931506849315,0.015068493150684932,T2-annual-calibrated,
1.3.0,china-chongqing-solar,0.007232876712328767,0.03800285847542535,T3-modelled,
1.3.0,china-fujian,0.049315068493150684,0.14688831328586355,T3-modelled,
1.3.0,china-guangdong,0.26301369863013696,0.7834043375246058,T3-modelled,
1.3.0,china-guizhou-hydro,0.010273972602739725,0.014269406392694063,T2-annual-calibrated,
1.3.0,china-guizhou-solar,0.010273972602739725,0.05398133306168373,T3-modelled,
1.3.0,china-hainan,0.000821917808219178,0.004318506644934698,T3-modelled,
1.3.0,china-henan,0.057534246575342465,0.3022954651454289,T3-modelled,
1.3.0,china-hubei-hydro,0.041917808219178086,0.058219178082191785,T2-annual-calibrated,
1.3.0,china-hubei-solar,0.0493150684931507,0.259110398696082,T3-modelled,
1.3.0,china-hubei-wind,0.03205479452054795,0.053883507927046145,T3-modelled,
1.3.0,china-hunan-hydro,0.03123287671232877,0.04337899543378995,T2-annual-calibrated,
1.3.0,china-hunan-solar,0.046849315068493144,0.24615487876127784,T3-modelled,
1.3.0,china-hunan-wind,0.07808219178082192,0.13125469879665086,T3-modelled,
1.3.0,china-jiangsu-solar,0.11506849315068493,0.6045909302908578,T3-modelled,
1.3.0,china-jiangsu-wind,0.11506849315068493,0.19342797717401178,T3-modelled,
1.3.0,china-jiangxi,0.03287671232876712,0.17274026579738794,T3-modelled,
1.3.0,china-liaoning,0.13150684931506848,0.22106054534172775,T3-modelled,
1.3.0,china-shaanxi,0.09041095890410959,0.47503573094281687,T3-modelled,
1.3.0,china-shandong,0.3698630136986301,1.9433279902206144,T3-modelled,
1.3.0,china-shanghai,0.000821917808219178,0.004318506644934698,T3-modelled,
1.3.0,china-shanxi-solar,0.04602739726027397,0.2418363721163431,T3-modelled,
1.3.0,china-shanxi-wind,0.06904109589041095,0.11605678630440706,T3-modelled,
1.3.0,china-tianjin,0.013150684931506848,0.0391702168762303,T3-modelled,
1.3.0,china-zhejiang,0.06575342465753424,0.20945376140057181,T3-modelled,
1.3.0,colombia,1.671270956580822,2.321209661917808,T1b-live-domestic-anchored,
1.3.0,croatia-solar,0.001454825999999998,0.005744067796610167,T1a-live-tso,
1.3.0,croatia-wind,0.006573195000000002,0.010494322033898305,T1a-live-tso,
1.3.0,cyprus,0.00821917808219178,0.043185066449346984,T3-modelled,
1.3.0,czech-republic-solar,0.012873063849999995,0.05210695666666668,T1a-live-tso,
1.3.0,czech-republic-wind,0.0005381921999999999,0.0008674608333333335,T1a-live-tso,
1.3.0,denmark,0.056420034536440025,0.15335643994599996,T1a-live-tso,
1.3.0,egypt,0.024657534246575342,0.12955519934804094,T3-modelled,
1.3.0,ercot-east,0.3369106634399999,0.5945551610000002,T1-live-TSO,
1.3.0,ercot-native-east,0.2534183895299998,0.4203371462068965,T1-live-TSO,
1.3.0,ercot-native-west,0.4919298149699996,0.8159485779310344,T1-live-TSO,
1.3.0,ercot-west,0.6540030525599998,1.1541364890000003,T1-live-TSO,
1.3.0,estonia,0.0027938412499999977,0.005417374999999995,T1a-live-tso,
1.3.0,ethiopia,0.21041095890410963,0.2922374429223745,T3-modelled,
1.3.0,finland-solar,0.002266030421149998,0.008552149152542375,T1a-live-tso,
1.3.0,finland-wind,0.07556898949999989,0.13878998750000002,T1a-live-tso,
1.3.0,france-solar,0.10344078000000001,0.3943323387096773,T1a-live-tso,
1.3.0,france-wind,0.09632533499999986,0.18380400000000002,T1a-live-tso,
1.3.0,gansu-solar,0.0986301369863014,0.518220797392164,T3-modelled,
1.3.0,gansu-wind,0.14794520547945203,0.2486931135094437,T3-modelled,
1.3.0,germany-solar,0.22629522951174996,0.9209575499916663,T1a-live-tso,
1.3.0,germany-wind,0.47996725961887443,0.8585433583449997,T1a-live-tso,
1.3.0,greece-solar,0.021827245000000016,0.09342051282051282,T1a-live-tso,
1.3.0,greece-wind,0.023344027500000027,0.037374000000000004,T1a-live-tso,
1.3.0,honduras,0.01643835616438356,0.08637013289869397,T3-modelled,
1.3.0,hungary-solar,0.02484723530497497,0.09283592877749998,T1a-live-tso,
1.3.0,hungary-wind,0.00045321559907500036,0.0008996988149999999,T1a-live-tso,
1.3.0,india-andhra-pradesh,0.13659531704561498,0.7176968042662811,T3-modelled,official-lead
1.3.0,india-east,0.01643835616438356,0.08637013289869397,T3-modelled,
1.3.0,india-gujarat,0.19699277785623484,1.051558664942422,T3-modelled,official-lead
1.3.0,india-karnataka,0.0410958904109589,0.2193722030089149,T3-modelled,
1.3.0,india-maharashtra,0.10111190942130271,0.48898603281700626,T3-modelled,official-lead
1.3.0,india-rajasthan,0.5159799417079574,2.754330308674895,T3-modelled,official-lead
1.3.0,india-tamil-nadu,0.07318485940879602,0.12302237500121116,T3-modelled,official-lead
1.3.0,indonesia,0.024657534246575342,0.12955519934804094,T3-modelled,
1.3.0,inner-mongolia,0.3287671232876712,0.5526513633543194,T3-modelled,
1.3.0,iran,0.024657534246575342,0.12955519934804094,T3-modelled,
1.3.0,iraq-mainland,0.00821917808219178,0.043185066449346984,T3-modelled,
1.3.0,ireland-republic-solar,0.005949993927600003,0.003116167304999998,T1a-live-tso,
1.3.0,ireland-republic-wind,0.1983331309200001,0.10387224349999993,T1a-live-tso,
1.3.0,iso-ne,0.01953399999999999,0.03158766666666668,T1-live-TSO,
1.3.0,israel,0.012328767123287671,0.06477759967402047,T3-modelled,
1.3.0,italy-north-zone-solar,0.00750979499999999,0.030257200000000015,T1b-live-domestic-anchored,
1.3.0,italy-north-zone-wind,0.00008356424999999856,0.00016633695652173907,T1b-live-domestic-anchored,
1.3.0,italy-sardinia-solar,0.010083544500000003,0.03874498319327731,T1b-live-domestic-anchored,
1.3.0,italy-sardinia-wind,0.0018386649999999963,0.0038964912280701753,T1b-live-domestic-anchored,
1.3.0,italy-sicily-solar,0.01903041999999998,0.07367457627118643,T1b-live-domestic-anchored,
1.3.0,italy-sicily-wind,0.008181634999999991,0.013745508474576276,T1b-live-domestic-anchored,
1.3.0,japan-chubu,0.00410958904109589,0.021592533224673492,T3-modelled,
1.3.0,japan-chugoku,0.04789155000000005,0.21653833333333342,T1a-live-tso,
1.3.0,japan-hokkaido,0.0010720416666666678,0.0656875,T3-modelled,
1.3.0,japan-hokuriku,0.0016180833333333448,0.007040555555555551,T1a-live-tso,
1.3.0,japan-kansai,0.00003011666666666666,0.006941666666666666,T1a-live-tso,
1.3.0,japan-kyushu,0.09367600000000054,0.3924138888888889,T1a-live-tso,
1.3.0,japan-okinawa,0.003287671232876712,0.017274026579738793,T1a-live-tso,
1.3.0,japan-shikoku,0.024657534246575342,0.12955519934804094,T1a-live-tso,
1.3.0,japan-tepco,0.00410958904109589,0.021592533224673492,T3-modelled,
1.3.0,japan-tohoku,0.2192485,1.3285666666666667,T1a-live-tso,
1.3.0,jeju,0.00410958904109589,0.006908142041928992,T3-modelled,
1.3.0,jordan,0.028767123287671233,0.06613100120133691,T3-modelled,
1.3.0,kazakhstan,0.03287671232876712,0.05526513633543194,T3-modelled,
1.3.0,kenya,0.032991780821917824,0.3398340316222026,T3-modelled,
1.3.0,kurdistan,0.00410958904109589,0.021592533224673492,T3-modelled,
1.3.0,luxembourg-solar,0.0012381794250000014,0.005417077833333335,T1a-live-tso,
1.3.0,luxembourg-wind,0.0005648221550000008,0.0011940991666666667,T1a-live-tso,
1.3.0,malaysia,0.012328767123287671,0.06477759967402047,T3-modelled,
1.3.0,manitoba,0.01643835616438356,0.025711960991953782,T3-modelled,
1.3.0,mexico,0.09863013698630137,0.5182207973921638,T3-modelled,
1.3.0,miso,1.052041359999999,1.7564893333333336,T1-live-TSO,
1.3.0,moldova-solar,0.0006002599999999996,0.0025703448275862066,T1a-live-tso,
1.3.0,moldova-wind,0.00027567000000000075,0.0005973913043478261,T1a-live-tso,
1.3.0,mongolia,0.012328767123287671,0.020724426125786975,T3-modelled,
1.3.0,montenegro,0,0,T1a-live-tso,
1.3.0,morocco,0.03287671232876712,0.05526513633543194,T3-modelled,
1.3.0,n-norway,0.36070358248487966,0.1458610526375,T1-live-TSO,
1.3.0,namibia,0.00410958904109589,0.021592533224673492,T3-modelled,
1.3.0,netherlands-solar,0.0016126989637499877,0.006156568846153853,T1b-live-domestic-anchored,
1.3.0,netherlands-wind,0.056913924718500056,0.10132325790000003,T1b-live-domestic-anchored,
1.3.0,new-zealand-geo,0.020897294131999998,0.01490788474308263,T1a-live-tso,
1.3.0,new-zealand-solar,0.0004675928919999997,0.0003335752895369488,T1a-live-tso,
1.3.0,new-zealand-wind,0.0066837969119999995,0.004768142391109235,T1a-live-tso,
1.3.0,ningxia-solar,0.0410958904109589,0.2193722030089149,T3-modelled,
1.3.0,ningxia-wind,0.0410958904109589,0.06908142041928993,T3-modelled,
1.3.0,north-macedonia-solar,0,0,T1a-live-tso,
1.3.0,north-macedonia-wind,0.00024985949999999985,0.0006884181818181818,T1a-live-tso,
1.3.0,north-sea-solar,0.484942372011001,1.129036359214286,T1a-live-tso,
1.3.0,north-sea-wind,0.7831730206770011,0.6204765043928573,T1a-live-tso,
1.3.0,northern-ireland-solar,0.0043086162924,0.002256534944999999,T1a-live-tso,
1.3.0,northern-ireland-wind,0.14362054308000002,0.07521783149999997,T1a-live-tso,
1.3.0,nt-pilbara,0.01643835616438356,0.08637013289869397,T3-modelled,
1.3.0,nyiso,0.02114853000000003,0.030774999999999993,T1-live-TSO,
1.3.0,oman,0.00821917808219178,0.043185066449346984,T3-modelled,
1.3.0,ontario-solar,0.001288819999999999,0.005223333333333332,T1a-live-tso,
1.3.0,ontario-wind,0.048052959999999985,0.073152,T1a-live-tso,
1.3.0,pakistan-solar,0.011013698630136988,0.057867989042124965,T3-modelled,
1.3.0,pakistan-wind,0.0991232876712329,0.16662438605132732,T3-modelled,
1.3.0,paraguay,0.7364383561643837,1.022831050228311,T3-modelled,
1.3.0,peru-hydro,0.06245716258800009,0.09374669694482761,T1a-live-tso,
1.3.0,peru-solar,0.0004383098690000005,0.0006546241379310345,T1a-live-tso,
1.3.0,peru-wind,0.0065620618497000014,0.01422766151379311,T1a-live-tso,
1.3.0,pjm,0.15817138500000008,0.3787361666666667,T1-live-TSO,
1.3.0,poland-solar,0.027318049674999966,0.1016021156666666,T1a-live-tso,
1.3.0,poland-wind,0.031082233409999955,0.05322132399999999,T1a-live-tso,
1.3.0,portugal-solar,0.06334906000000005,0.23382,T1a-live-tso,
1.3.0,portugal-wind,0.019993896000000032,0.0325527,T1a-live-tso,
1.3.0,qinghai,0.1232876712328767,0.6477759967402048,T3-modelled,
1.3.0,quebec,0.03254794520547947,0.04520547945205482,T3-modelled,
1.3.0,romania-solar,0.006118803750000006,0.023986386554621836,T1a-live-tso,
1.3.0,romania-wind,0.00876706,0.015380000000000001,T1a-live-tso,
1.3.0,russia-mainland,0.08876712328767124,0.12328767123287672,T3-modelled,
1.3.0,saskatchewan,0.012328767123287671,0.020724426125786975,T3-modelled,
1.3.0,saudi-solar,0.024657534246575342,0.12955519934804094,T3-modelled,
1.3.0,serbia-solar,0,0,T1a-live-tso,
1.3.0,serbia-wind,0.003517257780000001,0.005983089642857143,T1a-live-tso,
1.3.0,slovakia-solar,0.0018699037499999998,0.008322783018867923,T1a-live-tso,
1.3.0,slovakia-wind,0.000005666499999999973,0.000020709677419354848,T1a-live-tso,
1.3.0,slovenia-solar,0.0037691738000000005,0.015153693333333334,T1a-live-tso,
1.3.0,slovenia-wind,0.000016679399999999998,0.00003786666666666666,T1a-live-tso,
1.3.0,south-africa-solar,0.049768979519999965,0.17712721999999997,T1a-live-tso,
1.3.0,south-africa-wind,0.120188658,0.19281188400000002,T1a-live-tso,
1.3.0,south-korea,0.0410958904109589,0.2159253322467349,T3-modelled,
1.3.0,spain-solar,0.3044289599999994,1.0148765000000002,T1a-live-tso,
1.3.0,spain-wind,0.34229194999999996,0.6605152136752137,T1a-live-tso,
1.3.0,spp,0.5201667299999998,0.7551396666666667,T1-live-TSO,
1.3.0,sweden-north,0.00763770146249998,0.013110534166666667,T1a-live-tso,
1.3.0,sweden-south-solar,0.009524409877500003,0.04103083600000002,T1a-live-tso,
1.3.0,sweden-south-wind,0.007010870179999994,0.011026806896551725,T1a-live-tso,
1.3.0,switzerland,0.009408687469919998,0.039291809685,T1c-live-neighbour-anchored,
1.3.0,taiwan,0.04931506849315068,0.12308362850187785,T3-modelled,
1.3.0,thailand,0.024657534246575342,0.13162332180534894,T3-modelled,
1.3.0,tibet,0.08284931506849319,0.11506849315068499,T3-modelled,
1.3.0,turkey,0.00016506088,0.02272456,T1a-live-tso,
1.3.0,uae,0.024657534246575342,0.12955519934804094,T3-modelled,
1.3.0,ukraine,0.09863013698630137,0.5182207973921638,T3-modelled,
1.3.0,uruguay,0,0,T1a-live-tso,
1.3.0,vietnam,0.3287671232876712,1.7274026579738793,T3-modelled,
1.3.0,wa-swis-solar,0.0031903185983763052,0.011744747677882503,T1a-live-tso,
1.3.0,wa-swis-wind,0.019932151569934,0.03493723771022255,T1a-live-tso,
1.3.0,yunnan,0.45369863013698647,0.6301369863013702,T3-modelled,
1.3.1,aemo-nsw-solar,0.10670219235312883,0.5069226534873738,T1a-live-tso,
1.3.1,aemo-nsw-wind,0.008143157058667022,0.05788884289072038,T1a-live-tso,
1.3.1,aemo-qld-solar,0.07164801523416413,0.423814799939935,T1a-live-tso,
1.3.1,aemo-qld-wind,0.017961313869725833,0.12242308002867965,T1a-live-tso,
1.3.1,aemo-sa-solar,0.018618785165425707,0.1299624728125,T1a-live-tso,
1.3.1,aemo-sa-wind,0.11039901415860603,0.4875873307575757,T1a-live-tso,
1.3.1,aemo-tas-solar,0,0,T1a-live-tso,
1.3.1,aemo-tas-wind,0.00018857649541666665,0.05390436875,T1a-live-tso,
1.3.1,aemo-vic-solar,0.03295742200313311,0.15214481048400674,T1a-live-tso,
1.3.1,aemo-vic-wind,0.27189483123091146,1.0559540290217393,T1a-live-tso,
1.3.1,alberta-solar,0.0405,0.21619130606528567,T1a-live-tso,
1.3.1,alberta-wind,0.08319599999999996,0.11555000000000001,T1a-live-tso,
1.3.1,argentina,0.057534246575342465,0.0967139885870059,T3-modelled,
1.3.1,atacama,0.19664860000000012,0.7019498384998796,T1a-live-tso,
1.3.1,bangladesh,0.00821917808219178,0.043185066449346984,T3-modelled,
1.3.1,belgium-solar,0.015898498985000002,0.27300928857142853,T1a-live-tso,
1.3.1,belgium-wind,0.0030500401500000007,0.023309785714285717,T1a-live-tso,
1.3.1,bosnia-and-herzegovina,0,0,T1a-live-tso,
1.3.1,bpa,0.043554700000000016,0.07439066666666666,T1-live-TSO,
1.3.1,brazil-bahia-solar,0.5670145369999994,1.3871463103448276,T1a-live-tso,
1.3.1,brazil-bahia-wind,2.0251851270000003,3.793171310344828,T1a-live-tso,
1.3.1,brazil-ce-solar,0.44948119100000006,1.0680303793103447,T1a-live-tso,
1.3.1,brazil-ce-wind,0.10821143399999995,0.29961225862068974,T1a-live-tso,
1.3.1,brazil-go-solar,0.06894444900000002,0.18357103448275866,T1a-live-tso,
1.3.1,brazil-go-wind,0,0,T1a-live-tso,
1.3.1,brazil-maranhao-solar,0,0,T1a-live-tso,
1.3.1,brazil-maranhao-wind,0.021219191999999998,0.07075400000000003,T1a-live-tso,
1.3.1,brazil-mg-solar,1.9110205889999998,4.276194431034482,T1a-live-tso,
1.3.1,brazil-mg-wind,0,0,T1a-live-tso,
1.3.1,brazil-mt-solar,0,0,T1a-live-tso,
1.3.1,brazil-mt-wind,0,0,T1a-live-tso,
1.3.1,brazil-other-solar,0,0,T1a-live-tso,
1.3.1,brazil-other-wind,0.005583887000000002,0.01545701724137931,T1a-live-tso,
1.3.1,brazil-paraiba-solar,0.12655614200000004,0.30421962068965513,T1a-live-tso,
1.3.1,brazil-paraiba-wind,0.15645185300000003,0.3175877931034483,T1a-live-tso,
1.3.1,brazil-pernambuco-solar,0.26272397700000016,0.6330528793103448,T1a-live-tso,
1.3.1,brazil-pernambuco-wind,0.09392826800000001,0.17595222413793107,T1a-live-tso,
1.3.1,brazil-piaui-solar,0.455400312,1.1315505,T1a-live-tso,
1.3.1,brazil-piaui-wind,0.9608938229999996,2.0455001379310347,T1a-live-tso,
1.3.1,brazil-pr-solar,0,0,T1a-live-tso,
1.3.1,brazil-pr-wind,0,0,T1a-live-tso,
1.3.1,brazil-rn-solar,0.5223713689999999,1.1660078620689656,T1a-live-tso,
1.3.1,brazil-rn-wind,1.2476898069999998,1.9978587758620687,T1a-live-tso,
1.3.1,brazil-rs-solar,0,0,T1a-live-tso,
1.3.1,brazil-rs-wind,0.06743002599999996,0.17017893103448276,T1a-live-tso,
1.3.1,brazil-sp-solar,0.189902341,0.4566332931034483,T1a-live-tso,
1.3.1,brazil-sp-wind,0,0,T1a-live-tso,
1.3.1,british-columbia,0.1479452054794521,0.20547945205479462,T3-modelled,
1.3.1,bulgaria-solar,0.012812327518400004,0.03933006665000001,T1a-live-tso,
1.3.1,bulgaria-wind,0.0012393268345800004,0.002178693956379311,T1a-live-tso,
1.3.1,caiso,0.2699416825,0.7292815833333334,T1-live-TSO,
1.3.1,chile-wind,0.16551954320411993,0.9323301813095238,T1a-live-tso,
1.3.1,china-anhui,0.1726027397260274,0.9068863954362868,T3-modelled,
1.3.1,china-beijing,0.023013698630136987,0.12091818605817156,T3-modelled,
1.3.1,china-chongqing-hydro,0.01084931506849315,0.015068493150684932,T2-annual-calibrated,
1.3.1,china-chongqing-solar,0.007232876712328767,0.03800285847542535,T3-modelled,
1.3.1,china-fujian,0.049315068493150684,0.14688831328586355,T3-modelled,
1.3.1,china-guangdong,0.26301369863013696,0.7834043375246058,T3-modelled,
1.3.1,china-guizhou-hydro,0.010273972602739725,0.014269406392694063,T2-annual-calibrated,
1.3.1,china-guizhou-solar,0.010273972602739725,0.05398133306168373,T3-modelled,
1.3.1,china-hainan,0.000821917808219178,0.004318506644934698,T3-modelled,
1.3.1,china-henan,0.057534246575342465,0.3022954651454289,T3-modelled,
1.3.1,china-hubei-hydro,0.041917808219178086,0.058219178082191785,T2-annual-calibrated,
1.3.1,china-hubei-solar,0.0493150684931507,0.259110398696082,T3-modelled,
1.3.1,china-hubei-wind,0.03205479452054795,0.053883507927046145,T3-modelled,
1.3.1,china-hunan-hydro,0.03123287671232877,0.04337899543378995,T2-annual-calibrated,
1.3.1,china-hunan-solar,0.046849315068493144,0.24615487876127784,T3-modelled,
1.3.1,china-hunan-wind,0.07808219178082192,0.13125469879665086,T3-modelled,
1.3.1,china-jiangsu-solar,0.11506849315068493,0.6045909302908578,T3-modelled,
1.3.1,china-jiangsu-wind,0.11506849315068493,0.19342797717401178,T3-modelled,
1.3.1,china-jiangxi,0.03287671232876712,0.17274026579738794,T3-modelled,
1.3.1,china-liaoning,0.13150684931506848,0.22106054534172775,T3-modelled,
1.3.1,china-shaanxi,0.09041095890410959,0.47503573094281687,T3-modelled,
1.3.1,china-shandong,0.3698630136986301,1.9433279902206144,T3-modelled,
1.3.1,china-shanghai,0.000821917808219178,0.004318506644934698,T3-modelled,
1.3.1,china-shanxi-solar,0.04602739726027397,0.2418363721163431,T3-modelled,
1.3.1,china-shanxi-wind,0.06904109589041095,0.11605678630440706,T3-modelled,
1.3.1,china-tianjin,0.013150684931506848,0.0391702168762303,T3-modelled,
1.3.1,china-zhejiang,0.06575342465753424,0.20945376140057181,T3-modelled,
1.3.1,colombia,1.671270956580822,2.321209661917808,T1b-live-domestic-anchored,
1.3.1,croatia-solar,0.001454825999999998,0.005744067796610167,T1a-live-tso,
1.3.1,croatia-wind,0.006573195000000002,0.010494322033898305,T1a-live-tso,
1.3.1,cyprus,0.00821917808219178,0.043185066449346984,T3-modelled,
1.3.1,czech-republic-solar,0.012873063849999995,0.05210695666666668,T1a-live-tso,
1.3.1,czech-republic-wind,0.0005381921999999999,0.0008674608333333335,T1a-live-tso,
1.3.1,denmark,0.056420034536440025,0.15335643994599996,T1a-live-tso,
1.3.1,egypt,0.024657534246575342,0.12955519934804094,T3-modelled,
1.3.1,ercot-east,0.3369106634399999,0.5945551610000002,T1-live-TSO,
1.3.1,ercot-native-east,0.2534183895299998,0.4203371462068965,T1-live-TSO,
1.3.1,ercot-native-west,0.4919298149699996,0.8159485779310344,T1-live-TSO,
1.3.1,ercot-west,0.6540030525599998,1.1541364890000003,T1-live-TSO,
1.3.1,estonia,0.0027938412499999977,0.005417374999999995,T1a-live-tso,
1.3.1,ethiopia,0.21041095890410963,0.2922374429223745,T3-modelled,
1.3.1,finland-solar,0.002266030421149998,0.008552149152542375,T1a-live-tso,
1.3.1,finland-wind,0.07556898949999989,0.13878998750000002,T1a-live-tso,
1.3.1,france-solar,0.10344078000000001,0.3943323387096773,T1a-live-tso,
1.3.1,france-wind,0.09632533499999986,0.18380400000000002,T1a-live-tso,
1.3.1,gansu-solar,0.0986301369863014,0.518220797392164,T3-modelled,
1.3.1,gansu-wind,0.14794520547945203,0.2486931135094437,T3-modelled,
1.3.1,germany-solar,0.22629522951174996,0.9209575499916663,T1a-live-tso,
1.3.1,germany-wind,0.47996725961887443,0.8585433583449997,T1a-live-tso,
1.3.1,greece-solar,0.021827245000000016,0.09342051282051282,T1a-live-tso,
1.3.1,greece-wind,0.023344027500000027,0.037374000000000004,T1a-live-tso,
1.3.1,honduras,0.01643835616438356,0.08637013289869397,T3-modelled,
1.3.1,hungary-solar,0.02484723530497497,0.09283592877749998,T1a-live-tso,
1.3.1,hungary-wind,0.00045321559907500036,0.0008996988149999999,T1a-live-tso,
1.3.1,india-andhra-pradesh,0.13659531704561498,0.7176968042662811,T3-modelled,official-lead
1.3.1,india-east,0.01643835616438356,0.08637013289869397,T3-modelled,
1.3.1,india-gujarat,0.19699277785623484,1.051558664942422,T3-modelled,official-lead
1.3.1,india-karnataka,0.0410958904109589,0.2193722030089149,T3-modelled,
1.3.1,india-maharashtra,0.10111190942130271,0.48898603281700626,T3-modelled,official-lead
1.3.1,india-rajasthan,0.5159799417079574,2.754330308674895,T3-modelled,official-lead
1.3.1,india-tamil-nadu,0.07318485940879602,0.12302237500121116,T3-modelled,official-lead
1.3.1,indonesia,0.024657534246575342,0.12955519934804094,T3-modelled,
1.3.1,inner-mongolia,0.3287671232876712,0.5526513633543194,T3-modelled,
1.3.1,iran,0.024657534246575342,0.12955519934804094,T3-modelled,
1.3.1,iraq-mainland,0.00821917808219178,0.043185066449346984,T3-modelled,
1.3.1,ireland-republic-solar,0.005949993927600003,0.003116167304999998,T1a-live-tso,
1.3.1,ireland-republic-wind,0.1983331309200001,0.10387224349999993,T1a-live-tso,
1.3.1,iso-ne,0.01953399999999999,0.03158766666666668,T1-live-TSO,
1.3.1,israel,0.012328767123287671,0.06477759967402047,T3-modelled,
1.3.1,italy-north-zone-solar,0.00750979499999999,0.030257200000000015,T1b-live-domestic-anchored,
1.3.1,italy-north-zone-wind,0.00008356424999999856,0.00016633695652173907,T1b-live-domestic-anchored,
1.3.1,italy-sardinia-solar,0.010083544500000003,0.03874498319327731,T1b-live-domestic-anchored,
1.3.1,italy-sardinia-wind,0.0018386649999999963,0.0038964912280701753,T1b-live-domestic-anchored,
1.3.1,italy-sicily-solar,0.01903041999999998,0.07367457627118643,T1b-live-domestic-anchored,
1.3.1,italy-sicily-wind,0.008181634999999991,0.013745508474576276,T1b-live-domestic-anchored,
1.3.1,japan-chubu,0.00410958904109589,0.021592533224673492,T3-modelled,
1.3.1,japan-chugoku,0.04789155000000005,0.21653833333333342,T1a-live-tso,
1.3.1,japan-hokkaido,0.0010720416666666678,0.0656875,T3-modelled,
1.3.1,japan-hokuriku,0.0016180833333333448,0.007040555555555551,T1a-live-tso,
1.3.1,japan-kansai,0.00003011666666666666,0.006941666666666666,T1a-live-tso,
1.3.1,japan-kyushu,0.09367600000000054,0.3924138888888889,T1a-live-tso,
1.3.1,japan-okinawa,0.003287671232876712,0.017274026579738793,T1a-live-tso,
1.3.1,japan-shikoku,0.024657534246575342,0.12955519934804094,T1a-live-tso,
1.3.1,japan-tepco,0.00410958904109589,0.021592533224673492,T3-modelled,
1.3.1,japan-tohoku,0.2192485,1.3285666666666667,T1a-live-tso,
1.3.1,jeju,0.00410958904109589,0.006908142041928992,T3-modelled,
1.3.1,jordan,0.028767123287671233,0.06613100120133691,T3-modelled,
1.3.1,kazakhstan,0.03287671232876712,0.05526513633543194,T3-modelled,
1.3.1,kenya,0.032991780821917824,0.3398340316222026,T3-modelled,
1.3.1,kurdistan,0.00410958904109589,0.021592533224673492,T3-modelled,
1.3.1,luxembourg-solar,0.0012381794250000014,0.005417077833333335,T1a-live-tso,
1.3.1,luxembourg-wind,0.0005648221550000008,0.0011940991666666667,T1a-live-tso,
1.3.1,malaysia,0.012328767123287671,0.06477759967402047,T3-modelled,
1.3.1,manitoba,0.01643835616438356,0.025711960991953782,T3-modelled,
1.3.1,mexico,0.09863013698630137,0.5182207973921638,T3-modelled,
1.3.1,miso,1.052041359999999,1.7564893333333336,T1-live-TSO,
1.3.1,moldova-solar,0.0006002599999999996,0.0025703448275862066,T1a-live-tso,
1.3.1,moldova-wind,0.00027567000000000075,0.0005973913043478261,T1a-live-tso,
1.3.1,mongolia,0.012328767123287671,0.020724426125786975,T3-modelled,
1.3.1,montenegro,0,0,T1a-live-tso,
1.3.1,morocco,0.03287671232876712,0.05526513633543194,T3-modelled,
1.3.1,n-norway,0.36070358248487966,0.1458610526375,T1-live-TSO,
1.3.1,namibia,0.00410958904109589,0.021592533224673492,T3-modelled,
1.3.1,netherlands-solar,0.0016126989637499877,0.006156568846153853,T1b-live-domestic-anchored,
1.3.1,netherlands-wind,0.056913924718500056,0.10132325790000003,T1b-live-domestic-anchored,
1.3.1,new-zealand-geo,0.020897294131999998,0.01490788474308263,T1a-live-tso,
1.3.1,new-zealand-solar,0.0004675928919999997,0.0003335752895369488,T1a-live-tso,
1.3.1,new-zealand-wind,0.0066837969119999995,0.004768142391109235,T1a-live-tso,
1.3.1,ningxia-solar,0.0410958904109589,0.2193722030089149,T3-modelled,
1.3.1,ningxia-wind,0.0410958904109589,0.06908142041928993,T3-modelled,
1.3.1,north-macedonia-solar,0,0,T1a-live-tso,
1.3.1,north-macedonia-wind,0.00024985949999999985,0.0006884181818181818,T1a-live-tso,
1.3.1,north-sea-solar,0.484942372011001,1.129036359214286,T1a-live-tso,
1.3.1,north-sea-wind,0.7831730206770011,0.6204765043928573,T1a-live-tso,
1.3.1,northern-ireland-solar,0.0043086162924,0.002256534944999999,T1a-live-tso,
1.3.1,northern-ireland-wind,0.14362054308000002,0.07521783149999997,T1a-live-tso,
1.3.1,nt-pilbara,0.01643835616438356,0.08637013289869397,T3-modelled,
1.3.1,nyiso,0.02114853000000003,0.030774999999999993,T1-live-TSO,
1.3.1,oman,0.00821917808219178,0.043185066449346984,T3-modelled,
1.3.1,ontario-solar,0.001288819999999999,0.005223333333333332,T1a-live-tso,
1.3.1,ontario-wind,0.048052959999999985,0.073152,T1a-live-tso,
1.3.1,pakistan-solar,0.011013698630136988,0.057867989042124965,T3-modelled,
1.3.1,pakistan-wind,0.0991232876712329,0.16662438605132732,T3-modelled,
1.3.1,paraguay,0.7364383561643837,1.022831050228311,T3-modelled,
1.3.1,peru-hydro,0.06245716258800009,0.09374669694482761,T1a-live-tso,
1.3.1,peru-solar,0.0004383098690000005,0.0006546241379310345,T1a-live-tso,
1.3.1,peru-wind,0.0065620618497000014,0.01422766151379311,T1a-live-tso,
1.3.1,pjm,0.15817138500000008,0.3787361666666667,T1-live-TSO,
1.3.1,poland-solar,0.027318049674999966,0.1016021156666666,T1a-live-tso,
1.3.1,poland-wind,0.031082233409999955,0.05322132399999999,T1a-live-tso,
1.3.1,portugal-solar,0.06334906000000005,0.23382,T1a-live-tso,
1.3.1,portugal-wind,0.019993896000000032,0.0325527,T1a-live-tso,
1.3.1,qinghai,0.1232876712328767,0.6477759967402048,T3-modelled,
1.3.1,quebec,0.03254794520547947,0.04520547945205482,T3-modelled,
1.3.1,romania-solar,0.006118803750000006,0.023986386554621836,T1a-live-tso,
1.3.1,romania-wind,0.00876706,0.015380000000000001,T1a-live-tso,
1.3.1,russia-mainland,0.08876712328767124,0.12328767123287672,T3-modelled,
1.3.1,saskatchewan,0.012328767123287671,0.020724426125786975,T3-modelled,
1.3.1,saudi-solar,0.024657534246575342,0.12955519934804094,T3-modelled,
1.3.1,serbia-solar,0,0,T1a-live-tso,
1.3.1,serbia-wind,0.003517257780000001,0.005983089642857143,T1a-live-tso,
1.3.1,slovakia-solar,0.0018699037499999998,0.008322783018867923,T1a-live-tso,
1.3.1,slovakia-wind,0.000005666499999999973,0.000020709677419354848,T1a-live-tso,
1.3.1,slovenia-solar,0.0037691738000000005,0.015153693333333334,T1a-live-tso,
1.3.1,slovenia-wind,0.000016679399999999998,0.00003786666666666666,T1a-live-tso,
1.3.1,south-africa-solar,0.049768979519999965,0.17712721999999997,T1a-live-tso,
1.3.1,south-africa-wind,0.120188658,0.19281188400000002,T1a-live-tso,
1.3.1,south-korea,0.0410958904109589,0.2159253322467349,T3-modelled,
1.3.1,spain-solar,0.3044289599999994,1.0148765000000002,T1a-live-tso,
1.3.1,spain-wind,0.34229194999999996,0.6605152136752137,T1a-live-tso,
1.3.1,spp,0.5201667299999998,0.7551396666666667,T1-live-TSO,
1.3.1,sweden-north,0.00763770146249998,0.013110534166666667,T1a-live-tso,
1.3.1,sweden-south-solar,0.009524409877500003,0.04103083600000002,T1a-live-tso,
1.3.1,sweden-south-wind,0.007010870179999994,0.011026806896551725,T1a-live-tso,
1.3.1,switzerland,0.009408687469919998,0.039291809685,T1c-live-neighbour-anchored,
1.3.1,taiwan,0.04931506849315068,0.12308362850187785,T3-modelled,
1.3.1,thailand,0.024657534246575342,0.13162332180534894,T3-modelled,
1.3.1,tibet,0.08284931506849319,0.11506849315068499,T3-modelled,
1.3.1,turkey,0.00016506088,0.02272456,T1a-live-tso,
1.3.1,uae,0.024657534246575342,0.12955519934804094,T3-modelled,
1.3.1,ukraine,0.09863013698630137,0.5182207973921638,T3-modelled,
1.3.1,uruguay,0,0,T1a-live-tso,
1.3.1,vietnam,0.3287671232876712,1.7274026579738793,T3-modelled,
1.3.1,wa-swis-solar,0.0031903185983763052,0.011744747677882503,T1a-live-tso,
1.3.1,wa-swis-wind,0.019932151569934,0.03493723771022255,T1a-live-tso,
1.3.1,yunnan,0.45369863013698647,0.6301369863013702,T3-modelled,
1.3.2,aemo-nsw-solar,0.10670219235312883,0.5069226534873738,T1a-live-tso,verified
1.3.2,aemo-nsw-wind,0.008143157058667022,0.05788884289072038,T1a-live-tso,verified
1.3.2,aemo-qld-solar,0.07164801523416413,0.423814799939935,T1a-live-tso,verified
1.3.2,aemo-qld-wind,0.017961313869725833,0.12242308002867965,T1a-live-tso,verified
1.3.2,aemo-sa-solar,0.018618785165425707,0.1299624728125,T1a-live-tso,verified
1.3.2,aemo-sa-wind,0.11039901415860603,0.4875873307575757,T1a-live-tso,verified
1.3.2,aemo-tas-solar,0,0,T1a-live-tso,verified
1.3.2,aemo-tas-wind,0.00018857649541666665,0.05390436875,T1a-live-tso,verified
1.3.2,aemo-vic-solar,0.03295742200313311,0.15214481048400674,T1a-live-tso,verified
1.3.2,aemo-vic-wind,0.27189483123091146,1.0559540290217393,T1a-live-tso,verified
1.3.2,alberta-solar,0.0405,0.21619130606528567,T1a-live-tso,verified
1.3.2,alberta-wind,0.08319599999999996,0.11555000000000001,T1a-live-tso,verified
1.3.2,argentina,0.057534246575342465,0.0967139885870059,T3-modelled,modelled-fallback
1.3.2,atacama,0.19664860000000012,0.7019498384998796,T1a-live-tso,verified
1.3.2,bangladesh,0.00821917808219178,0.043185066449346984,T3-modelled,modelled-fallback
1.3.2,belgium-solar,0.015898498985000002,0.27300928857142853,T1a-live-tso,verified
1.3.2,belgium-wind,0.0030500401500000007,0.023309785714285717,T1a-live-tso,verified
1.3.2,bosnia-and-herzegovina,0,0,T1a-live-tso,verified
1.3.2,bpa-solar,0.0015938999999999999,0.005298620689655173,T1a-live-tso,verified
1.3.2,bpa-wind,0.04585284000000001,0.07355199999999998,T1a-live-tso,verified
1.3.2,brazil-bahia-solar,0.42715360699999994,1.2037243448275867,T1a-live-tso,verified
1.3.2,brazil-bahia-wind,1.474145771999999,3.215843379310345,T1a-live-tso,verified
1.3.2,brazil-ce-solar,0.16048445299999997,0.47490180357142847,T1a-live-tso,verified
1.3.2,brazil-ce-wind,0.16370243299999995,0.46600592857142864,T1a-live-tso,verified
1.3.2,brazil-go-solar,0.03415823100000001,0.12565700000000002,T1a-live-tso,verified
1.3.2,brazil-go-wind,0,0,T1a-live-tso,verified
1.3.2,brazil-maranhao-solar,0,0,T1a-live-tso,verified
1.3.2,brazil-maranhao-wind,0.034424736999999976,0.15777612500000002,T1a-live-tso,verified
1.3.2,brazil-mg-solar,0.7658912870000008,2.2905118928571424,T1a-live-tso,verified
1.3.2,brazil-mg-wind,0,0,T1a-live-tso,verified
1.3.2,brazil-mt-solar,0,0,T1a-live-tso,verified
1.3.2,brazil-mt-wind,0,0,T1a-live-tso,verified
1.3.2,brazil-other-solar,0,0,T1a-live-tso,verified
1.3.2,brazil-other-wind,0.0028026839999999984,0.032957625000000004,T1a-live-tso,verified
1.3.2,brazil-paraiba-solar,0.03868165900000002,0.12635742857142856,T1a-live-tso,verified
1.3.2,brazil-paraiba-wind,0.061813873000000005,0.25140533333333337,T1a-live-tso,verified
1.3.2,brazil-pernambuco-solar,0.11327076500000004,0.3460938571428572,T1a-live-tso,verified
1.3.2,brazil-pernambuco-wind,0.054391184999999974,0.15121969642857147,T1a-live-tso,verified
1.3.2,brazil-piaui-solar,0.2541673749999999,0.7570766607142856,T1a-live-tso,verified
1.3.2,brazil-piaui-wind,0.399952436,1.1941965,T1a-live-tso,verified
1.3.2,brazil-pr-solar,0,0,T1a-live-tso,verified
1.3.2,brazil-pr-wind,0,0,T1a-live-tso,verified
1.3.2,brazil-rn-solar,0.1544960050000001,0.4759983214285715,T1a-live-tso,verified
1.3.2,brazil-rn-wind,0.8566893529999992,1.6130944,T1a-live-tso,verified
1.3.2,brazil-rs-solar,0,0,T1a-live-tso,verified
1.3.2,brazil-rs-wind,0.034671209,0.3811947777777779,T1a-live-tso,verified
1.3.2,brazil-sp-solar,0.13700689100000008,0.4475052857142858,T1a-live-tso,verified
1.3.2,brazil-sp-wind,0,0,T1a-live-tso,verified
1.3.2,british-columbia,0.1479452054794521,0.20547945205479462,T3-modelled,modelled-fallback
1.3.2,bulgaria-solar,0.013562594583379996,0.04075085483,T1a-live-tso,verified
1.3.2,bulgaria-wind,0.0012380689333350004,0.002268211357,T1a-live-tso,verified
1.3.2,caiso-solar,0.18540404000000002,0.6143594827586207,T1a-live-tso,verified
1.3.2,caiso-wind,0.10039511999999993,0.1770538,T1a-live-tso,verified
1.3.2,chile-wind,0.16551954320411993,0.9323301813095238,T1a-live-tso,verified
1.3.2,china-anhui,0.1726027397260274,0.9068863954362868,T3-modelled,modelled-fallback
1.3.2,china-beijing,0.023013698630136987,0.12091818605817156,T3-modelled,modelled-fallback
1.3.2,china-chongqing-hydro,0.01084931506849315,0.015068493150684932,T2-annual-calibrated,modelled-fallback
1.3.2,china-chongqing-solar,0.007232876712328767,0.03800285847542535,T3-modelled,modelled-fallback
1.3.2,china-fujian,0.049315068493150684,0.14688831328586355,T3-modelled,modelled-fallback
1.3.2,china-guangdong,0.26301369863013696,0.7834043375246058,T3-modelled,modelled-fallback
1.3.2,china-guizhou-hydro,0.010273972602739725,0.014269406392694063,T2-annual-calibrated,modelled-fallback
1.3.2,china-guizhou-solar,0.010273972602739725,0.05398133306168373,T3-modelled,modelled-fallback
1.3.2,china-hainan,0.000821917808219178,0.004318506644934698,T3-modelled,modelled-fallback
1.3.2,china-henan,0.057534246575342465,0.3022954651454289,T3-modelled,modelled-fallback
1.3.2,china-hubei-hydro,0.041917808219178086,0.058219178082191785,T2-annual-calibrated,modelled-fallback
1.3.2,china-hubei-solar,0.0493150684931507,0.259110398696082,T3-modelled,modelled-fallback
1.3.2,china-hubei-wind,0.03205479452054795,0.053883507927046145,T3-modelled,modelled-fallback
1.3.2,china-hunan-hydro,0.03123287671232877,0.04337899543378995,T2-annual-calibrated,modelled-fallback
1.3.2,china-hunan-solar,0.046849315068493144,0.24615487876127784,T3-modelled,modelled-fallback
1.3.2,china-hunan-wind,0.07808219178082192,0.13125469879665086,T3-modelled,modelled-fallback
1.3.2,china-jiangsu-solar,0.11506849315068493,0.6045909302908578,T3-modelled,modelled-fallback
1.3.2,china-jiangsu-wind,0.11506849315068493,0.19342797717401178,T3-modelled,modelled-fallback
1.3.2,china-jiangxi,0.03287671232876712,0.17274026579738794,T3-modelled,modelled-fallback
1.3.2,china-liaoning,0.13150684931506848,0.22106054534172775,T3-modelled,modelled-fallback
1.3.2,china-shaanxi,0.09041095890410959,0.47503573094281687,T3-modelled,modelled-fallback
1.3.2,china-shandong,0.3698630136986301,1.9433279902206144,T3-modelled,modelled-fallback
1.3.2,china-shanghai,0.000821917808219178,0.004318506644934698,T3-modelled,modelled-fallback
1.3.2,china-shanxi-solar,0.04602739726027397,0.2418363721163431,T3-modelled,modelled-fallback
1.3.2,china-shanxi-wind,0.06904109589041095,0.11605678630440706,T3-modelled,modelled-fallback
1.3.2,china-tianjin,0.013150684931506848,0.0391702168762303,T3-modelled,modelled-fallback
1.3.2,china-zhejiang,0.06575342465753424,0.20945376140057181,T3-modelled,modelled-fallback
1.3.2,colombia,1.671270956580822,2.321209661917808,T1b-live-domestic-anchored,verified
1.3.2,croatia-solar,0.0015042659999999985,0.005677966101694913,T1a-live-tso,verified
1.3.2,croatia-wind,0.006662345000000003,0.010792833333333333,T1a-live-tso,verified
1.3.2,cyprus,0.00821917808219178,0.043185066449346984,T3-modelled,modelled-fallback
1.3.2,czech-republic-solar,0.012985376100000027,0.05184654166666668,T1a-live-tso,verified
1.3.2,czech-republic-wind,0.0005628370250000003,0.0009324616666666664,T1a-live-tso,verified
1.3.2,denmark,0.046644395023680015,0.13879533771428573,T1a-live-tso,verified
1.3.2,egypt,0.024657534246575342,0.12955519934804094,T3-modelled,modelled-fallback
1.3.2,ercot-east,0.3369106634399999,0.5945551610000002,T1-live-TSO,verified
1.3.2,ercot-native-east,0.2534183895299998,0.4203371462068965,T1-live-TSO,official-lead
1.3.2,ercot-native-west,0.4919298149699996,0.8159485779310344,T1-live-TSO,official-lead
1.3.2,ercot-west,0.6540030525599998,1.1541364890000003,T1-live-TSO,verified
1.3.2,estonia,0.0026128056250000007,0.005001458333333333,T1a-live-tso,verified
1.3.2,ethiopia,0.21041095890410963,0.2922374429223745,T3-modelled,modelled-fallback
1.3.2,finland-solar,0.002315804730200001,0.008604621666666666,T1a-live-tso,verified
1.3.2,finland-wind,0.07818887942500004,0.13324455833333335,T1a-live-tso,verified
1.3.2,france-solar,0.10344078000000001,0.3943323387096773,T1a-live-tso,verified
1.3.2,france-wind,0.09632533499999986,0.18380400000000002,T1a-live-tso,verified
1.3.2,gansu-solar,0.0986301369863014,0.518220797392164,T3-modelled,modelled-fallback
1.3.2,gansu-wind,0.14794520547945203,0.2486931135094437,T3-modelled,modelled-fallback
1.3.2,germany-solar,0.22746164105250002,0.9152824596500002,T1a-live-tso,verified
1.3.2,germany-wind,0.4580647667404249,0.8563028443183331,T1a-live-tso,verified
1.3.2,greece-solar,0.021958735000000004,0.09724111111111107,T1a-live-tso,verified
1.3.2,greece-wind,0.02558827500000006,0.043434375,T1a-live-tso,verified
1.3.2,honduras,0.01643835616438356,0.08637013289869397,T3-modelled,modelled-fallback
1.3.2,hungary-solar,0.02469088639545,0.09064439733750002,T1a-live-tso,verified
1.3.2,hungary-wind,0.00046542862187500027,0.0009314139450000002,T1a-live-tso,verified
1.3.2,india-andhra-pradesh,0.13659531704561498,0.7176968042662811,T3-modelled,official-lead
1.3.2,india-east,0.01643835616438356,0.08637013289869397,T3-modelled,modelled-fallback
1.3.2,india-gujarat,0.19699277785623484,1.051558664942422,T3-modelled,official-lead
1.3.2,india-karnataka,0.0410958904109589,0.2193722030089149,T3-modelled,official-lead
1.3.2,india-maharashtra,0.10111190942130271,0.48898603281700626,T3-modelled,official-lead
1.3.2,india-rajasthan,0.5159799417079574,2.754330308674895,T3-modelled,official-lead
1.3.2,india-tamil-nadu,0.07318485940879602,0.12302237500121116,T3-modelled,official-lead
1.3.2,indonesia,0.024657534246575342,0.12955519934804094,T3-modelled,modelled-fallback
1.3.2,inner-mongolia,0.3287671232876712,0.5526513633543194,T3-modelled,modelled-fallback
1.3.2,iran,0.024657534246575342,0.12955519934804094,T3-modelled,modelled-fallback
1.3.2,iraq-mainland,0.00821917808219178,0.043185066449346984,T3-modelled,modelled-fallback
1.3.2,ireland-republic-solar,0.005949993927600003,0.003116167304999998,T1a-live-tso,verified
1.3.2,ireland-republic-wind,0.1983331309200001,0.10387224349999993,T1a-live-tso,verified
1.3.2,iso-ne-rest-solar,0.003601360000000001,0.014119310344827584,T1a-live-tso,verified
1.3.2,iso-ne-rest-wind,0.01382166,0.023002758620689654,T1a-live-tso,verified
1.3.2,israel,0.012328767123287671,0.06477759967402047,T3-modelled,modelled-fallback
1.3.2,italy-north-zone-solar,0.0075254039999999986,0.02988225000000001,T1b-live-domestic-anchored,verified
1.3.2,italy-north-zone-wind,0.00008235299999999896,0.0001652386363636365,T1b-live-domestic-anchored,verified
1.3.2,italy-sardinia-solar,0.010083697250000008,0.03834331092436976,T1b-live-domestic-anchored,verified
1.3.2,italy-sardinia-wind,0.0021208849999999977,0.004459122807017545,T1b-live-domestic-anchored,verified
1.3.2,italy-sicily-solar,0.019180929999999995,0.07456067796610169,T1b-live-domestic-anchored,verified
1.3.2,italy-sicily-wind,0.00787240999999999,0.01260875,T1b-live-domestic-anchored,verified
1.3.2,japan-chubu,0.00410958904109589,0.021592533224673492,T3-modelled,modelled-fallback
1.3.2,japan-chugoku,0.04789155000000005,0.21653833333333342,T1a-live-tso,verified
1.3.2,japan-hokkaido,0.0010720416666666678,0.0656875,T3-modelled,modelled-fallback
1.3.2,japan-hokuriku,0.0016180833333333448,0.007040555555555551,T1a-live-tso,verified
1.3.2,japan-kansai,0.00003011666666666666,0.006941666666666666,T1a-live-tso,verified
1.3.2,japan-kyushu,0.09367600000000054,0.3924138888888889,T1a-live-tso,verified
1.3.2,japan-okinawa,0.003287671232876712,0.017274026579738793,T1a-live-tso,verified
1.3.2,japan-shikoku,0.024657534246575342,0.12955519934804094,T1a-live-tso,verified
1.3.2,japan-tepco,0.00410958904109589,0.021592533224673492,T3-modelled,modelled-fallback
1.3.2,japan-tohoku,0.2192485,1.3285666666666667,T1a-live-tso,verified
1.3.2,jeju,0.00410958904109589,0.006908142041928992,T3-modelled,modelled-fallback
1.3.2,jordan,0.028767123287671233,0.06613100120133691,T3-modelled,modelled-fallback
1.3.2,kazakhstan,0.03287671232876712,0.05526513633543194,T3-modelled,modelled-fallback
1.3.2,kenya,0.032991780821917824,0.3398340316222026,T3-modelled,modelled-fallback
1.3.2,kurdistan,0.00410958904109589,0.021592533224673492,T3-modelled,modelled-fallback
1.3.2,luxembourg-solar,0.0012705599249999984,0.0053306465,T1a-live-tso,verified
1.3.2,luxembourg-wind,0.0005853840949999999,0.0012205745,T1a-live-tso,verified
1.3.2,malaysia,0.012328767123287671,0.06477759967402047,T3-modelled,modelled-fallback
1.3.2,manitoba,0.01643835616438356,0.025711960991953782,T3-modelled,modelled-fallback
1.3.2,mexico,0.09863013698630137,0.5182207973921638,T3-modelled,modelled-fallback
1.3.2,miso-solar,0.16023212000000006,0.557111724137931,T1a-live-tso,verified
1.3.2,miso-wind,0.7162180000000008,1.1158813793103448,T1a-live-tso,verified
1.3.2,moldova-solar,0.0005876000000000003,0.002577142857142857,T1a-live-tso,verified
1.3.2,moldova-wind,0.00026373000000000103,0.0005787500000000001,T1a-live-tso,verified
1.3.2,mongolia,0.012328767123287671,0.020724426125786975,T3-modelled,modelled-fallback
1.3.2,montenegro,0,0,T1a-live-tso,verified
1.3.2,morocco,0.03287671232876712,0.05526513633543194,T3-modelled,modelled-fallback
1.3.2,namibia,0.00410958904109589,0.021592533224673492,T3-modelled,modelled-fallback
1.3.2,netherlands-solar,0.0016695863999999895,0.0060656602499999995,T1b-live-domestic-anchored,verified
1.3.2,netherlands-wind,0.05613692274500004,0.09964752485000003,T1b-live-domestic-anchored,verified
1.3.2,new-zealand-geo,0.021598059080000037,0.014983152420815514,T1a-live-tso,verified
1.3.2,new-zealand-solar,0.00043481685000000027,0.0003016441021184979,T1a-live-tso,verified
1.3.2,new-zealand-wind,0.00721014492899999,0.0050018707721479596,T1a-live-tso,verified
1.3.2,ningxia-solar,0.0410958904109589,0.2193722030089149,T3-modelled,modelled-fallback
1.3.2,ningxia-wind,0.0410958904109589,0.06908142041928993,T3-modelled,modelled-fallback
1.3.2,north-macedonia-solar,0,0,T1a-live-tso,verified
1.3.2,north-macedonia-wind,0.00021393599999999983,0.0006526799999999999,T1a-live-tso,verified
1.3.2,north-sea-solar,0.484942372011001,1.129036359214286,T1a-live-tso,verified
1.3.2,north-sea-wind,0.7831730206770011,0.6204765043928573,T1a-live-tso,verified
1.3.2,northern-ireland-solar,0.0043086162924,0.002256534944999999,T1a-live-tso,verified
1.3.2,northern-ireland-wind,0.14362054308000002,0.07521783149999997,T1a-live-tso,verified
1.3.2,norway-no1-hydro,0.0040744288434750075,0.007546603641874996,T1a-live-tso,verified
1.3.2,norway-no1-wind,0.0013893742406662533,0.002653642114374999,T1a-live-tso,verified
1.3.2,norway-no2-hydro,0.23955360591900066,0.5011585233573334,T1a-live-tso,verified
1.3.2,norway-no2-wind,0.019701358555179998,0.031482383198666676,T1a-live-tso,verified
1.3.2,norway-no3-hydro,0.036917828474210004,0.057093096341,T1a-live-tso,verified
1.3.2,norway-no3-wind,0.022207202070859987,0.03335396231566665,T1a-live-tso,verified
1.3.2,norway-no4-hydro,0.07857633731509495,0.12281999168849998,T1a-live-tso,verified
1.3.2,norway-no4-wind,0.016162245034560024,0.02388709864699999,T1a-live-tso,verified
1.3.2,norway-no5,0.0091640530154109,0.005741940811276436,T1a-live-tso,verified
1.3.2,nt-pilbara,0.01643835616438356,0.08637013289869397,T3-modelled,modelled-fallback
1.3.2,nyiso-rest-solar,0,0,T1a-live-tso,verified
1.3.2,nyiso-rest-wind,0.016121460000000018,0.027651724137931034,T1a-live-tso,verified
1.3.2,oman,0.00821917808219178,0.043185066449346984,T3-modelled,modelled-fallback
1.3.2,ontario-solar,0.001288819999999999,0.005223333333333332,T1a-live-tso,verified
1.3.2,ontario-wind,0.048052959999999985,0.073152,T1a-live-tso,verified
1.3.2,pakistan-solar,0.011013698630136988,0.057867989042124965,T3-modelled,modelled-fallback
1.3.2,pakistan-wind,0.0991232876712329,0.16662438605132732,T3-modelled,modelled-fallback
1.3.2,paraguay,0.7364383561643837,1.022831050228311,T3-modelled,modelled-fallback
1.3.2,peru-hydro,0.06352877036790001,0.09281372852413794,T1a-live-tso,verified
1.3.2,peru-solar,0.0004732408690000001,0.0006790733333333334,T1a-live-tso,verified
1.3.2,peru-wind,0.006639338154699992,0.013520066163333335,T1a-live-tso,verified
1.3.2,pjm-solar,0.07302549999999991,0.26116465517241383,T1a-live-tso,verified
1.3.2,pjm-wind,0.059930260000000006,0.09486620689655173,T1a-live-tso,verified
1.3.2,poland-solar,0.027325838189999993,0.1006372079166666,T1a-live-tso,verified
1.3.2,poland-wind,0.03085915387499992,0.052647348000000004,T1a-live-tso,verified
1.3.2,portugal-solar,0.06312317999999997,0.23135033333333335,T1a-live-tso,verified
1.3.2,portugal-wind,0.018735578999999995,0.028529800000000004,T1a-live-tso,verified
1.3.2,qinghai,0.1232876712328767,0.6477759967402048,T3-modelled,modelled-fallback
1.3.2,quebec,0.03254794520547947,0.04520547945205482,T3-modelled,modelled-fallback
1.3.2,romania-solar,0.006237326249999993,0.024055462184873946,T1a-live-tso,verified
1.3.2,romania-wind,0.008392014999999992,0.015048907563025201,T1a-live-tso,verified
1.3.2,russia-mainland,0.08876712328767124,0.12328767123287672,T3-modelled,modelled-fallback
1.3.2,saskatchewan,0.012328767123287671,0.020724426125786975,T3-modelled,modelled-fallback
1.3.2,saudi-solar,0.024657534246575342,0.12955519934804094,T3-modelled,modelled-fallback
1.3.2,serbia-solar,0,0,T1a-live-tso,verified
1.3.2,serbia-wind,0.003694716059999998,0.006488081999999999,T1a-live-tso,verified
1.3.2,slovakia-solar,0.0018201974999999962,0.007875735294117647,T1a-live-tso,verified
1.3.2,slovakia-wind,0.000005758499999999993,0.000019000000000000004,T1a-live-tso,verified
1.3.2,slovenia-solar,0.0038169846000000005,0.015115313333333337,T1a-live-tso,verified
1.3.2,slovenia-wind,0.0000155812,0.00003362727272727272,T1a-live-tso,verified
1.3.2,south-africa-solar,0.049768979519999965,0.17712721999999997,T1a-live-tso,verified
1.3.2,south-africa-wind,0.120188658,0.19281188400000002,T1a-live-tso,verified
1.3.2,south-korea,0.0410958904109589,0.2159253322467349,T3-modelled,modelled-fallback
1.3.2,spain-solar,0.3073698100000001,1.0109073949579832,T1a-live-tso,verified
1.3.2,spain-wind,0.33260798999999985,0.6110231932773107,T1a-live-tso,verified
1.3.2,spp-solar,0.011608409999999993,0.04240928571428571,T1a-live-tso,verified
1.3.2,spp-wind,0.40262599999999954,0.6608114285714286,T1a-live-tso,verified
1.3.2,sweden-north,0.007466639717499992,0.012588857666666665,T1a-live-tso,verified
1.3.2,sweden-south-solar,0.009486054427499994,0.040065529000000016,T1a-live-tso,verified
1.3.2,sweden-south-wind,0.006686987780000002,0.01035280366666666,T1a-live-tso,verified
1.3.2,switzerland,0.010213848940905,0.042094369133000006,T1c-live-neighbour-anchored,verified
1.3.2,taiwan,0.04931506849315068,0.12308362850187785,T3-modelled,official-lead
1.3.2,thailand,0.024657534246575342,0.13162332180534894,T3-modelled,modelled-fallback
1.3.2,tibet,0.08284931506849319,0.11506849315068499,T3-modelled,modelled-fallback
1.3.2,turkey-solar,2.4000000000000005e-10,8e-8,T1a-live-tso,verified
1.3.2,turkey-wind,0.00009176800000000002,0.03530928,T1a-live-tso,verified
1.3.2,uae,0.024657534246575342,0.12955519934804094,T3-modelled,modelled-fallback
1.3.2,ukraine,0.09863013698630137,0.5182207973921638,T3-modelled,modelled-fallback
1.3.2,uruguay,0,0,T1a-live-tso,verified
1.3.2,vietnam,0.3287671232876712,1.7274026579738793,T3-modelled,modelled-fallback
1.3.2,wa-swis-solar,0.0031903185983763052,0.011744747677882503,T1a-live-tso,verified
1.3.2,wa-swis-wind,0.019932151569934,0.03493723771022255,T1a-live-tso,verified
1.3.2,yunnan,0.45369863013698647,0.6301369863013702,T3-modelled,modelled-fallback
1.4.0,aemo-avlsf1-solar,0.00020286591916666662,0.07243769954545456,T1a-live-tso,verified
1.4.0,aemo-bangowf1-wind,0.0005320520750000003,0.04547047666666666,T1a-live-tso,verified
1.4.0,aemo-coopgwf1-wind,0.007039468149999997,0.12485660407670454,T1a-live-tso,verified
1.4.0,aemo-darlsf1-solar,0.00010447095916666666,0.06153761708333333,T1a-live-tso,verified
1.4.0,aemo-limosf11-solar,0.0006865925125,0.13630524333333333,T1a-live-tso,verified
1.4.0,aemo-macarth1-wind,0.013413519188333325,0.20989370476190475,T1a-live-tso,verified
1.4.0,aemo-nsw-solar,0.10670219235312883,0.5069226534873738,T1a-live-tso,verified
1.4.0,aemo-nsw-wind,0.008143157058667022,0.05788884289072038,T1a-live-tso,verified
1.4.0,aemo-qld-solar,0.07164801523416413,0.423814799939935,T1a-live-tso,verified
1.4.0,aemo-qld-wind,0.017961313869725833,0.12242308002867965,T1a-live-tso,verified
1.4.0,aemo-ryepark1-wind,0,0,T1a-live-tso,verified
1.4.0,aemo-sa-solar,0.018618785165425707,0.1299624728125,T1a-live-tso,verified
1.4.0,aemo-sa-wind,0.11039901415860603,0.4875873307575757,T1a-live-tso,verified
1.4.0,aemo-saphwf1-wind,0.00003422325,0.022297125,T1a-live-tso,verified
1.4.0,aemo-stockyd1-wind,0.0018831991524999989,0.20793346299999999,T1a-live-tso,verified
1.4.0,aemo-tas-solar,0,0,T1a-live-tso,verified
1.4.0,aemo-tas-wind,0.00018857649541666665,0.05390436875,T1a-live-tso,verified
1.4.0,aemo-vic-solar,0.03295742200313311,0.15214481048400674,T1a-live-tso,verified
1.4.0,aemo-vic-wind,0.27189483123091146,1.0559540290217393,T1a-live-tso,verified
1.4.0,aemo-wdgph1-solar,0.0004439090358333333,0.1994058625,T1a-live-tso,verified
1.4.0,alberta-solar,0.0405,0.21619130606528567,T1a-live-tso,verified
1.4.0,alberta-wind,0.08319599999999996,0.11555000000000001,T1a-live-tso,verified
1.4.0,argentina,0.057534246575342465,0.0967139885870059,T3-modelled,modelled-fallback
1.4.0,atacama,0.19664860000000012,0.7019498384998796,T1a-live-tso,verified
1.4.0,azps-solar,0.014006140000000023,0.04325642857142858,T2-annual-calibrated,verified
1.4.0,azps-wind,0.002977200000000003,0.006153448275862069,T2-annual-calibrated,verified
1.4.0,bangladesh,0.008219178082191782,0.047347639003411185,T3-modelled,modelled-fallback
1.4.0,belgium-solar,0.015898498985000002,0.27300928857142853,T1a-live-tso,verified
1.4.0,belgium-wind,0.0030500401500000007,0.023309785714285717,T1a-live-tso,verified
1.4.0,bosnia-and-herzegovina,0,0,T1a-live-tso,verified
1.4.0,bpa-solar,0.0015938999999999999,0.005298620689655173,T1a-live-tso,verified
1.4.0,bpa-wind,0.04585284000000001,0.07355199999999998,T1a-live-tso,verified
1.4.0,brazil-bahia-solar,0.2683724905000001,1.3276097413793106,T1a-live-tso,verified
1.4.0,brazil-bahia-wind,0.7678878874999996,3.592907068965517,T1a-live-tso,verified
1.4.0,brazil-ce-solar,0.12826666550000002,0.7539280535714286,T1a-live-tso,verified
1.4.0,brazil-ce-wind,0.19931000549999986,0.9488922857142859,T1a-live-tso,verified
1.4.0,brazil-go-solar,0.02480468750000002,0.1610108113207547,T1a-live-tso,verified
1.4.0,brazil-go-wind,0,0,T1a-live-tso,verified
1.4.0,brazil-maranhao-solar,0,0,T1a-live-tso,verified
1.4.0,brazil-maranhao-wind,0.026525072000000014,0.1813757692307692,T1a-live-tso,verified
1.4.0,brazil-mg-solar,0.5326047014999997,2.9334171206896564,T1a-live-tso,verified
1.4.0,brazil-mg-wind,0.013518220999999987,0.08382436206896555,T1a-live-tso,verified
1.4.0,brazil-mt-solar,0,0,T1a-live-tso,verified
1.4.0,brazil-mt-wind,0,0,T1a-live-tso,verified
1.4.0,brazil-other-solar,0.002531309999999999,0.19796400000000003,T1a-live-tso,verified
1.4.0,brazil-other-wind,0.009117340499999998,0.06766339583333332,T1a-live-tso,verified
1.4.0,brazil-paraiba-solar,0.023566000499999993,0.12557689285714282,T1a-live-tso,verified
1.4.0,brazil-paraiba-wind,0.10199204600000002,0.5005229642857142,T1a-live-tso,verified
1.4.0,brazil-pernambuco-solar,0.063844342,0.3658045,T1a-live-tso,verified
1.4.0,brazil-pernambuco-wind,0.03487976199999996,0.15839227586206897,T1a-live-tso,verified
1.4.0,brazil-piaui-solar,0.16484491800000026,0.842624655172414,T1a-live-tso,verified
1.4.0,brazil-piaui-wind,0.2881399825,1.2826385,T1a-live-tso,verified
1.4.0,brazil-pr-solar,0,0,T1a-live-tso,verified
1.4.0,brazil-pr-wind,0,0,T1a-live-tso,verified
1.4.0,brazil-rn-solar,0.16185102599999987,0.7682909827586206,T1a-live-tso,verified
1.4.0,brazil-rn-wind,1.786156664000001,4.013750965517243,T1a-live-tso,verified
1.4.0,brazil-rs-solar,0,0,T1a-live-tso,verified
1.4.0,brazil-rs-wind,0.29790008300000015,0.6083318793103452,T1a-live-tso,verified
1.4.0,brazil-sp-solar,0.073816181,0.49283144642857146,T1a-live-tso,verified
1.4.0,brazil-sp-wind,0,0,T1a-live-tso,verified
1.4.0,british-columbia,0.1479452054794521,0.20547945205479462,T3-modelled,modelled-fallback
1.4.0,bulgaria-solar,0.01646277437256001,0.049335180093999995,T1a-live-tso,verified
1.4.0,bulgaria-wind,0.0013071333034350024,0.002626351704310344,T1a-live-tso,verified
1.4.0,caiso-solar,0.18540404000000002,0.6143594827586207,T1a-live-tso,verified
1.4.0,caiso-wind,0.10039511999999993,0.1770538,T1a-live-tso,verified
1.4.0,chile-wind,0.16551954320411993,0.9323301813095238,T1a-live-tso,verified
1.4.0,china-anhui-solar,0.004602739726027397,0.02418363721163431,T3-modelled,modelled-fallback
1.4.0,china-anhui-wind,0.0018904109589041095,0.0031777453392873366,T3-modelled,modelled-fallback
1.4.0,china-beijing,0.023013698630136987,0.12091818605817156,T3-modelled,modelled-fallback
1.4.0,china-chongqing-hydro,0.01084931506849315,0.015068493150684932,T2-annual-calibrated,modelled-fallback
1.4.0,china-chongqing-solar,0.007232876712328767,0.03800285847542535,T3-modelled,modelled-fallback
1.4.0,china-fujian,0.0019726027397260273,0.0059435459165316454,T3-modelled,modelled-fallback
1.4.0,china-guangdong,0.007643835616438355,0.02757963555492882,T3-modelled,modelled-fallback
1.4.0,china-guizhou-hydro,0.010273972602739725,0.014269406392694063,T2-annual-calibrated,modelled-fallback
1.4.0,china-guizhou-solar,0.010273972602739725,0.05398133306168373,T3-modelled,modelled-fallback
1.4.0,china-hainan,0.000821917808219178,0.004318506644934698,T3-modelled,modelled-fallback
1.4.0,china-hebei-solar,0.29186301369863016,1.5335017096163115,T3-modelled,modelled-fallback
1.4.0,china-hebei-wind,0.41038356164383566,0.6898470643070291,T3-modelled,modelled-fallback
1.4.0,china-heilongjiang-solar,0.028684931506849313,0.150715881908221,T3-modelled,modelled-fallback
1.4.0,china-heilongjiang-wind,0.1670958904109589,0.28088505542483283,T3-modelled,modelled-fallback
1.4.0,china-henan-solar,0.08408219178082191,0.4417832297768196,T3-modelled,modelled-fallback
1.4.0,china-henan-wind,0.15263013698630137,0.25656839543724275,T3-modelled,modelled-fallback
1.4.0,china-hubei-hydro,0.041917808219178086,0.058219178082191785,T2-annual-calibrated,modelled-fallback
1.4.0,china-hubei-solar,0.09115068493150684,0.47892238692325806,T3-modelled,modelled-fallback
1.4.0,china-hubei-wind,0.026465753424657533,0.04448843475002271,T3-modelled,modelled-fallback
1.4.0,china-hunan-hydro,0.03123287671232877,0.04337899543378995,T2-annual-calibrated,modelled-fallback
1.4.0,china-hunan-solar,0.01413698630136986,0.07427831429287682,T3-modelled,modelled-fallback
1.4.0,china-hunan-wind,0.049479452054794516,0.08317403018482508,T3-modelled,modelled-fallback
1.4.0,china-jiangsu-solar,0.007972602739726027,0.04188951445586658,T3-modelled,modelled-fallback
1.4.0,china-jiangsu-wind,0.013808219178082191,0.023211357260881416,T3-modelled,modelled-fallback
1.4.0,china-jiangxi,0.02621917808219178,0.13776036197341687,T3-modelled,modelled-fallback
1.4.0,china-jilin-solar,0.019315068493150685,0.10148490615596542,T3-modelled,modelled-fallback
1.4.0,china-jilin-wind,0.17457534246575343,0.29345787394114353,T3-modelled,modelled-fallback
1.4.0,china-liaoning-solar,0.04142465753424658,0.21765273490470885,T3-modelled,modelled-fallback
1.4.0,china-liaoning-wind,0.18912328767123288,0.3179126967695723,T3-modelled,modelled-fallback
1.4.0,china-shaanxi-solar,0.18698630136986302,0.9824602617226439,T3-modelled,modelled-fallback
1.4.0,china-shaanxi-wind,0.13610958904109588,0.22879766442868824,T3-modelled,modelled-fallback
1.4.0,china-shandong-solar,0.33082191780821923,1.7381989245862166,T3-modelled,modelled-fallback
1.4.0,china-shandong-wind,0.16117808219178084,0.2709373308844551,T3-modelled,modelled-fallback
1.4.0,china-shanghai,0.000821917808219178,0.004318506644934698,T3-modelled,modelled-fallback
1.4.0,china-shanxi-solar,0.045945205479452064,0.24140452145184968,T3-modelled,modelled-fallback
1.4.0,china-shanxi-wind,0.04586301369863014,0.07709486518792755,T3-modelled,modelled-fallback
1.4.0,china-tianjin,0.013150684931506848,0.0391702168762303,T3-modelled,modelled-fallback
1.4.0,china-zhejiang,0.0032054794520547944,0.014121640511361243,T3-modelled,modelled-fallback
1.4.0,colombia,1.671270956580822,2.321209661917808,T1b-live-domestic-anchored,verified
1.4.0,croatia-solar,0.002018101999999998,0.007039661016949152,T1a-live-tso,verified
1.4.0,croatia-wind,0.0051135824999999965,0.008998474576271183,T1a-live-tso,verified
1.4.0,cyprus,0.012328767123287671,0.04908418080626476,T3-modelled,modelled-fallback
1.4.0,czech-republic-solar,0.013224025700000005,0.04811985166666668,T1a-live-tso,verified
1.4.0,czech-republic-wind,0.0004583516000000006,0.0007940016666666664,T1a-live-tso,verified
1.4.0,denmark,0.046644395023680015,0.13879533771428573,T1a-live-tso,verified
1.4.0,egypt,0.024657534246575342,0.12955519934804094,T3-modelled,modelled-fallback
1.4.0,ercot-east,0.3369106634399999,0.5945551610000002,T1-live-TSO,verified
1.4.0,ercot-native-east,0.2534183895299998,0.4203371462068965,T1-live-TSO,official-lead
1.4.0,ercot-native-west,0.4919298149699996,0.8159485779310344,T1-live-TSO,official-lead
1.4.0,ercot-west,0.6540030525599998,1.1541364890000003,T1-live-TSO,verified
1.4.0,estonia-solar,0.002938309050000001,0.009508427333333333,T1a-live-tso,verified
1.4.0,estonia-wind,0.001898255000000002,0.0033046428571428563,T1a-live-tso,verified
1.4.0,ethiopia,0.21041095890410963,0.2922374429223745,T3-modelled,modelled-fallback
1.4.0,finland-solar,0.002690687116300004,0.009025177499999997,T1a-live-tso,verified
1.4.0,finland-wind,0.07365125740000013,0.13716032083333332,T1a-live-tso,verified
1.4.0,france-solar,0.10344078000000001,0.3943323387096773,T1a-live-tso,verified
1.4.0,france-wind,0.09632533499999986,0.18380400000000002,T1a-live-tso,verified
1.4.0,gansu-solar,0.3034520547945206,1.5943926533098909,T3-modelled,modelled-fallback
1.4.0,gansu-wind,0.2866849315068493,0.4819119888449665,T3-modelled,modelled-fallback
1.4.0,germany-50hertz-solar,0.05098957067328636,0.0887026271927872,T1b-live-domestic-anchored,verified
1.4.0,germany-50hertz-wind,0.09731842932671363,0.16929737280721283,T1b-live-domestic-anchored,verified
1.4.0,germany-amprion-solar,0.0017003940222410923,0.12748052069858248,T1b-live-domestic-anchored,verified
1.4.0,germany-amprion-wind,0.0009006059777589075,0.06751947930141752,T1b-live-domestic-anchored,verified
1.4.0,germany-tennet-de-solar,0.1384515813513769,0.13187092864583372,T1b-live-domestic-anchored,verified
1.4.0,germany-tennet-de-wind,0.4136740486486232,0.3940119745799727,T1b-live-domestic-anchored,verified
1.4.0,germany-transnetbw-solar,0.0000440323369617028,0.0440323369617028,T1b-live-domestic-anchored,verified
1.4.0,germany-transnetbw-wind,0.000007337663038297202,0.0073376630382972026,T1b-live-domestic-anchored,verified
1.4.0,greece-solar,0.029965060000000023,0.11219411764705887,T1a-live-tso,verified
1.4.0,greece-wind,0.01896537750000002,0.03314895652173914,T1a-live-tso,verified
1.4.0,honduras,0.01643835616438356,0.08637013289869397,T3-modelled,modelled-fallback
1.4.0,hungary-solar,0.02726845239397505,0.09395343867749995,T1a-live-tso,verified
1.4.0,hungary-wind,0.000414235576475,0.0008219014558333331,T1a-live-tso,verified
1.4.0,india-andhra-pradesh,0.13659531704561498,0.7176968042662811,T3-modelled,official-lead
1.4.0,india-east,0.01643835616438356,0.08637013289869397,T3-modelled,modelled-fallback
1.4.0,india-gujarat,0.19699277785623484,1.051558664942422,T3-modelled,official-lead
1.4.0,india-karnataka,0.0410958904109589,0.2193722030089149,T3-modelled,official-lead
1.4.0,india-maharashtra,0.002203841059602649,0.003060890360559235,T2-annual-calibrated,official-lead
1.4.0,india-rajasthan,0.5159799417079574,2.754330308674895,T3-modelled,official-lead
1.4.0,india-tamil-nadu,0.07318485940879602,0.12302237500121116,T3-modelled,official-lead
1.4.0,indonesia,0.024657534246575342,0.12955519934804094,T3-modelled,modelled-fallback
1.4.0,inner-mongolia-solar,0.34463013698630135,1.8107498362211194,T3-modelled,modelled-fallback
1.4.0,inner-mongolia-wind,0.792986301369863,1.3329950884106185,T3-modelled,modelled-fallback
1.4.0,ipco-solar,0.005338499999999998,0.015907586206896553,T2-annual-calibrated,verified
1.4.0,ipco-wind,0.002678250000000002,0.004871499999999999,T2-annual-calibrated,verified
1.4.0,iran,0.024657534246575342,0.12955519934804094,T3-modelled,modelled-fallback
1.4.0,iraq-mainland,0.00821917808219178,0.043185066449346984,T3-modelled,modelled-fallback
1.4.0,ireland-republic-solar,0.005949993927600003,0.003116167304999998,T1a-live-tso,verified
1.4.0,ireland-republic-wind,0.1983331309200001,0.10387224349999993,T1a-live-tso,verified
1.4.0,iso-ne-rest-solar,0.003601360000000001,0.014119310344827584,T1a-live-tso,verified
1.4.0,iso-ne-rest-solar,0.003601360000000001,0.014119310344827584,T1a-live-tso,verified
1.4.0,iso-ne-rest-wind,0.01382166,0.023002758620689654,T1a-live-tso,verified
1.4.0,iso-ne-rest-wind,0.01382166,0.023002758620689654,T1a-live-tso,verified
1.4.0,israel,0.012328767123287671,0.06477759967402047,T3-modelled,modelled-fallback
1.4.0,italy-calabria-solar,0.0007751640000000001,0.003095214285714285,T1b-live-domestic-anchored,verified
1.4.0,italy-calabria-wind,0.005082577500000011,0.008293333333333337,T1b-live-domestic-anchored,verified
1.4.0,italy-cnord-solar,0.0025096719999999984,0.00961346666666667,T1b-live-domestic-anchored,verified
1.4.0,italy-cnord-wind,0.000052506000000000354,0.00011106796116504848,T1b-live-domestic-anchored,verified
1.4.0,italy-csud-solar,0.024072018750000004,0.08764854166666672,T1b-live-domestic-anchored,verified
1.4.0,italy-csud-wind,0.0019357800000000009,0.0035596034482758628,T1b-live-domestic-anchored,verified
1.4.0,italy-north-zone-solar,0.009478387499999972,0.0369225,T1b-live-domestic-anchored,verified
1.4.0,italy-north-zone-wind,0.000057910499999999845,0.0001250602409638554,T1b-live-domestic-anchored,verified
1.4.0,italy-sardinia-solar,0.012512492749999998,0.043891761061946914,T1b-live-domestic-anchored,verified
1.4.0,italy-sardinia-wind,0.0015953000000000015,0.004556896551724137,T1b-live-domestic-anchored,verified
1.4.0,italy-sicily-solar,0.021765350000000013,0.08013066666666667,T1b-live-domestic-anchored,verified
1.4.0,italy-sicily-wind,0.007033197500000009,0.016301025641025646,T1b-live-domestic-anchored,verified
1.4.0,italy-sud-solar,0.019868684999999973,0.0759806722689075,T1b-live-domestic-anchored,verified
1.4.0,italy-sud-wind,0.010626440999999978,0.018385000000000002,T1b-live-domestic-anchored,verified
1.4.0,japan-chubu,0,0,T1a-live-tso,verified
1.4.0,japan-chugoku,0.0409865,0.28276666666666667,T1a-live-tso,verified
1.4.0,japan-hokkaido-solar,0.017719,0.06725581395348837,T1a-live-tso,verified
1.4.0,japan-hokkaido-wind,0.0034525,0.01696511627906977,T1a-live-tso,verified
1.4.0,japan-hokuriku,0.0048745,0.014666666666666666,T1a-live-tso,verified
1.4.0,japan-kansai,0.0434245,0.2772833333333334,T1a-live-tso,verified
1.4.0,japan-kyushu,0.431117,2.1391166666666668,T1a-live-tso,verified
1.4.0,japan-okinawa,0,0,T1a-live-tso,verified
1.4.0,japan-shikoku,0.027319,0.19238333333333332,T1a-live-tso,verified
1.4.0,japan-tepco,0.090056,0.5334,T1a-live-tso,verified
1.4.0,japan-tohoku-solar,0.096915,0.56935,T1a-live-tso,verified
1.4.0,japan-tohoku-wind,0.0135035,0.0636,T1a-live-tso,verified
1.4.0,jeju,0.00410958904109589,0.006908142041928992,T3-modelled,modelled-fallback
1.4.0,jordan,0.028767123287671233,0.06613100120133691,T3-modelled,modelled-fallback
1.4.0,kazakhstan,0.03287671232876712,0.05526513633543194,T3-modelled,modelled-fallback
1.4.0,kenya,0.032991780821917824,0.3398340316222026,T3-modelled,modelled-fallback
1.4.0,kurdistan,0.00410958904109589,0.021592533224673492,T3-modelled,modelled-fallback
1.4.0,luxembourg-solar,0.001385643715000002,0.005385919166666666,T1a-live-tso,verified
1.4.0,luxembourg-wind,0.0006698436000000007,0.0011198428333333331,T1a-live-tso,verified
1.4.0,malaysia,0.012328767123287671,0.06477759967402047,T3-modelled,modelled-fallback
1.4.0,manitoba,0.01643835616438356,0.025711960991953782,T3-modelled,modelled-fallback
1.4.0,mexico-solar,0.8,0.091324200913242,T3-modelled,modelled-fallback
1.4.0,mexico-wind,0.4,0.045662100456621,T3-modelled,modelled-fallback
1.4.0,miso-solar,0.16023212000000006,0.557111724137931,T1a-live-tso,verified
1.4.0,miso-wind,0.7162180000000008,1.1158813793103448,T1a-live-tso,verified
1.4.0,moldova-solar,0.00005161999999999999,0.0017733333333333334,T1a-live-tso,verified
1.4.0,moldova-wind,0.00003806999999999999,0.000855,T1a-live-tso,verified
1.4.0,mongolia,0.012328767123287671,0.020724426125786975,T3-modelled,modelled-fallback
1.4.0,montenegro,0,0,T1a-live-tso,verified
1.4.0,morocco,0.03287671232876712,0.05526513633543194,T3-modelled,modelled-fallback
1.4.0,namibia,0.00410958904109589,0.021592533224673492,T3-modelled,modelled-fallback
1.4.0,netherlands-solar,0.0020041169624999897,0.0065776503879310345,T1b-live-domestic-anchored,verified
1.4.0,netherlands-wind,0.06563213989875008,0.10862065401724133,T1b-live-domestic-anchored,verified
1.4.0,new-zealand-geo,0.021598059080000037,0.014983152420815514,T1a-live-tso,verified
1.4.0,new-zealand-hydro,0,0,T1a-live-tso,verified
1.4.0,new-zealand-solar,0.00043481685000000027,0.0003016441021184979,T1a-live-tso,verified
1.4.0,new-zealand-wind,0.00721014492899999,0.0050018707721479596,T1a-live-tso,verified
1.4.0,ningxia-solar,0.19183561643835614,1.0240294436456148,T3-modelled,modelled-fallback
1.4.0,ningxia-wind,0.06246575342465754,0.10500375903732069,T3-modelled,modelled-fallback
1.4.0,north-macedonia-wind,0.0002820125999999996,0.0006995875,T1a-live-tso,verified
1.4.0,north-sea-solar,0.484942372011001,1.129036359214286,T1a-live-tso,verified
1.4.0,north-sea-wind,0.7831730206770011,0.6204765043928573,T1a-live-tso,verified
1.4.0,northern-ireland-solar,0.0043086162924,0.002256534944999999,T1a-live-tso,verified
1.4.0,northern-ireland-wind,0.14362054308000002,0.07521783149999997,T1a-live-tso,verified
1.4.0,norway-no1-hydro,0.0040744288434750075,0.007546603641874996,T1a-live-tso,verified
1.4.0,norway-no1-wind,0.0013893742406662533,0.002653642114374999,T1a-live-tso,verified
1.4.0,norway-no2-hydro,0.23955360591900066,0.5011585233573334,T1a-live-tso,verified
1.4.0,norway-no2-wind,0.019701358555179998,0.031482383198666676,T1a-live-tso,verified
1.4.0,norway-no3-hydro,0.036917828474210004,0.057093096341,T1a-live-tso,verified
1.4.0,norway-no3-wind,0.022207202070859987,0.03335396231566665,T1a-live-tso,verified
1.4.0,norway-no4-hydro,0.07857633731509495,0.12281999168849998,T1a-live-tso,verified
1.4.0,norway-no4-wind,0.016162245034560024,0.02388709864699999,T1a-live-tso,verified
1.4.0,nt-pilbara,0.01643835616438356,0.08637013289869397,T3-modelled,modelled-fallback
1.4.0,nyiso-rest-solar,0,0,T1a-live-tso,verified
1.4.0,nyiso-rest-solar,0,0,T1a-live-tso,verified
1.4.0,nyiso-rest-wind,0.016121460000000018,0.027651724137931034,T1a-live-tso,verified
1.4.0,nyiso-rest-wind,0.016121460000000018,0.027651724137931034,T1a-live-tso,verified
1.4.0,oman,0.00821917808219178,0.043185066449346984,T3-modelled,modelled-fallback
1.4.0,ontario-solar,0.001288819999999999,0.005223333333333332,T1a-live-tso,verified
1.4.0,ontario-wind,0.048052959999999985,0.073152,T1a-live-tso,verified
1.4.0,pace-solar,0.015013335000000003,0.047463620689655164,T2-annual-calibrated,verified
1.4.0,pace-wind,0.027294000000000006,0.0485275,T2-annual-calibrated,verified
1.4.0,pacw-solar,0.001882964999999999,0.005794,T2-annual-calibrated,verified
1.4.0,pacw-wind,0.0038756600000000013,0.006395172413793103,T2-annual-calibrated,verified
1.4.0,pakistan-solar,0.011013698630136988,0.057867989042124965,T3-modelled,modelled-fallback
1.4.0,pakistan-wind,0.0991232876712329,0.16662438605132732,T3-modelled,modelled-fallback
1.4.0,paraguay,0.7364383561643837,1.022831050228311,T3-modelled,modelled-fallback
1.4.0,peru-hydro,0.05391416684190001,0.08245423716666665,T1a-live-tso,verified
1.4.0,peru-solar,0.004537582200000006,0.024221872153002273,T1b-live-domestic-anchored,verified
1.4.0,peru-wind,0.005287461799999993,0.011250689999999997,T1a-live-tso,verified
1.4.0,pjm-solar,0.07302549999999991,0.26116465517241383,T1a-live-tso,verified
1.4.0,pjm-wind,0.059930260000000006,0.09486620689655173,T1a-live-tso,verified
1.4.0,poland-solar,0.02966727696749998,0.10259215116666666,T1a-live-tso,verified
1.4.0,poland-wind,0.026093274294999982,0.0443239425,T1a-live-tso,verified
1.4.0,portugal-solar,0.07913107999999998,0.2789206666666667,T1a-live-tso,verified
1.4.0,portugal-wind,0.027302894999999976,0.046569,T1a-live-tso,verified
1.4.0,psco-solar,0.009079660000000002,0.030574666666666667,T2-annual-calibrated,verified
1.4.0,psco-wind,0.050198969999999905,0.09074199999999999,T2-annual-calibrated,verified
1.4.0,quebec,0.03254794520547947,0.04520547945205482,T3-modelled,modelled-fallback
1.4.0,romania-solar,0.007413465000000002,0.026745999999999992,T1a-live-tso,verified
1.4.0,romania-wind,0.00931925999999999,0.014930508474576264,T1a-live-tso,verified
1.4.0,russia-mainland,0.08876712328767124,0.12328767123287672,T3-modelled,modelled-fallback
1.4.0,saskatchewan,0.012328767123287671,0.020724426125786975,T3-modelled,modelled-fallback
1.4.0,saudi-solar,0.024657534246575342,0.12955519934804094,T3-modelled,modelled-fallback
1.4.0,serbia-wind,0.003223356209999998,0.0056534160000000005,T1a-live-tso,verified
1.4.0,slovakia-solar,0.0019299612499999977,0.007515336134453786,T1a-live-tso,verified
1.4.0,slovakia-wind,0.0000029439999999999675,0.000011413333333333342,T1a-live-tso,verified
1.4.0,slovenia-solar,0.004523434299619989,0.0170577356122807,T1a-live-tso,verified
1.4.0,slovenia-wind,0.000008287149895000004,0.00001945558356435643,T1a-live-tso,verified
1.4.0,soco-solar,0.007612030000000004,0.036399545454545455,T2-annual-calibrated,verified
1.4.0,soco-wind,0,0,T2-annual-calibrated,verified
1.4.0,south-africa-solar,0.05021859276000001,0.19960885999999997,T1a-live-tso,verified
1.4.0,south-africa-wind,0.1124482099200001,0.18705197199999996,T1a-live-tso,verified
1.4.0,south-korea-solar,0.09945205479452054,0.5225393040370986,T3-modelled,modelled-fallback
1.4.0,south-korea-wind,0.012246575342465753,0.0205862632849484,T3-modelled,modelled-fallback
1.4.0,spain-solar,0.3988354149999997,1.1692395000000002,T1a-live-tso,verified
1.4.0,spain-wind,0.3407750500000012,0.732926333333333,T1a-live-tso,verified
1.4.0,spp-solar,0.011608409999999993,0.04240928571428571,T1a-live-tso,verified
1.4.0,spp-wind,0.40262599999999954,0.6608114285714286,T1a-live-tso,verified
1.4.0,srp-solar,0.006958755000000003,0.019191499999999997,T2-annual-calibrated,verified
1.4.0,srp-wind,0.0003738850000000003,0.0007321666666666668,T2-annual-calibrated,verified
1.4.0,sweden-north,0.0070062461600000035,0.011716270249999999,T1a-live-tso,verified
1.4.0,sweden-south-solar,0.009846298524999991,0.03740345466666668,T1a-live-tso,verified
1.4.0,sweden-south-wind,0.006356784955000015,0.010628529333333338,T1a-live-tso,verified
1.4.0,switzerland,0.013822410998370002,0.05235714806350001,T1c-live-neighbour-anchored,verified
1.4.0,taiwan,0.04931506849315068,0.12308362850187785,T3-modelled,official-lead
1.4.0,tepc-solar,0.002788934999999998,0.00895396551724138,T2-annual-calibrated,verified
1.4.0,tepc-wind,0.00046332000000000025,0.0009883333333333335,T2-annual-calibrated,verified
1.4.0,thailand,0.024657534246575342,0.13162332180534894,T3-modelled,modelled-fallback
1.4.0,turkey-solar,2.4000000000000005e-10,8e-8,T1a-live-tso,verified
1.4.0,turkey-wind,0.00009176800000000002,0.03530928,T1a-live-tso,verified
1.4.0,uae,0.024657534246575342,0.12955519934804094,T3-modelled,modelled-fallback
1.4.0,ukraine,0.09863013698630137,0.5182207973921638,T3-modelled,modelled-fallback
1.4.0,uruguay,0,0,T1a-live-tso,verified
1.4.0,vietnam,0.3287671232876712,1.7274026579738793,T3-modelled,modelled-fallback
1.4.0,wa-swis-solar,0.0031903185983763052,0.011744747677882503,T1a-live-tso,verified
1.4.0,wa-swis-wind,0.019932151569934,0.03493723771022255,T1a-live-tso,verified
