country,subdivision,operator_name,operator_url,region_id_in_project,current_tier,phenomenon,coverage_status,data_format,probe_result,available_anchor,annual_anchor_TWh,recommended_action,recommended_tier_landing,loader_pattern_hint,priority_score,notes
USA,Texas Permian Basin,Permian flare (operators / Texas RRC),https://www.rrc.texas.gov/,permian,T2-flare,flare-associated-gas,published,JSON-API,known-public-API,World Bank GGFR 2024 VIIRS flaring tracker,82.0,leave-existing-T1+,not-applicable,Pattern-A,8.2000,Largest US flare zone; baseload by definition.
Nigeria,,Transmission Company of Nigeria (TCN),https://www.tcn.org.ng/,,not-modelled,both,documented-gap,parseable-HTML-table,homepage-200,Ember Nigeria 2024 + GGFR Nigeria flaring,7.0,introduce-as-T3,T3,not-applicable,4.9000,TCN as TSO; chronic frequency-instability load-shedding; major Niger Delta gas flaring (~7 TWh-eq/yr per GGFR); no live dispatch feed.
JPN,Tohoku area,Tohoku Electric Power Network,https://setsuden.nw.tohoku-epco.co.jp/,,not-modelled,curtailment-renewable,published,CSV-download,known-juyo-pattern,Tohoku juyo-hourly CSV 2024,1.0,introduce-as-T1,T1a,Pattern-A,0.9000,Highest non-Kyushu wind+solar curtailment area; juyo CSV available; high-priority addition
GBR,Scotland,National Energy System Operator (NESO) / Elexon BMRS,https://www.neso.energy/data-portal/monthly-operational-metered-wind-output,gb-scotland,T1a,curtailment-renewable,published,JSON-API,not-probed,Elexon BMRS 2024 GB constraint payments ~11 TWh/yr (NESO Markets Roadmap 2024); Scotland share ~70%,7.7,leave-existing-T1+,not-applicable,not-applicable,0.7700,Cross-ref: covered in europe-entsoe Task 7 dispatch as canonical home; UK is non-EU/non-ENTSO-E observer post-Brexit but retains GB BMRS.
GBR / GB (Scotland),,National Grid ESO (NESO),https://www.neso.energy/data-portal,gb-scotland,T1a,curtailment-renewable,published,JSON-API,operator-direct / Elexon BMRS,NESO Markets Roadmap 2024 (~11 TWh/yr constraint actions; Scotland-dominant),7.7,leave-existing-T1+,not-applicable,not-applicable,0.7700,Post-Brexit ESO/NESO no longer ENTSO-E member; loader uses Elexon BMRS wind+solar (Scotland 70% share).
USA,Texas (West),ERCOT,https://www.ercot.com/,ercot-west,T1a,curtailment-renewable,published,JSON-API,known-public-API,"ERCOT 2024 State of the Market (Potomac Economics, 2025)",5.8,leave-existing-T1+,not-applicable,Pattern-A,0.5800,EIA fuel-type API used as live feed; West/East 66/34 split per existing modelling.
USA,Midwest,MISO,https://www.misoenergy.org/,miso,T1a,curtailment-renewable,published,JSON-API,known-public-API,"MISO 2024 State of the Market (Potomac Economics, 2025)",5.5,leave-existing-T1+,not-applicable,Pattern-A,0.5500,EIA fuel-type API serves the live feed.
South Africa,,Eskom Holdings SOC Ltd,https://www.eskom.co.za/,south-africa,T1b,curtailment-renewable,published,JSON-API,already-loaded,Eskom Data Portal hourly + MTSAO 2024,5.0,leave-existing-T1+,not-applicable,not-applicable,0.5000,Existing T1 live region; Eskom Data Portal renewables hourly + MTSAO curtailment rate; no change.
JPN,Tokyo area,Tokyo Electric Power Company (TEPCO Power Grid),https://www.tepco.co.jp/forecast/,,not-modelled,curtailment-renewable,published,CSV-download,homepage-200-csv-data-section-confirmed,TEPCO area supply-demand CSV (juyo data) 2024,0.5,introduce-as-T1,T1a,Pattern-A,0.4500,Confirmed CSV download section; juyo-hourly CSV pattern; small solar curtailment; loader mirror Kyushu pattern
COL / Colombia,,XM (Compania de Expertos en Mercados),https://www.xm.com.co/,,not-modelled,curtailment-renewable,published,JSON-API,403 on direct probe,XM Synergox PISYS 2024 (wind+solar restrictions ~0.4 TWh),0.4,introduce-as-T1,T1a,Pattern-A,0.4000,XM publishes hourly via Synergox API + sinergox.xm.com.co JSON. La Guajira wind curtailment growing; PISYS releases monthly bulletin.
USA,California,CAISO,https://www.caiso.com/,caiso,T1a,curtailment-renewable,published,JSON-API,known-public-API,CAISO Daily Curtailment Reports + Ascend Analytics 2024,3.9,leave-existing-T1+,not-applicable,Pattern-A,0.3900,OASIS API + EIA fuel-type both available; solar-dominant curtailment.
BRA / Brazil,,ONS (Operador Nacional do Sistema Eletrico),https://www.ons.org.br/,brazil-rn,T1a,curtailment-renewable,published,CSV-download,200 / text/html,ONS Boletim de Operacao 2024 (constrained-off CSVs by submarket),9.5,leave-existing-T1+,T1a,Pattern-A,0.3800,Already T1a-live for 12 NE/SE state clusters via ONS constrained-off feed. Brazil-rn cited; other states (brazil-ce/bahia/piaui/pe/mg/sp/mt/go/pr/rs/other) all share this loader.
JPN,Hokkaido area,Hokkaido Electric Power Network,https://denkiyoho.hepco.co.jp/,,not-modelled,curtailment-renewable,published,CSV-download,known-juyo-pattern,Hokkaido juyo-hourly CSV 2024,0.4,introduce-as-T1,T1a,Pattern-A,0.3600,Wind-rich isolated island grid; frequent curtailment; juyo CSV pattern
JPN,Shikoku area,Shikoku Electric Power Transmission and Distribution,https://www.yonden.co.jp/nw/denkiyoho/,,not-modelled,curtailment-renewable,published,CSV-download,known-juyo-pattern,Shikoku juyo-hourly CSV 2024,0.4,introduce-as-T1,T1a,Pattern-A,0.3600,Solar-heavy island; high curtailment ratio; juyo CSV pattern
DOM / Dominican Republic,,OC (Organismo Coordinador del SENI),https://www.oc.org.do/,,not-modelled,curtailment-renewable,unknown,parseable-HTML-table,200 / text/html,"IRENA Dominican Republic 2024 + OC Reportes (1.0 TWh solar+wind, no explicit curtailment anchor)",0.5,introduce-as-T3,T3,not-applicable,0.3500,OC publishes daily/monthly Reportes de Operacion (Informes section). Wind+solar ~10% of generation 2024; some curtailment reported in PDF reports.
Tanzania,,Tanzania Electric Supply Company (TANESCO),https://www.tanesco.co.tz/,,not-modelled,curtailment-renewable,documented-gap,parseable-HTML-table,homepage-200,IRENA Tanzania 2024 + Julius Nyerere HPP commissioning,0.5,introduce-as-T3,T3,not-applicable,0.3500,Vertically integrated; JNHPP 2.1GW commissioning 2024-25; gas+hydro; no dispatch portal.
Zambia,,ZESCO Limited,https://www.zesco.co.zm/,,not-modelled,curtailment-renewable,documented-gap,parseable-HTML-table,homepage-200,Ember Zambia 2024 + Kariba drought,0.5,introduce-as-T3,T3,not-applicable,0.3500,Hydro-dependent (Kariba+Kafue); SAPP member; severe 2024-25 drought load-shedding; no dispatch portal.
GBR,England+Wales,National Energy System Operator (NESO) / Elexon BMRS,https://www.elexon.co.uk/data/,gb-england-wales,T1a,curtailment-renewable,published,JSON-API,not-probed,Elexon BMRS 2024 GB constraint payments ~11 TWh/yr (NESO Markets Roadmap 2024); E+W share ~30%,3.3,leave-existing-T1+,not-applicable,not-applicable,0.3300,Cross-ref: covered in europe-entsoe Task 7 dispatch as canonical home.
GBR / GB (England+Wales),,National Grid ESO (NESO),https://www.elexon.co.uk/data/,gb-england-wales,T1a,curtailment-renewable,published,JSON-API,operator-direct / Elexon BMRS,NESO Markets Roadmap 2024 (England+Wales ~30% share),3.3,leave-existing-T1+,not-applicable,not-applicable,0.3300,Post-Brexit ESO/NESO no longer ENTSO-E member; loader uses Elexon BMRS wind+solar England+Wales share.
USA,Texas (East/Central),ERCOT,https://www.ercot.com/,ercot-east,T1a,curtailment-renewable,published,JSON-API,known-public-API,"ERCOT 2024 State of the Market (Potomac Economics, 2025)",3.0,leave-existing-T1+,not-applicable,Pattern-A,0.3000,Sister bidding zone to ercot-west; same calibration source.
USA,Central plains,SPP,https://www.spp.org/,spp,T1a,curtailment-renewable,published,JSON-API,known-public-API,SPP 2024 State of the Market,3.0,leave-existing-T1+,not-applicable,Pattern-A,0.3000,Wind-dominant; EIA fuel-type API.
CHN,Shandong,State Grid Shandong Electric Power,http://www.sd.sgcc.com.cn/,,not-modelled,curtailment-renewable,documented-gap,PDF-only,probe-not-attempted-known-walled,NEA 2024 provincial RE curtailment bulletin,3.0,introduce-as-T3,T3,not-applicable,0.3000,Largest distributed-PV province; rising curtailment 2024; SPA portal; NEA bulletin only
GTM / Guatemala,,AMM (Administrador del Mercado Mayorista),https://www.amm.org.gt/,,not-modelled,none-expected,unknown,parseable-HTML-table,200 / text/html (WordPress),IRENA Renewable Energy Statistics 2024 (Guatemala VRE share),0.4,introduce-as-T3,T3,not-applicable,0.2800,AMM publishes Plan Operativo + Resultados de la Operacion via WordPress portal; data is mostly PDF/HTML reports.
Tunisia,,Societe Tunisienne de l'Electricite et du Gaz (STEG),https://www.steg.com.tn/,,not-modelled,curtailment-renewable,documented-gap,parseable-HTML-table,homepage-200,IRENA Tunisia 2024 + STEG Annual Report,0.4,introduce-as-T3,T3,not-applicable,0.2800,Gas-dominated; growing wind (Bizerte) + PV; ELMED HVDC to Italy planned; STEG publishes annual reports only.
JPN,Chubu area,Chubu Electric Power Grid,https://powergrid.chuden.co.jp/denkiyoho/,,not-modelled,curtailment-renewable,published,CSV-download,known-juyo-pattern,Chubu juyo-hourly CSV 2024,0.3,introduce-as-T1,T1a,Pattern-A,0.2700,Standard juyo CSV pattern; modest solar curtailment; mirror Kyushu loader
JPN,Kansai area,Kansai Transmission and Distribution,https://www.kansai-td.co.jp/denkiyoho/,,not-modelled,curtailment-renewable,published,CSV-download,known-juyo-pattern,Kansai juyo-hourly CSV 2024,0.3,introduce-as-T1,T1a,Pattern-A,0.2700,Standard juyo CSV pattern; solar curtailment growing; loader mirror Kyushu
JPN,Chugoku area,Chugoku Electric Power Transmission and Distribution,https://www.energia.co.jp/nw/jukyuu/,,not-modelled,curtailment-renewable,published,CSV-download,known-juyo-pattern,Chugoku juyo-hourly CSV 2024,0.3,introduce-as-T1,T1a,Pattern-A,0.2700,Western Honshu; juyo CSV; rising solar curtailment
IND / India,National,Grid-India (POSOCO) / NLDC,https://posoco.in/,,T2,curtailment-renewable,published,PDF-only,timeout,POSOCO RE Curtailments 2023 PDF (posoco.in/en/re-curtailments/),2.5,introduce-as-T3,T3,not-applicable,0.2500,Annual RE-curtailment reports + monthly daily-reports per RLDC; aggregate TWh is the parent of the 5 RLDC rows below
CRI / Costa Rica,,ICE / CENCE (Centro Nacional de Control de Energia),https://www.grupoice.com/,,not-modelled,none-expected,documented-gap,parseable-HTML-table,200 / text/html (WebSphere Portal),IRENA Costa Rica 2024 (98% renewable; hydro spill not published),0.3,introduce-as-T3,T3,not-applicable,0.2100,CENCE inside ICE; portal is server-rendered IBM WebSphere. Hydro spill documented but not anchored. Different from Mexico CENACE.
Mozambique,,Electricidade de Mocambique (EDM),https://www.edm.co.mz/,,not-modelled,curtailment-renewable,documented-gap,parseable-HTML-table,homepage-200,IRENA Mozambique 2024,0.3,introduce-as-T3,T3,not-applicable,0.2100,Cahora Bassa HCB hydro exports to Eskom via SAPP; growing solar; no operator dispatch portal.
Senegal,,Societe Nationale d'Electricite du Senegal (SENELEC),https://www.senelec.sn/,,not-modelled,curtailment-renewable,documented-gap,parseable-HTML-table,homepage-200,IRENA Senegal 2024,0.3,introduce-as-T3,T3,not-applicable,0.2100,Significant wind (Taiba N'Diaye 158MW) + PV; OMVS/OMVG member; CRSE regulator; no operator dispatch portal.
TTO / Trinidad and Tobago,,T&TEC (Trinidad & Tobago Electricity Commission),https://ttec.co.tt/,,not-modelled,flare-associated-gas,documented-gap,parseable-HTML-table,unprobed,GGFR 2024 (Trinidad offshore flares ~1 BCM),0.3,introduce-as-T3,T3,not-applicable,0.2100,"Power side has minimal VRE. Flare phenomenon belongs to upstream oil/gas, not T&TEC. Could be tracked separately under GGFR."
Zimbabwe,,Zimbabwe Electricity Transmission and Distribution Company (ZETDC) / Zimbabwe Power Company (ZPC),https://www.zetdc.co.zw/,,not-modelled,curtailment-renewable,documented-gap,parseable-HTML-table,homepage-200,Ember Zimbabwe 2024 + Kariba South,0.3,introduce-as-T3,T3,not-applicable,0.2100,ZPC generation ZETDC T+D; Kariba South hydro+coal; SAPP member; no dispatch portal.
CHN,Hebei,State Grid Hebei Electric Power,http://www.he.sgcc.com.cn/,,not-modelled,curtailment-renewable,documented-gap,PDF-only,probe-not-attempted-known-walled,NEA 2024 provincial RE curtailment bulletin,2.0,introduce-as-T3,T3,not-applicable,0.2000,Large wind/solar capacity around Beijing; aggregated in SGCC N Branch; portal not public-data
Congo DRC,,Societe Nationale d'Electricite (SNEL),https://www.snel.cd/,,not-modelled,curtailment-renewable,documented-gap,JS-rendered-SPA,homepage-200,IRENA DRC 2024,0.5,introduce-as-T3,T3,not-applicable,0.2000,Inga hydro complex ~2.5GW; SAPP member; no published dispatch curtailment data.
Algeria,,Societe Algerienne de Gestion du Reseau de Transport de l'Electricite (SONELGAZ/OS),https://www.grte.dz/,,not-modelled,curtailment-renewable,unknown,JS-rendered-SPA,homepage-200,IRENA Country Statistics 2024,0.4,introduce-as-T3,T3,not-applicable,0.1600,Operateur Systeme; small wind+PV (~1.5GW); no public dispatch data. SPA homepage.
CHN,Shanxi,State Grid Shanxi Electric Power,http://www.sx.sgcc.com.cn/,,not-modelled,curtailment-renewable,documented-gap,PDF-only,probe-not-attempted-known-walled,NEA 2024 provincial RE curtailment bulletin,1.5,introduce-as-T3,T3,not-applicable,0.1500,Coal+wind province; SGCC N Branch; NEA bulletin only data
CHN,Heilongjiang,State Grid Heilongjiang Electric Power,http://www.hlj.sgcc.com.cn/,,not-modelled,curtailment-renewable,documented-gap,PDF-only,probe-not-attempted-known-walled,NEA 2024 provincial RE curtailment bulletin,1.5,introduce-as-T3,T3,not-applicable,0.1500,SGCC NE Branch; cold-region wind curtailment; no public hourly
CHN,Guangdong,Guangdong Power Grid (China Southern Grid),http://www.gd.csg.cn/,,not-modelled,curtailment-renewable,documented-gap,PDF-only,probe-not-attempted-known-walled,NEA 2024 provincial RE curtailment bulletin,1.5,introduce-as-T3,T3,not-applicable,0.1500,CSG largest market; offshore wind + Pearl River solar; CSG transparency PDFs only
CHN,Shaanxi,State Grid Shaanxi Electric Power,http://www.sn.sgcc.com.cn/,,not-modelled,curtailment-renewable,documented-gap,PDF-only,probe-not-attempted-known-walled,NEA 2024 provincial RE curtailment bulletin,1.5,introduce-as-T3,T3,not-applicable,0.1500,NW Branch fringe; wind+solar growing; NEA bulletin only
GUY / Guyana,,GPL (Guyana Power & Light),https://www.gplinc.com/,,not-modelled,flare-associated-gas,documented-gap,parseable-HTML-table,unprobed,GGFR 2024 (Stabroek block flaring offshore),0.2,introduce-as-T3,T3,not-applicable,0.1400,Power utility small (~200 MW). Phenomenon is offshore Stabroek flares (Liza FPSO) - upstream not on grid; track separately under GGFR.
Ghana,,Ghana Grid Company (GRIDCo),https://www.gridcogh.com/,,not-modelled,curtailment-renewable,documented-gap,parseable-HTML-table,homepage-200,Ember Ghana 2024,0.2,introduce-as-T3,T3,not-applicable,0.1400,GRIDCo TSO + ECG/NEDCo distributors; significant hydro (Akosombo) + emerging PV; publishes annual reports but no live curtailment.
JAM / Jamaica,,JPS (Jamaica Public Service Company),https://www.jpsco.com/,,not-modelled,none-expected,documented-gap,parseable-HTML-table,200 / text/html,Office of Utilities Regulation Jamaica Annual Report 2024,0.2,introduce-as-T3,T3,not-applicable,0.1400,Vertically integrated utility; OUR Jamaica regulator publishes annual energy mix. Wigton wind farm + Content solar.
Uganda,,Uganda Electricity Transmission Company Ltd (UETCL),https://www.uetcl.com/,,not-modelled,curtailment-renewable,documented-gap,parseable-HTML-table,homepage-200,ERA Annual Performance 2024,0.2,introduce-as-T3,T3,not-applicable,0.1400,UETCL TSO + UEDCL distribution + ERA regulator; Karuma+Isimba hydro; no live dispatch feed.
MEX / Mexico,,CENACE (Centro Nacional de Control de Energia),https://www.cenace.gob.mx/,mexico,T3,curtailment-renewable,published,CSV-download,200 / text/html,CENACE Informe Anual MEM 2024 (operations XLSX/CSV exports per balancing area),3.0,promote-to-T1,T1a,Pattern-A,0.1200,Solar curtailment in Sonora/Baja Sur reported in CENACE PML and dispatch reports; static fallback already at 3 TWh.
CHN,Guizhou,Guizhou Power Grid (China Southern Grid),http://www.gz.csg.cn/,,T2,curtailment-renewable,documented-gap,PDF-only,probe-not-attempted-known-walled,NEA 2024 provincial RE curtailment bulletin,1.0,introduce-as-T3,T3,not-applicable,0.1000,CSG jurisdiction; not currently modelled; modest wind/solar share; would need NEA bulletin extraction
CHN,Liaoning,State Grid Liaoning Electric Power,http://www.ln.sgcc.com.cn/,,not-modelled,curtailment-renewable,documented-gap,PDF-only,probe-not-attempted-known-walled,NEA 2024 provincial RE curtailment bulletin,1.0,introduce-as-T3,T3,not-applicable,0.1000,SGCC NE Branch; significant wind; portal walled
CHN,Jilin,State Grid Jilin Electric Power,http://www.jl.sgcc.com.cn/,,not-modelled,curtailment-renewable,documented-gap,PDF-only,probe-not-attempted-known-walled,NEA 2024 provincial RE curtailment bulletin,1.0,introduce-as-T3,T3,not-applicable,0.1000,SGCC NE Branch; wind-rich; NEA reports >5% historical
CHN,Jiangsu,State Grid Jiangsu Electric Power,http://www.js.sgcc.com.cn/,,not-modelled,curtailment-renewable,documented-gap,PDF-only,probe-not-attempted-known-walled,NEA 2024 provincial RE curtailment bulletin,1.0,introduce-as-T3,T3,not-applicable,0.1000,Coastal wind + solar; SGCC E Branch; portal not public-data
CHN,Henan,State Grid Henan Electric Power,http://www.ha.sgcc.com.cn/,,not-modelled,curtailment-renewable,documented-gap,PDF-only,probe-not-attempted-known-walled,NEA 2024 provincial RE curtailment bulletin,1.0,introduce-as-T3,T3,not-applicable,0.1000,Central CN; rising distributed PV; SGCC C Branch
JPN,Hokuriku area,Hokuriku Electric Power Transmission and Distribution,http://www.rikuden.co.jp/denki-yoho/,,not-modelled,curtailment-renewable,published,CSV-download,known-juyo-pattern,Hokuriku juyo-hourly CSV 2024,0.1,introduce-as-T1,T1a,Pattern-A,0.0900,Smaller area; juyo CSV pattern; modest curtailment
Angola,,Rede Nacional de Transporte de Electricidade (RNT),https://www.rnt.co.ao/,,not-modelled,curtailment-renewable,documented-gap,JS-rendered-SPA,homepage-200,IRENA Angola 2024,0.2,introduce-as-T3,T3,not-applicable,0.0800,RNT (transmission) and ENDE (distribution) split since 2016; nascent solar; no operator-published curtailment.
Burkina Faso,,Societe Nationale d'Electricite du Burkina (SONABEL),https://www.sonabel.bf/,,not-modelled,curtailment-renewable,documented-gap,parseable-HTML-table,homepage-200,IRENA Burkina Faso 2024,0.1,introduce-as-T3,T3,not-applicable,0.0700,Zagtouli + Nagreongo PV ~70MW; SONABEL publishes annual reports only.
CUB / Cuba,,UNE (Union Electrica de Cuba),https://www.une.cu/,,not-modelled,none-expected,documented-gap,parseable-HTML-table,unprobed,Ember Cuba Electricity Review 2024 (limited data),0.1,introduce-as-T3,T3,not-applicable,0.0700,State utility; minimal VRE; chronic supply shortage. No public dispatch data. Ember has aggregated annual estimate.
Cameroon,,Energy of Cameroon (ENEO) / SONATREL,https://eneo.cm/,,not-modelled,curtailment-renewable,documented-gap,parseable-HTML-table,homepage-200,IRENA Cameroon 2024,0.1,introduce-as-T3,T3,not-applicable,0.0700,SONATREL=transmission since 2018; ENEO=distribution; mostly hydro; no dispatch portal.
Cote d'Ivoire,,Compagnie Ivoirienne d'Electricite (CIE),https://www.cie.ci/,,not-modelled,curtailment-renewable,documented-gap,parseable-HTML-table,homepage-200,IRENA Cote d'Ivoire 2024,0.1,introduce-as-T3,T3,not-applicable,0.0700,Major WAPP exporter; thermal+hydro; growing PV; no operator-direct curtailment series.
GTM / Guatemala,SIEPAC,EOR (Ente Operador Regional),https://www.enteoperador.org/,,not-modelled,none-expected,documented-gap,parseable-HTML-table,unprobed,IRENA Central America Interconnect 2024,0.1,introduce-as-T3,T3,not-applicable,0.0700,Central American Interconnect coordinator (SIEPAC). Publishes monthly Informe de Operacion Regional as PDF.
Mauritania,,Societe Mauritanienne d'Electricite (SOMELEC),https://somelec.mr/,,not-modelled,curtailment-renewable,documented-gap,parseable-HTML-table,homepage-200,IRENA Mauritania 2024,0.1,introduce-as-T3,T3,not-applicable,0.0700,Boulenouar wind 100MW + Sheikh Zayed PV; OMVS member; no dispatch portal.
NIC / Nicaragua,,CNDC / ENATREL,https://www.enatrel.gob.ni/,,not-modelled,none-expected,documented-gap,parseable-HTML-table,unprobed,IRENA Nicaragua VRE statistics 2024,0.1,introduce-as-T3,T3,not-applicable,0.0700,CNDC sits inside ENATREL; publishes weekly bulletins as PDF on transmission ops. Geothermal+wind ~25% mix; no curtailment anchor.
JPN,Kyushu area,Kyushu Electric Power Transmission and Distribution,https://www.kyuden.co.jp/td_power_usages/pc.html,japan,T1a,curtailment-renewable,published,CSV-download,homepage-200-csv-confirmed,Kyushu juyo-hourly CSV ~1.7 TWh 2024,1.7,leave-existing-T1+,not-applicable,not-applicable,0.0680,Already modelled as `japan` Tier 1 anchor (10% calibrated); CSV confirmed via probe
Canada,Ontario,Independent Electricity System Operator (IESO),https://www.ieso.ca/,ontario,T1a,curtailment-renewable,published,CSV-download,known-public-CSV,IESO 2024 Annual Planning Outlook + GenOutputCapability daily CSV,1.5,leave-existing-T1+,not-applicable,Pattern-A,0.0600,IESO publishes daily GenOutputCapability CSV per generator.
TUR,,Turkiye Elektrik Iletim AS (TEIAS) / EPIAS,https://seffaflik.epias.com.tr/,turkey,T1a,curtailment-renewable,published,JSON-API,not-probed,TEIAS/EPIAS 2024 RES curtailment ~0.5 TWh (EPIAS Transparency Dashboard),0.5,leave-existing-T1+,not-applicable,not-applicable,0.0500,Existing T1a region. EPIAS Seffaflik platform (Pattern-A JSON) feeds the loader.
USA,Mid-Atlantic,PJM,https://www.pjm.com/,pjm,T1a,curtailment-renewable,published,JSON-API,known-public-API,PJM Renewable Integration Study 2024; PJM Markets Monitor 2024,0.5,leave-existing-T1+,not-applicable,Pattern-A,0.0500,Small but growing curtailment in NJ/MD/VA solar; EIA feed.
CHN,Hubei,State Grid Hubei Electric Power,http://www.hb.sgcc.com.cn/,,not-modelled,curtailment-renewable,documented-gap,PDF-only,probe-not-attempted-known-walled,NEA 2024 provincial RE curtailment bulletin,0.5,introduce-as-T3,T3,not-applicable,0.0500,Central CN province; low curtailment historically; SGCC portal SPA
CHN,Hunan,State Grid Hunan Electric Power,http://www.hn.sgcc.com.cn/,,not-modelled,curtailment-renewable,documented-gap,PDF-only,probe-not-attempted-known-walled,NEA 2024 provincial RE curtailment bulletin,0.5,introduce-as-T3,T3,not-applicable,0.0500,Central CN; small RE curtailment; SGCC portal SPA
CHN,Zhejiang,State Grid Zhejiang Electric Power,http://www.zj.sgcc.com.cn/,,not-modelled,curtailment-renewable,documented-gap,PDF-only,probe-not-attempted-known-walled,NEA 2024 provincial RE curtailment bulletin,0.5,introduce-as-T3,T3,not-applicable,0.0500,Coastal solar+wind; SGCC E Branch; low historical curtailment
CHN,Anhui,State Grid Anhui Electric Power,http://www.ah.sgcc.com.cn/,,not-modelled,curtailment-renewable,documented-gap,PDF-only,probe-not-attempted-known-walled,NEA 2024 provincial RE curtailment bulletin,0.5,introduce-as-T3,T3,not-applicable,0.0500,Eastern CN; modest RE; SGCC E Branch
CHN,Guangxi,Guangxi Power Grid (China Southern Grid),http://www.gx.csg.cn/,,not-modelled,curtailment-renewable,documented-gap,PDF-only,probe-not-attempted-known-walled,NEA 2024 provincial RE curtailment bulletin,0.5,introduce-as-T3,T3,not-applicable,0.0500,CSG jurisdiction; modest wind+solar; no hourly public
Philippines,,National Grid Corporation of the Philippines (NGCP),https://www.ngcp.ph/,,not-modelled,curtailment-renewable,documented-gap,PDF-only,homepage 403 on probe; Operations page documents TDP; reports as PDF,NGCP Transmission Development Plan 2025-2050,0.5,introduce-as-T3,T3,not-applicable,0.0500,NGCP system operator; PEMC/IEMOP market operator. NREL studies show solar+wind curtailment <7.6% scenarios. Curtailment growing with offshore-wind pipeline.
Philippines,,Independent Electricity Market Operator of the Philippines (IEMOP / WESM),https://www.iemop.ph/,,not-modelled,curtailment-renewable,published,PDF-only,public dashboard real-time prices+gen-mix; daily reports ZIP+PDF; bulk data via subscription,IEMOP Annual Market Assessment Report 2024,0.5,introduce-as-T3,T3,not-applicable,0.0500,IEMOP operates WESM (Luzon+Visayas; Mindanao integrating). Real-time mix dashboard but bulk historical via paid 'Knowledge Suites'. PEMC governance.
Philippines,,Philippine Electricity Market Corporation (PEMC),https://www.wesm.ph/,,not-modelled,curtailment-renewable,documented-gap,PDF-only,wesm.ph is governance/rules portal; downloads are policy PDFs,PEMC Market Assessment Reports 2024,0.5,introduce-as-T3,T3,not-applicable,0.0500,PEMC = WESM governance body; IEMOP is delegated market operator since 2018. Cross-ref IEMOP row for data.
USA,Tennessee/Southeast,Tennessee Valley Authority,https://www.tva.com/,,not-modelled,curtailment-renewable,unknown,JSON-API,known-public-API,"EIA Hourly Electric Grid Monitor (TVA balancing authority, 2024)",0.05,introduce-as-T3,T3,not-applicable,0.0500,TVA solar/wind small (~5 GW); EIA hourly feed available but no TVA-published curtailment TWh figure.
BRB / Barbados,,BLPC (Barbados Light & Power Company),https://www.blpc.com.bb/,,not-modelled,none-expected,documented-gap,parseable-HTML-table,unprobed,IRENA Barbados Renewables 2024 (rooftop PV penetration),0.05,introduce-as-T3,T3,not-applicable,0.0350,Investor-owned (Emera). Rising rooftop PV; FRCS Caribbean reports occasional inverter trips. No anchored hourly feed.
Benin,,Societe Beninoise d'Energie Electrique (SBEE),https://sbee.bj/,,not-modelled,curtailment-renewable,documented-gap,parseable-HTML-table,homepage-200,IRENA Benin 2024,0.05,introduce-as-T3,T3,not-applicable,0.0350,Imports ~80% from CIE/Nigeria via WAPP; minimal domestic VRE; no operator dispatch portal.
Botswana,,Botswana Power Corporation (BPC),https://www.bpc.bw/,,not-modelled,curtailment-renewable,documented-gap,parseable-HTML-table,homepage-200,IRENA Botswana 2024,0.05,introduce-as-T3,T3,not-applicable,0.0350,Vertically integrated utility under SAPP; small Mmadinare PV; no published curtailment.
Cambodia,,Electricity Authority of Cambodia (EAC),https://eac.gov.kh/,,not-modelled,curtailment-renewable,documented-gap,parseable-HTML-table,EAC = regulator only (licensing/tariffs); no SCADA. EDC operates grid,Asian Development Bank Cambodia Energy Sector Assessment 2024,0.05,blocked-document-only,not-applicable,not-applicable,0.0350,EAC regulator; Electricite du Cambodge (EDC) is the dispatching utility. Solar ~470MW 2024; curtailment minimal. EDC site has no public ops data.
Eswatini,,Eswatini Electricity Company (EEC),https://www.eec.co.sz/,,not-modelled,curtailment-renewable,documented-gap,parseable-HTML-table,homepage-200,IRENA Eswatini 2024,0.05,introduce-as-T3,T3,not-applicable,0.0350,SAPP member; biomass+hydro+imports from Eskom; no dispatch portal.
Gabon,,Societe d'Energie et d'Eau du Gabon (SEEG),https://www.seeg-gabon.com/,,not-modelled,curtailment-renewable,documented-gap,parseable-HTML-table,homepage-200,IRENA Gabon 2024,0.05,introduce-as-T3,T3,not-applicable,0.0350,Hydro+gas; oil-flaring relevant via GGFR; SEEG publishes corporate news only.
JPN,Okinawa area,Okinawa Electric Power Company,https://www.okiden.co.jp/business-support/service/supply-and-demand/,,not-modelled,curtailment-renewable,published,parseable-HTML-table,known-html-table,Okinawa juyo HTML 2024,0.05,introduce-as-T3,T3,not-applicable,0.0350,Small isolated island; HTML demand table only; small curtailment phenomenon; T3 sufficient
Madagascar,,Jiro sy Rano Malagasy (JIRAMA),https://www.jirama.mg/,,not-modelled,curtailment-renewable,documented-gap,parseable-HTML-table,homepage-200,IRENA Madagascar 2024,0.05,introduce-as-T3,T3,not-applicable,0.0350,Hydro+thermal; small isolated grids; no dispatch portal.
Malawi,,Electricity Supply Corporation of Malawi (ESCOM) / EGENCO,https://www.escom.mw/,,not-modelled,curtailment-renewable,documented-gap,parseable-HTML-table,homepage-200,IRENA Malawi 2024,0.05,introduce-as-T3,T3,not-applicable,0.0350,Shire hydro cascade + Salima PV 60MW; SAPP member; no dispatch portal.
Mauritius,,Central Electricity Board (CEB),https://ceb.mu/,,not-modelled,curtailment-renewable,documented-gap,parseable-HTML-table,homepage-200,IRENA Mauritius 2024,0.05,introduce-as-T3,T3,not-applicable,0.0350,Bagasse+coal+oil with growing PV; island grid; integrated reports only.
Rwanda,,Rwanda Energy Group (REG) / Energy Utility Corporation Limited (EUCL),https://www.reg.rw/,,not-modelled,curtailment-renewable,documented-gap,parseable-HTML-table,homepage-200,IRENA Rwanda 2024,0.05,introduce-as-T3,T3,not-applicable,0.0350,REG holding; EUCL operates; methane-from-Lake-Kivu + hydro+solar; no dispatch portal.
SUR / Suriname,,EBS (NV Energiebedrijven Suriname),https://www.nvebs.com/,,not-modelled,flare-associated-gas,documented-gap,parseable-HTML-table,unprobed,GGFR 2024 (offshore Suriname Block 58 flaring forecast),0.05,introduce-as-T3,T3,not-applicable,0.0350,"Power utility small. Flare phenomenon is offshore upstream (Block 58) - off-grid, track separately under GGFR if material."
Singapore,,Energy Market Authority (EMA),https://www.ema.gov.sg/,,not-modelled,none-expected,documented-gap,parseable-HTML-table,statistics portal lists 7 electricity domains (capacity/demand/gen/etc); formats not exposed on landing page,Singapore Energy Statistics 2024 (EMA),0.05,blocked-document-only,not-applicable,not-applicable,0.0350,EMA regulator+system operator (PSO). Tiny grid (~55TWh/yr) gas-dominated. Solar ~1GW; minimal curtailment. EMC market operator.
Somalia,,BECO (Mogadishu) and regional providers,https://beco.so/,,not-modelled,curtailment-renewable,unknown,parseable-HTML-table,homepage-200,IRENA Somalia 2024,0.05,blocked-document-only,not-applicable,not-applicable,0.0350,Fragmented private mini-grids; BECO largest in Mogadishu; no nationwide TSO; no dispatch data.
Togo,,Compagnie Energie Electrique du Togo (CEET),https://ceet.tg/,,not-modelled,curtailment-renewable,documented-gap,parseable-HTML-table,homepage-200,IRENA Togo 2024,0.05,introduce-as-T3,T3,not-applicable,0.0350,Imports from CEB-Benin/Nigeria via WAPP; Blitta PV 50MW; no dispatch portal.
Australia,Queensland,AEMO NEM (QLD),https://nemweb.com.au/Reports/Current/Next_Day_Dispatch/,aemo-qld,T1a,curtailment-renewable,published,CSV-download,already-modelled,AEMO 2024 NEMWeb QLD wind+solar curtailment 2024,0.8,leave-existing-T1+,not-applicable,not-applicable,0.0320,Existing T1a region; PV congestion in North QLD.
CHN,Jiangxi,State Grid Jiangxi Electric Power,http://www.jx.sgcc.com.cn/,,not-modelled,curtailment-renewable,documented-gap,PDF-only,probe-not-attempted-known-walled,NEA 2024 provincial RE curtailment bulletin,0.3,introduce-as-T3,T3,not-applicable,0.0300,Central CN; small RE share; SGCC C Branch
CHN,Fujian,State Grid Fujian Electric Power,http://www.fj.sgcc.com.cn/,,not-modelled,curtailment-renewable,documented-gap,PDF-only,probe-not-attempted-known-walled,NEA 2024 provincial RE curtailment bulletin,0.3,introduce-as-T3,T3,not-applicable,0.0300,Coastal; offshore wind growing; SGCC E Branch; no hourly public
Australia,New South Wales,AEMO NEM (NSW),https://nemweb.com.au/Reports/Current/Next_Day_Dispatch/,aemo-nsw,T1a,curtailment-renewable,published,CSV-download,already-modelled,AEMO 2024 NEMWeb NSW wind+solar curtailment 2024,0.5,leave-existing-T1+,not-applicable,not-applicable,0.0200,Existing T1a region; NEMWeb Next-Day Dispatch CSVs.
CHN,Hainan,Hainan Power Grid (China Southern Grid),http://www.hi.csg.cn/,,not-modelled,curtailment-renewable,documented-gap,PDF-only,probe-not-attempted-known-walled,NEA 2024 provincial RE curtailment bulletin,0.2,introduce-as-T3,T3,not-applicable,0.0200,Island system; CSG; small RE base
CHN,Chongqing,State Grid Chongqing Electric Power,http://www.cq.sgcc.com.cn/,,not-modelled,curtailment-renewable,documented-gap,PDF-only,probe-not-attempted-known-walled,NEA 2024 provincial RE curtailment bulletin,0.2,introduce-as-T3,T3,not-applicable,0.0200,Municipal load + small hydro; SGCC C Branch; minimal curtailment
Cabo Verde,,Empresa Publica de Electricidade e Agua (ELECTRA),https://www.electra.cv/,,not-modelled,curtailment-renewable,documented-gap,JS-rendered-SPA,homepage-200,IRENA Cabo Verde 2024,0.05,introduce-as-T3,T3,not-applicable,0.0200,Island system 9 separate grids; high VRE share but no published curtailment metric.
Australia,South Australia,AEMO NEM (SA),https://nemweb.com.au/Reports/Current/Next_Day_Dispatch/,aemo-sa,T1a,curtailment-renewable,published,CSV-download,already-modelled,AEMO 2024 NEMWeb SA wind+solar curtailment 2024,0.4,leave-existing-T1+,not-applicable,not-applicable,0.0160,Existing T1a region; system-strength limited.
Australia,Western Australia,AEMO WEM (SWIS),https://data.wa.aemo.com.au/,wa-swis,T1a,curtailment-renewable,published,CSV-download,already-modelled,AEMO 2024 WA SWIS Facility SCADA curtailment 2024,0.4,leave-existing-T1+,not-applicable,not-applicable,0.0160,Existing T1a region; WEM Facility SCADA via data.wa.aemo.com.au.
Gambia,,National Water and Electricity Company (NAWEC),https://nawec.gm/,,not-modelled,curtailment-renewable,documented-gap,parseable-HTML-table,homepage-200,IRENA Gambia 2024,0.02,introduce-as-T3,T3,not-applicable,0.0140,Diesel-dominant; Jambur PV 23MW commissioning; OMVG interconnection in progress; no dispatch data.
Lesotho,,Lesotho Electricity Company (LEC),https://lec.co.ls/,,not-modelled,curtailment-renewable,documented-gap,parseable-HTML-table,homepage-200,IRENA Lesotho 2024,0.02,introduce-as-T3,T3,not-applicable,0.0140,Muela hydro 72MW + imports from Eskom (SAPP); no dispatch portal.
Liberia,,Liberia Electricity Corporation (LEC),https://www.lec.com.lr/,,not-modelled,curtailment-renewable,documented-gap,parseable-HTML-table,homepage-200,IRENA Liberia 2024,0.02,introduce-as-T3,T3,not-applicable,0.0140,Mt Coffee hydro 88MW + HFO; CLSG cross-border line; no dispatch portal.
Sierra Leone,,Electricity Distribution and Supply Authority (EDSA) / EGTC,https://edsa.sl/,,not-modelled,curtailment-renewable,documented-gap,parseable-HTML-table,homepage-200,IRENA Sierra Leone 2024,0.02,introduce-as-T3,T3,not-applicable,0.0140,EGTC=transmission EDSA=distribution; CLSG cross-border line; Bumbuna hydro; no dispatch data.
USA,New York (D+E),NYISO,https://www.nyiso.com/,nyiso-zones-d-e,T1a,curtailment-renewable,published,JSON-API,known-public-API,NYISO Power Trends 2024,0.122,leave-existing-T1+,not-applicable,Pattern-A,0.0122,~75% of statewide wind curtailment is in zones D+E.
Australia,Victoria,AEMO NEM (VIC),https://nemweb.com.au/Reports/Current/Next_Day_Dispatch/,aemo-vic,T1a,curtailment-renewable,published,CSV-download,already-modelled,AEMO 2024 NEMWeb VIC wind+solar curtailment 2024,0.3,leave-existing-T1+,not-applicable,not-applicable,0.0120,Existing T1a region; NEMWeb Next-Day Dispatch CSVs.
Burundi,,Regie de Production et de Distribution d'Eau et d'Electricite (REGIDESO),https://www.regideso.bi/,,not-modelled,curtailment-renewable,documented-gap,parseable-HTML-table,homepage-200,IRENA Burundi 2024,0.01,introduce-as-T3,T3,not-applicable,0.0070,Predominantly hydro; very low installed capacity; no dispatch data published.
Seychelles,,Public Utilities Corporation (PUC),https://www.puc.sc/,,not-modelled,curtailment-renewable,documented-gap,parseable-HTML-table,homepage-200,IRENA Seychelles 2024,0.01,introduce-as-T3,T3,not-applicable,0.0070,Mahe island grid + outer islands; growing PV; integrated annual report only.
GUF / French Guiana,,EDF SEI (Systemes Energetiques Insulaires),https://www.edf.fr/edf-sei/,,not-modelled,none-expected,documented-gap,PDF-only,unprobed,EDF SEI Bilan Previsionnel Guyane 2024,0.05,introduce-as-T3,T3,not-applicable,0.0050,French overseas department; EDF SEI publishes annual Bilan Previsionnel as PDF. Small grid. Note: ENTSO-E does NOT cover French overseas; EDF SEI alone.
Malaysia,Sarawak,Sarawak Energy Berhad,https://www.sarawakenergy.com/,,not-modelled,curtailment-renewable,documented-gap,PDF-only,site behind 403 on probe; annual+sustainability reports as PDF; hydro dominated,Sarawak Energy Annual Report 2024,0.05,blocked-document-only,not-applicable,not-applicable,0.0050,Sarawak Energy = vertically integrated; 70%+ hydro (Bakun 2400MW Murum 944MW). Spring spill exists not published. Cross-ref 'malaysia'.
Uzbekistan,,National Electric Networks of Uzbekistan (NEGU),https://uzenergo.uz/,,not-modelled,curtailment-renewable,documented-gap,PDF-only,no real-time data; ministry annual reports,IRENA Renewable Capacity Statistics 2024 Uzbekistan,0.05,blocked-document-only,not-applicable,not-applicable,0.0050,NEGU site Russian/Uzbek; no English open-data portal. Solar/wind ~2GW by 2024 but curtailment data not published.
USA,New York (rest),NYISO,https://www.nyiso.com/,nyiso-rest,T1a,curtailment-renewable,published,JSON-API,known-public-API,NYISO Power Trends 2024,0.041,leave-existing-T1+,not-applicable,Pattern-A,0.0041,Complement to nyiso-zones-d-e (25% share).
Australia,Tasmania,AEMO NEM (TAS),https://nemweb.com.au/Reports/Current/Next_Day_Dispatch/,aemo-tas,T1a,curtailment-renewable,published,CSV-download,already-modelled,AEMO 2024 NEMWeb TAS wind curtailment 2024,0.1,leave-existing-T1+,not-applicable,not-applicable,0.0040,Existing T1a region; small wind curtailment.
USA,New England (ME/VT),ISO-NE,https://www.iso-ne.com/,iso-ne-maine-vermont,T1a,curtailment-renewable,published,JSON-API,known-public-API,ISO-NE IMM 2024 Annual Markets Report,0.032,leave-existing-T1+,not-applicable,Pattern-A,0.0032,93% of NE renewable curtailment is in ME/VT congestion pocket.
New Zealand,National,Transpower NZ / EMI,https://www.emi.ea.govt.nz/Wholesale/Datasets/Generation/Generation_MD,new-zealand,T1a,curtailment-renewable,published,CSV-download,already-modelled,Transpower 2024 RES curtailment low,0.05,leave-existing-T1+,not-applicable,not-applicable,0.0020,Existing T1a region; EMI CSV downloads for generation MD.
Qatar,,Qatar General Electricity & Water Corporation (Kahramaa),https://www.km.qa/,,not-modelled,curtailment-renewable,documented-gap,PDF-only,annual statistics reports as PDF; no real-time feed,IRENA Renewable Capacity Statistics 2024 Qatar,0.01,blocked-document-only,not-applicable,not-applicable,0.0010,Kahramaa publishes annual statistics PDFs. Solar 800 MW Al Kharsaah online 2022; <2% RE share. Curtailment immaterial.
USA,New England (rest),ISO-NE,https://www.iso-ne.com/,iso-ne-rest,T1a,curtailment-renewable,published,JSON-API,known-public-API,ISO-NE IMM 2024 Annual Markets Report,0.002,leave-existing-T1+,not-applicable,Pattern-A,0.0002,7% complement of iso-ne-maine-vermont split.
BEL / Belgium,,Elia,https://opendata.elia.be/,belgium,T1a,curtailment-renewable,published,JSON-API,operator-direct / Elia Open Data,Elia 2024 wind+solar generation feed (curtailment via balancing dataset),0.0,leave-existing-T1+,not-applicable,not-applicable,0.0000,Loader uses Elia Open Data (opendata.elia.be) - JSON API with sub-hourly granularity.
BGR / Bulgaria,,ESO (Electricity System Operator),https://www.eso.bg/en,bulgaria,T1a,curtailment-renewable,documented-gap,XML-feed,doc-cited / ENTSO-E A75,ESO public data (no 2023/2024 annual curtailed-energy total found),0.0,leave-existing-T1+,not-applicable,not-applicable,0.0000,Loader uses ENTSO-E A75; placeholder rates pending ESO curtailment publication.
CZE / Czechia,,CEPS,https://www.ceps.cz/en,czech-republic,T1a,curtailment-renewable,documented-gap,XML-feed,doc-cited / ENTSO-E A75,ENTSO-E A77 sample exists in API guide (no extracted annual),0.0,leave-existing-T1+,not-applicable,not-applicable,0.0000,Measured-substitution candidate for A77 - sample appears directly in ENTSO-E Web API guide.
DNK / Denmark (DK1),,Energinet,https://www.energidataservice.dk/,denmark-west,T1a,curtailment-renewable,published,JSON-API,operator-direct / Energi Data Service,Energinet wind+solar generation feed (DK1),0.0,leave-existing-T1+,not-applicable,not-applicable,0.0000,Loader uses Energi Data Service JSON API natively zonal by PriceArea.
DNK / Denmark (DK2),,Energinet,https://www.energidataservice.dk/,denmark-east,T1a,curtailment-renewable,published,JSON-API,operator-direct / Energi Data Service,Energinet wind+solar generation feed (DK2),0.0,leave-existing-T1+,not-applicable,not-applicable,0.0000,Loader uses Energi Data Service JSON API natively zonal by PriceArea.
ESP / Spain,,REE (Red Electrica),https://www.ree.es/en,iberia,T1a,curtailment-renewable,published,JSON-API,doc-cited / REE e-sios,IEA Renewables 2025 official-data VRE chart cites REE I3DIA,0.0,leave-existing-T1+,not-applicable,not-applicable,0.0000,iberia region covers ES via ENTSO-E; REE 2024 system report gives integration context but no extractable GWh; A77 substitution candidate.
FIN / Finland,,Fingrid,https://www.fingrid.fi/en/,finland,T1a,curtailment-renewable,documented-gap,XML-feed,doc-cited / ENTSO-E A75,Fingrid Annual Review 2024 (no national curtailed-energy total),0.0,leave-existing-T1+,not-applicable,not-applicable,0.0000,Loader uses ENTSO-E A75; Fingrid annual review provides context not GWh; A77 substitution candidate.
FRA / France,,RTE,https://www.rte-france.com/eco2mix,france,T1a,curtailment-renewable,published,JSON-API,doc-cited / RTE eco2mix open data,RTE 2024 Bilan electrique (renewable curtailment summary),0.0,leave-existing-T1+,not-applicable,not-applicable,0.0000,Loader uses ODRE/eco2mix; RTE publishes ENR curtailment in annual Bilan but no extracted GWh in current model.
GBR / Northern Ireland,,SONI,https://www.soni.ltd.uk/,northern-ireland,T1a,curtailment-renewable,published,XLSX-table,operator-direct / EirGrid SONI DD workbook,EirGrid/SONI half-hourly Dispatch Down workbook (NI 42% of all-island),0.0,leave-existing-T1+,not-applicable,not-applicable,0.0000,Loader fetches all-island DD workbook with EirGrid; SONI co-operates SEMO.
HUN / Hungary,,MAVIR,https://www.mavir.hu/,hungary,T1a,curtailment-renewable,documented-gap,XML-feed,doc-cited / ENTSO-E A75,MAVIR public data (no 2023/2024 annual curtailed-energy total found),0.0,leave-existing-T1+,not-applicable,not-applicable,0.0000,Loader uses ENTSO-E A75; placeholder rates pending MAVIR curtailment publication or A77 substitution.
IRL / Ireland (Republic),,EirGrid,https://www.eirgrid.ie/grid/system-and-renewable-data-reports,ireland-republic,T1a,curtailment-renewable,published,XLSX-table,operator-direct / EirGrid SONI DD workbook,EirGrid/SONI half-hourly Dispatch Down workbook (ROI 58% of all-island),0.0,leave-existing-T1+,not-applicable,not-applicable,0.0000,Loader fetches all-island DD workbook (XLSX); split 58/42 via 2024 annual ROI/NI anchor.
ITA / Italy (South),,Terna,https://transparency.entsoe.eu/,italy-south,T1a,curtailment-renewable,documented-gap,XML-feed,doc-cited / ENTSO-E A75,Terna 2024 Annual Report (no per-zone split),0.0,leave-existing-T1+,not-applicable,not-applicable,0.0000,Loader uses ENTSO-E A75 SUD (10Y1001A1001A788); placeholder rates pending Terna per-zone curtailment.
NOR / Norway (NO1 Oslo),,Statnett,https://www.statnett.no/en/,norway-no1,T1a,curtailment-renewable,documented-gap,XML-feed,doc-cited / ENTSO-E A75,none,0.0,leave-existing-T1+,not-applicable,not-applicable,0.0000,NO1 hydro+wind load-centre zone via ENTSO-E A75; low expected curtailment.
NOR / Norway (NO2 Kristiansand),,Statnett,https://www.statnett.no/en/,norway-no2,T1a,curtailment-renewable,documented-gap,XML-feed,doc-cited / ENTSO-E A75,none,0.0,leave-existing-T1+,not-applicable,not-applicable,0.0000,NO2 hydro+offshore wind (NorNed/NordLink/NSL cable zone) via ENTSO-E A75.
NOR / Norway (NO3 Trondheim),,Statnett,https://www.statnett.no/en/,norway-no3,T1a,curtailment-renewable,documented-gap,XML-feed,doc-cited / ENTSO-E A75,none,0.0,leave-existing-T1+,not-applicable,not-applicable,0.0000,NO3 hydro+onshore wind via ENTSO-E A75.
NOR / Norway (NO4 Tromso),,Statnett,https://www.statnett.no/en/,norway-no4,T1a,curtailment-renewable,documented-gap,XML-feed,doc-cited / ENTSO-E A75,none,0.0,leave-existing-T1+,not-applicable,not-applicable,0.0000,NO4 export-constrained northern hydro+wind via ENTSO-E A75 (former n-norway).
NOR / Norway (NO5 Bergen),,Statnett,https://www.statnett.no/en/,norway-no5,T1a,curtailment-renewable,documented-gap,XML-feed,doc-cited / ENTSO-E A75,none,0.0,leave-existing-T1+,not-applicable,not-applicable,0.0000,NO5 reservoir hydro spring-spill only via ENTSO-E A75.
PRT / Portugal,,REN (Redes Energeticas Nacionais),https://www.ren.pt/en-gb/,portugal,T1a,curtailment-renewable,documented-gap,JSON-API,doc-cited / ENTSO-E A75,REN 2024 grid-connected solar news (no annual curtailed-energy total found),0.0,leave-existing-T1+,not-applicable,not-applicable,0.0000,Loader uses ENTSO-E A75; placeholder rates pending REN curtailment extraction or A77 substitution.
ROU / Romania,,Transelectrica,https://www.transelectrica.ro/en/web/tel/home,romania,T1a,curtailment-renewable,documented-gap,XML-feed,doc-cited / ENTSO-E A75,Transelectrica 2024 Annual Report (no curtailed-energy GWh extracted),0.0,leave-existing-T1+,not-applicable,not-applicable,0.0000,Loader uses ENTSO-E A75; placeholder rates pending Transelectrica/ANRE extraction.
SWE / Sweden (SE1+SE2 north),,Svenska kraftnat,https://www.svk.se/en/,sweden-north,T1a,curtailment-renewable,documented-gap,XML-feed,doc-cited / ENTSO-E A75,none,0.0,leave-existing-T1+,not-applicable,not-applicable,0.0000,Loader uses ENTSO-E A75 for SE1 (10Y1001A1001A44P) + SE2 (10Y1001A1001A45N); placeholder rates pending Svk curtailment.
SWE / Sweden (SE3+SE4 south),,Svenska kraftnat,https://www.svk.se/en/,sweden-south,T1a,curtailment-renewable,documented-gap,XML-feed,doc-cited / ENTSO-E A75,none,0.0,leave-existing-T1+,not-applicable,not-applicable,0.0000,Loader uses ENTSO-E A75 for SE3 (10Y1001A1001A46L) + SE4 (10Y1001A1001A47J); placeholder rates pending Svk curtailment.
USA,Pacific Northwest,Bonneville Power Administration,https://www.bpa.gov/,bpa,T1a,curtailment-renewable,published,JSON-API,known-public-API,BPA 2024 (EIA BPAT proxy; hydro spill not separately published),0.0,leave-existing-T1+,not-applicable,Pattern-A,0.0000,Hydro spill not in single TSO TWh figure; loader uses EIA fuel-type proxy.
EST / Estonia,,Elering,https://elering.ee/en,baltics,T1b,curtailment-renewable,documented-gap,JSON-API,operator-direct / Elering Live API,Litgrid Lithuania-share extrapolation (no Estonia-specific curtailment),0.0,leave-existing-T1+,not-applicable,not-applicable,0.0000,Covered by 'baltics' region (Litgrid extrapolation); Elering also publishes own JSON API at dashboard.elering.ee.
ITA / Italy (North),,Terna,https://www.terna.it/en/electric-system/transparency-report,italy-north-zone,T1b,curtailment-renewable,documented-gap,XML-feed,doc-cited / ENTSO-E A75,Terna 2024 Annual Report (national MSD only; no per-zone split published),0.0,leave-existing-T1+,not-applicable,not-applicable,0.0000,T1b due to national-MSD-share modelled scope mismatch; covers IT bidding zone NORD per ENTSO-E EIC 10Y1001A1001A73I.
ITA / Italy (Sardinia),,Terna,https://transparency.entsoe.eu/,italy-sardinia,T1b,curtailment-renewable,documented-gap,XML-feed,doc-cited / ENTSO-E A75,Terna 2024 Annual Report (no Sardinia-specific anchor),0.0,leave-existing-T1+,not-applicable,not-applicable,0.0000,T1b due to national-MSD-share scaled to Sardinia generation share; SARD zone 10Y1001A1001A74G.
LTU / Lithuania,,Litgrid,https://www.litgrid.eu/,baltics,T1b,curtailment-renewable,documented-gap,XML-feed,doc-cited / ENTSO-E A75,Litgrid public data (no 2023/2024 annual curtailed-energy total found),0.0,leave-existing-T1+,not-applicable,not-applicable,0.0000,Anchor zone for 'baltics' region; Litgrid extrapolation applied across LT/LV/EE.
LVA / Latvia,,AST (Augstsprieguma tikls),https://www.ast.lv/en,baltics,T1b,curtailment-renewable,documented-gap,XML-feed,doc-cited / ENTSO-E A75,Litgrid Lithuania-share extrapolation (no Latvia-specific curtailment),0.0,leave-existing-T1+,not-applicable,not-applicable,0.0000,Covered by 'baltics' region (Litgrid extrapolation); AST publishes via ENTSO-E A75.
CHE / Switzerland,,Swissgrid,https://www.swissgrid.ch/en/home/operation/grid-data.html,switzerland,T1c,curtailment-renewable,published,XML-feed,doc-cited / ENTSO-E A75,Czech CEPS rate extrapolated (no domestic Swiss curtailment published),0.0,leave-existing-T1+,not-applicable,not-applicable,0.0000,T1c neighbour-anchored; PV-only feed via Swissgrid; hydro spill not in A75.
BGD / Bangladesh,National,PGCB (Power Grid Company of Bangladesh),https://pgcb.gov.bd/,bangladesh,T2,curtailment-renewable,published,unreachable,TLS-cert-error,NREL 2024 modelling note: 15-20% solar curtailment in north Bangladesh,0.0,leave-existing-T1+,not-applicable,not-applicable,0.0000,Cert verification fails; system operator role; SREDA publishes RE statistics separately
BGD / Bangladesh,National,SREDA (Sustainable Renewable Energy Development Authority),https://ndre.sreda.gov.bd/,bangladesh,T2,curtailment-renewable,published,parseable-HTML-table,timeout,SREDA NDRE renewable energy portal,0.0,leave-existing-T1+,not-applicable,not-applicable,0.0000,Renewable capacity tracker; complements PGCB; rolls into bangladesh region
Canada,British Columbia,BC Hydro / BCTC,https://www.bchydro.com/,british-columbia,T2,curtailment-renewable,documented-gap,PDF-only,known-public-PDF,BC Hydro 2024 Annual Service Plan Report (curtailment minimal),0.0,leave-existing-T1+,not-applicable,Pattern-A,0.0000,Hydro baseload reservoirs absorb intermittent surplus; no published curtailment TWh.
Canada,Quebec,Hydro-Québec,https://www.hydroquebec.com/,quebec,T2,curtailment-renewable,documented-gap,PDF-only,known-public-PDF,Hydro-Québec 2024 Annual Report (curtailment low),0.0,leave-existing-T1+,not-applicable,Pattern-A,0.0000,HQ-CMÉ system operator; reservoir-buffered; no per-zone curtailment TWh figure.
Canada,Manitoba,Manitoba Hydro,https://www.hydro.mb.ca/,manitoba,T2,curtailment-renewable,documented-gap,PDF-only,known-public-PDF,Manitoba Hydro 2024 Annual Report,0.0,leave-existing-T1+,not-applicable,Pattern-A,0.0000,Hydro baseload; no published curtailment TWh.
IND / India,North-Eastern Region,NERLDC (North-Eastern Regional Load Despatch Centre),https://nerldc.in/,,T2,curtailment-renewable,documented-gap,unreachable,ECONNREFUSED,none,0.0,blocked-document-only,not-applicable,not-applicable,0.0000,Covers Assam/Meghalaya/Tripura/Manipur/Nagaland/Mizoram/AP; minimal RE penetration; not modelled separately in regions.ts
IND / India,Andhra Pradesh,APSLDC (Andhra Pradesh SLDC),https://apsldc.in/,india-south,T2,curtailment-renewable,documented-gap,unreachable,ECONNREFUSED,none,0.0,leave-existing-T1+,not-applicable,not-applicable,0.0000,Site unreachable from probe; AP has wind+solar but limited public RE data; rolls into india-south
IND / India,Telangana,TSLDC (Telangana State Load Despatch Centre),https://tssldc.com/,india-south,T2,curtailment-renewable,documented-gap,no-public-data,200,none,0.0,leave-existing-T1+,not-applicable,not-applicable,0.0000,Domain returns Chinese-language squat content; TSLDC operational data not publicly indexed; rolls into india-south
IND / India,Madhya Pradesh,MPSLDC (Madhya Pradesh SLDC),https://www.mpsldc.com/,india-west,T2,curtailment-renewable,documented-gap,unreachable,ECONNREFUSED,none,0.0,leave-existing-T1+,not-applicable,not-applicable,0.0000,Site unreachable; MP straddles WRLDC/NRLDC; rolls into india-west
IND / India,All-India,CEA (Central Electricity Authority),https://cea.nic.in/,,T2,curtailment-renewable,published,PDF-only,TLS-cert-error,CEA monthly Renewable Energy Generation Report (PDF),0.0,introduce-as-T3,T3,not-applicable,0.0000,CEA publishes monthly RE generation PDFs; cert error from probe; useful as cross-check anchor not as live feed
ISL,,Landsnet,https://www.landsnet.is/,iceland,T2,curtailment-renewable,documented-gap,no-public-data,not-probed,"Orkustofnun 2024 annual curtailment ~0 TWh (load-following hydro+geothermal, reservoir-buffered)",0.0,leave-existing-T1+,not-applicable,not-applicable,0.0000,Existing T2 region. Landsnet publishes generation aggregates but no hourly curtailment archive; structural near-zero anchor.
Iraq,,Ministry of Electricity (MoELC),https://moelc.gov.iq/,iraq-mainland,T2,curtailment-renewable,documented-gap,PDF-only,annual reports as PDF; no API; site often unreachable,IEA Iraq Energy Outlook 2024,0.0,leave-existing-T1+,not-applicable,not-applicable,0.0000,MoELC operates national grid ex-KRG. Chronic deficit so curtailment marginal. Existing T2 'iraq-mainland'.
Iraq,Kurdistan,KRG Ministry of Electricity,https://gov.krd/moel-en/,kurdistan,T2,curtailment-renewable,documented-gap,parseable-HTML-table,KRG MoE site has English news/stats pages; no live SCADA,IEA Iraq Energy Outlook 2024 (KRG section),0.0,leave-existing-T1+,not-applicable,not-applicable,0.0000,KRG separate dispatch (Erbil/Sulaymaniyah/Duhok). Existing T2 'kurdistan'. Solar pilots only.
PAK / Pakistan,National,NEPRA (regulator),https://nepra.org.pk/,pakistan,T2,curtailment-renewable,published,PDF-only,403,NEPRA State of Industry Report 2024 (PDF),0.0,leave-existing-T1+,not-applicable,not-applicable,0.0000,403 from probe; SOI Reports cover annual curtailment qualitatively; existing pakistan region uses NEPRA fallback
RUS,European zone (UES Centre+NW+South+Volga+Urals),System Operator of the Unified Energy System (SO UPS) - European,https://www.so-ups.ru/,russia-mainland,T2,curtailment-renewable,documented-gap,JS-rendered-SPA,not-probed,SO UPS no public data post-2022; structural gap (regions.ts russia-mainland),0.0,leave-existing-T1+,not-applicable,not-applicable,0.0000,Existing T2 russia-mainland region. SO UPS site partially geo-restricts and removed many transparency feeds post-2022.
United Arab Emirates,Northern Emirates,Federal Electricity & Water Authority (FEWA),https://www.fewa.gov.ae/,uae,T2,none-expected,documented-gap,no-public-data,FEWA serves Northern Emirates; minimal renewable share,none,0.0,leave-existing-T1+,not-applicable,not-applicable,0.0000,FEWA covers Sharjah-rural/Ajman/RAK/Fujairah/UAQ. Cross-ref existing T2 'uae'.
AUT / Austria,,APG (Austrian Power Grid),https://www.apg.at/,austria,T3,curtailment-renewable,documented-gap,XML-feed,doc-cited / ENTSO-E A75,APG Strombilanz 2024 (provisional anchor; no extracted curtailed-energy total),0.0,leave-existing-T1+,not-applicable,not-applicable,0.0000,Currently static T3 with provisional anchor; A77 substitution candidate when ENTSO-E pass is wired.
CYP / Cyprus,,Cyprus TSO (TSOC),https://tsoc.org.cy/,cyprus,T3,curtailment-renewable,documented-gap,parseable-HTML-table,doc-cited / TSOC fallback,TSOC dashboard fallback (no extracted curtailed-energy total),0.0,leave-existing-T1+,not-applicable,not-applicable,0.0000,Currently static T3 (solar profile); TSOC publishes daily generation HTML; ENTSO-E coverage limited (island system).
AFG / Afghanistan,National,DABS (Da Afghanistan Breshna Sherikat),https://main.dabs.af/,,not-modelled,none-expected,documented-gap,no-public-data,200-redirect,none,0.0,leave-not-modelled,not-applicable,not-applicable,0.0000,Reachable but minimal content; large fraction imported (UZB/TJK/IRN); no dispatch transparency
ALB,,Operatori i Sistemit te Transmetimit (OST),https://www.ost.al/,,not-modelled,curtailment-renewable,unknown,JS-rendered-SPA,not-probed,none,0.0,blocked-document-only,not-applicable,not-applicable,0.0000,Albania ENTSO-E member since 2017 but very low VRE share (hydro-dominant); no public hourly curtailment archive identified.
ATG / Antigua & Barbuda,,APUA (Antigua Public Utilities Authority),https://www.apua.ag/,,not-modelled,none-expected,documented-gap,parseable-HTML-table,unprobed,none,0.0,blocked-document-only,not-applicable,not-applicable,0.0000,Small island utility; diesel-dominant. No public dispatch data.
American Samoa,US Territory,American Samoa Power Authority (ASPA),https://www.aspower.com/,,not-modelled,curtailment-renewable,documented-gap,parseable-HTML-table,not-probed,none,0.0,blocked-document-only,not-applicable,not-applicable,0.0000,US territory; cross-ref to North-America task; Tutuila+Manua isolated grids ~0.18 TWh.
Australia,Northern Territory,AEMO NTEM (DKIS/Tennant Creek),https://aemo.com.au/energy-systems/electricity/northern-territory-electricity-market-ntem,,not-modelled,curtailment-renewable,documented-gap,PDF-only,not-probed,none,0.0,blocked-document-only,not-applicable,not-applicable,0.0000,Small isolated NT systems (DKIS ~250MW peak); AEMO publishes quarterly QED PDFs only; no TWh curtailment anchor.
BHS / Bahamas,,BPL (Bahamas Power and Light),https://www.bpl.com.bs/,,not-modelled,none-expected,documented-gap,parseable-HTML-table,unprobed,none,0.0,blocked-document-only,not-applicable,not-applicable,0.0000,Diesel-dominated island grid; minimal VRE. No public dispatch feed.
BIH,,Nezavisni Operator Sistema u Bosni i Hercegovini (NOS BiH),https://www.nosbih.ba/,,not-modelled,curtailment-renewable,unknown,PDF-only,not-probed,none,0.0,blocked-document-only,not-applicable,not-applicable,0.0000,Bosnia and Herzegovina TSO. ENTSO-E member; publishes annual reports in PDF; no public hourly RES curtailment archive.
BLR,,Belenergo (GPO Belenergo),https://www.energo.by/,,not-modelled,curtailment-renewable,unknown,no-public-data,not-probed,none,0.0,blocked-document-only,not-applicable,not-applicable,0.0000,"Belarus state energy concern. Sanctioned, BRELL ring exit 2025; no public hourly archive; geo-blocking risk for some sub-pages."
BLZ / Belize,,Belize Electricity Limited (BEL),https://www.bel.com.bz/,,not-modelled,none-expected,documented-gap,parseable-HTML-table,200 / text/html,none,0.0,blocked-document-only,not-applicable,not-applicable,0.0000,Small island grid (~600 MW peak); minimal VRE; no curtailment anchor published. Imports from Mexico CFE dominate.
BOL / Bolivia,,CNDC (Comite Nacional de Despacho de Carga),https://www.cndc.bo/,,not-modelled,none-expected,unknown,unreachable,ECONNREFUSED on probe,IRENA Bolivia 2024 (hydro+gas dominated),0.1,introduce-as-T3,T3,not-applicable,0.0000,CNDC website intermittent. Publishes Informe Mensual de Operacion as PDF. Solar+wind ~3% of mix; minimal curtailment.
BTN / Bhutan,National,BPC (Bhutan Power Corporation - transmission),https://www.bpc.bt/,,not-modelled,none-expected,documented-gap,no-public-data,200,none,0.0,leave-not-modelled,not-applicable,not-applicable,0.0000,Customer-facing site; eDISPATCH internal-only; hydro-dominant exporter to India; no public dispatch data
BTN / Bhutan,National,DGPC (Druk Green Power Corporation),https://www.dgpc.bt/,,not-modelled,none-expected,documented-gap,unreachable,ECONNREFUSED,none,0.0,leave-not-modelled,not-applicable,not-applicable,0.0000,Generation-side; hydro-only fleet; site unreachable from probe; no curtailment phenomenon expected
Brunei,,Department of Electrical Services (DES),https://www.des.gov.bn/,,not-modelled,none-expected,documented-gap,no-public-data,homepage focused on customer services and outage notices; no operations data,IRENA Renewable Capacity Statistics 2024 Brunei,0.0,blocked-document-only,not-applicable,not-applicable,0.0000,DES under Ministry of Energy; serves ~140k customers gas-dominated. Tenaga Suria 1.2MW; ~2GW Ulu Mendaram solar planned. No curtailment.
CHN,Beijing,State Grid Beijing Electric Power,http://www.bj.sgcc.com.cn/,,not-modelled,none-expected,documented-gap,PDF-only,probe-not-attempted-known-walled,none,0.0,blocked-document-only,not-applicable,not-applicable,0.0000,Municipal load centre; negligible RE generation in-province; no curtailment phenomenon
CHN,Tianjin,State Grid Tianjin Electric Power,http://www.tj.sgcc.com.cn/,,not-modelled,none-expected,documented-gap,PDF-only,probe-not-attempted-known-walled,none,0.0,blocked-document-only,not-applicable,not-applicable,0.0000,Municipal load centre; small RE base
CHN,Shanghai,State Grid Shanghai Municipal Electric Power,http://www.sh.sgcc.com.cn/,,not-modelled,none-expected,documented-gap,PDF-only,probe-not-attempted-known-walled,none,0.0,blocked-document-only,not-applicable,not-applicable,0.0000,Municipal load centre; minimal RE
Canada,New Brunswick,NB Power / NB System Operator,https://www.nbpower.com/,,not-modelled,curtailment-renewable,documented-gap,PDF-only,known-public-PDF,NB Power 2023/24 Annual Report (no separate curtailment TWh),0.0,blocked-document-only,not-applicable,not-applicable,0.0000,Small wind fleet (~300 MW); curtailment not separately reported; tightly coupled with ISO-NE imports.
Canada,Nova Scotia,Nova Scotia Power,https://www.nspower.ca/,,not-modelled,curtailment-renewable,documented-gap,PDF-only,known-public-PDF,NS Power Integrated Resource Plan 2020+,0.0,blocked-document-only,not-applicable,not-applicable,0.0000,~600 MW wind; no published curtailment TWh; NSPI is Emera regulated subsidiary.
Canada,Prince Edward Island,Maritime Electric,https://www.maritimeelectric.com/,,not-modelled,curtailment-renewable,documented-gap,PDF-only,known-public-PDF,Maritime Electric annual reports (no curtailment TWh),0.0,blocked-document-only,not-applicable,not-applicable,0.0000,PEI ~200 MW wind; export to NB via cable; no curtailment TWh published.
Canada,Newfoundland & Labrador,NL Hydro / NL System Operator,https://nlhydro.com/,,not-modelled,curtailment-renewable,documented-gap,PDF-only,known-public-PDF,NL Hydro 2024 Annual Report (Muskrat Falls dominant),0.0,blocked-document-only,not-applicable,not-applicable,0.0000,Hydro-dominant island system; minimal wind; no published curtailment TWh.
Canada,Yukon,Yukon Energy,https://yukonenergy.ca/,,not-modelled,none-expected,documented-gap,parseable-HTML-table,known-public-table,Yukon Energy 2024 Annual Report (hydro/diesel mix),0.0,leave-not-modelled,not-applicable,not-applicable,0.0000,Isolated hydro+diesel grid; no significant VRE curtailment phenomenon.
Canada,Northwest Territories,Northwest Territories Power Corporation (NTPC),https://www.ntpc.com/,,not-modelled,none-expected,documented-gap,PDF-only,known-public-PDF,NTPC 2024 Annual Report (Snare hydro + diesel),0.0,leave-not-modelled,not-applicable,not-applicable,0.0000,Multiple isolated diesel/hydro grids; negligible VRE.
Canada,Nunavut,Qulliq Energy Corporation,https://www.qec.nu.ca/,,not-modelled,none-expected,documented-gap,PDF-only,known-public-PDF,Qulliq Energy 2024 Annual Report (25 community diesel),0.0,leave-not-modelled,not-applicable,not-applicable,0.0000,25 isolated diesel communities; no transmission grid; no VRE curtailment.
Central African Republic,,Energie Centrafricaine (ENERCA),https://www.enerca-rca.cf/,,not-modelled,curtailment-renewable,unknown,unreachable,homepage-timeout,none,0.0,blocked-document-only,not-applicable,not-applicable,0.0000,Bangui-only grid ~30MW; site frequently offline; conflict-affected. No public data.
Chad,,Societe Nationale d'Electricite (SNE Tchad),https://sne.td/,,not-modelled,curtailment-renewable,unknown,unreachable,homepage-timeout,none,0.0,blocked-document-only,not-applicable,not-applicable,0.0000,N'Djamena-centred; very low electrification; site sporadic. GGFR also relevant for flaring.
Comoros,,Societe Nationale d'Electricite des Comores (SONELEC),https://sonelec.km/,,not-modelled,curtailment-renewable,unknown,unreachable,homepage-timeout,none,0.0,blocked-document-only,not-applicable,not-applicable,0.0000,Three island grids; diesel-dominant; no operator data portal.
Congo (Brazzaville),,Societe Nationale d'Electricite (SNE Congo),https://www.sne.cg/,,not-modelled,curtailment-renewable,unknown,unreachable,homepage-timeout,none,0.0,blocked-document-only,not-applicable,not-applicable,0.0000,Hydro+gas; flaring relevant via GGFR; site rarely reachable. No dispatch data.
Cook Islands,National,Te Aponga Uira (TAU),https://www.teaponga.com/,,not-modelled,curtailment-renewable,documented-gap,parseable-HTML-table,not-probed,none,0.0,blocked-document-only,not-applicable,not-applicable,0.0000,Rarotonga grid ~0.03 TWh; PV+diesel; high-RE share but no curtailment time series.
DMA / Dominica,,DOMLEC (Dominica Electricity Services),https://www.domlec.dm/,,not-modelled,none-expected,documented-gap,parseable-HTML-table,unprobed,none,0.0,blocked-document-only,not-applicable,not-applicable,0.0000,Small island utility; diesel + 27% hydro. No public dispatch data.
DOM / Dominican Republic,,ETED (Empresa de Transmision Electrica Dominicana),https://www.eted.gov.do/,,not-modelled,none-expected,documented-gap,parseable-HTML-table,unprobed,none,0.0,blocked-document-only,not-applicable,not-applicable,0.0000,Transmission only; dispatch is OC's role. ETED publishes only corporate info.
Djibouti,,Electricite de Djibouti (EDD),https://www.edd.dj/,,not-modelled,curtailment-renewable,documented-gap,unreachable,homepage-timeout,none,0.0,blocked-document-only,not-applicable,not-applicable,0.0000,Imports from Ethiopia via EAPP; small wind/PV pilots; site intermittent.
ECU / Ecuador,,CENACE Ecuador (Operador Nacional de Electricidad),https://www.cenace.gob.ec/,,not-modelled,none-expected,documented-gap,unreachable,SSL cert error,IRENA Ecuador 2024 (hydro-dominated),0.05,introduce-as-T3,T3,not-applicable,0.0000,CENACE Ecuador SSL probe failed (cert chain); publishes Informe Anual + monthly Informe de Operacion as PDF. Distinct from Mexico CENACE.
Equatorial Guinea,,Sociedad de Electricidad de Guinea Ecuatorial (SEGESA),https://segesa.gq/,,not-modelled,curtailment-renewable,unknown,unreachable,homepage-timeout,none,0.0,blocked-document-only,not-applicable,not-applicable,0.0000,Gas-dominated; flaring relevant via GGFR; minimal VRE; site offline at probe.
Eritrea,,Eritrean Electricity Corporation (EEC),https://shabait.com/,,not-modelled,curtailment-renewable,unknown,no-public-data,no-homepage-found,none,0.0,blocked-document-only,not-applicable,not-applicable,0.0000,No dedicated operator website located; state news (shabait) used as placeholder; thermal-dominant Asmara grid.
Federated States of Micronesia,Pohnpei (and state utilities),Pohnpei Utilities Corporation (PUC),https://www.puc.fm/,,not-modelled,curtailment-renewable,documented-gap,parseable-HTML-table,not-probed,none,0.0,blocked-document-only,not-applicable,not-applicable,0.0000,State-level utilities (PUC Pohnpei; CPUC Chuuk; KUA Kosrae; YSPSC Yap); ~0.07 TWh combined; no curtailment data.
Fiji,National,Energy Fiji Limited (EFL),https://www.efl.com.fj/,,not-modelled,curtailment-renewable,documented-gap,parseable-HTML-table,not-probed,none,0.0,blocked-document-only,not-applicable,not-applicable,0.0000,Small grid (~1.1 TWh/yr); hydro+diesel mix; no published curtailment data; corporate site only.
French Polynesia,Overseas Country (FRA),EDT-Engie (Electricite de Tahiti),https://www.edt.pf/,,not-modelled,curtailment-renewable,documented-gap,parseable-HTML-table,not-probed,none,0.0,blocked-document-only,not-applicable,not-applicable,0.0000,French overseas territory; Tahiti+Moorea+atolls ~0.7 TWh; hydro+diesel+PV; no public curtailment anchor.
GRD / Grenada,,GRENLEC (Grenada Electricity Services),https://www.grenlec.com/,,not-modelled,none-expected,documented-gap,parseable-HTML-table,unprobed,none,0.0,blocked-document-only,not-applicable,not-applicable,0.0000,Small island utility; diesel-dominant. No public dispatch data.
GTM / Guatemala,,"ETCEE (transmission, INDE subsidiary)",https://www.inde.gob.gt/,,not-modelled,none-expected,documented-gap,parseable-HTML-table,200 / text/html,none,0.0,blocked-document-only,not-applicable,not-applicable,0.0000,Transmission only; market dispatch handled by AMM. No separate curtailment publication.
Greenland,National,Nukissiorfiit,https://www.nukissiorfiit.gl/,,not-modelled,none-expected,documented-gap,PDF-only,known-public-PDF,Nukissiorfiit 2023 Annual Report (hydro+diesel),0.0,leave-not-modelled,not-applicable,not-applicable,0.0000,Greenland's national utility; isolated town grids; ~70% hydro nationally; no VRE curtailment phenomenon.
Guam,US Territory,Guam Power Authority (GPA),https://www.guampowerauthority.com/,,not-modelled,curtailment-renewable,documented-gap,parseable-HTML-table,not-probed,none,0.0,blocked-document-only,not-applicable,not-applicable,0.0000,US territory; cross-ref to North-America task; single-island grid ~1.7 TWh.
Guinea,,Electricite de Guinee (EDG),https://www.edg.com.gn/,,not-modelled,curtailment-renewable,documented-gap,unreachable,homepage-timeout,none,0.0,blocked-document-only,not-applicable,not-applicable,0.0000,Hydro-dominant; Souapiti/Kaleta; OMVG member; site sporadic. No public dispatch.
Guinea-Bissau,,Electricidade e Aguas da Guine-Bissau (EAGB),https://eagb.gw/,,not-modelled,curtailment-renewable,unknown,unreachable,homepage-timeout,none,0.0,blocked-document-only,not-applicable,not-applicable,0.0000,Diesel-dominant; OMVG interconnection; site rarely up; no public data.
HKG,Hong Kong (Kowloon/NT),CLP Power Hong Kong (China Light & Power),https://www.clp.com.hk/,,not-modelled,none-expected,documented-gap,auth-walled,homepage-403-cloudflare-block,none,0.0,blocked-document-only,not-applicable,not-applicable,0.0000,Cloudflare 403 on probe; no public RE/curtailment feed; small system; cross-ref to Southern Grid
HKG,Hong Kong (Island),HK Electric (Hongkong Electric),https://www.hkelectric.com/,,not-modelled,none-expected,documented-gap,no-public-data,known-no-public-data,none,0.0,blocked-document-only,not-applicable,not-applicable,0.0000,Hong Kong Island system; minimal RE in fuel mix; no public hourly feed
HRV / Croatia,,HOPS,https://www.hops.hr/en,,not-modelled,curtailment-renewable,documented-gap,XML-feed,doc-cited / ENTSO-E A75,none,0.0,blocked-document-only,not-applicable,not-applicable,0.0000,ENTSO-E A75 available; no public HOPS annual curtailment anchor found.
HTI / Haiti,,EDH (Electricite d'Haiti),https://edh.ht/,,not-modelled,none-expected,documented-gap,unreachable,unprobed,none,0.0,blocked-document-only,not-applicable,not-applicable,0.0000,Severely degraded grid; no public operations portal; ~30% electrification. World Bank reports 2024.
ITA / Italy (Calabria),,Terna,https://transparency.entsoe.eu/,,not-modelled,curtailment-renewable,documented-gap,XML-feed,doc-cited / ENTSO-E A75,none,0.0,blocked-document-only,not-applicable,not-applicable,0.0000,IT bidding zone CALA (10Y1001C--00096J); ENTSO-E A75 available but no per-zone curtailment anchor published.
ITA / Italy (Centre-North),,Terna,https://transparency.entsoe.eu/,,not-modelled,curtailment-renewable,documented-gap,XML-feed,doc-cited / ENTSO-E A75,none,0.0,blocked-document-only,not-applicable,not-applicable,0.0000,IT bidding zone CNOR (10Y1001A70O0H0Y); ENTSO-E A75 hourly available but no public Terna per-zone curtailment anchor.
ITA / Italy (Centre-South),,Terna,https://transparency.entsoe.eu/,,not-modelled,curtailment-renewable,documented-gap,XML-feed,doc-cited / ENTSO-E A75,none,0.0,blocked-document-only,not-applicable,not-applicable,0.0000,IT bidding zone CSUD (10Y1001A1001A71M); ENTSO-E A75 available but no per-zone anchor.
ITA / Italy (Sicily),,Terna,https://transparency.entsoe.eu/,,not-modelled,curtailment-renewable,documented-gap,XML-feed,doc-cited / ENTSO-E A75,none,0.0,blocked-document-only,not-applicable,not-applicable,0.0000,IT bidding zone SICI (10Y1001A1001A75E); ENTSO-E A75 available but no per-zone anchor.
KNA / Saint Kitts and Nevis,,SKELEC (St. Kitts Electricity Company),https://www.skelec.kn/,,not-modelled,none-expected,documented-gap,parseable-HTML-table,unprobed,none,0.0,blocked-document-only,not-applicable,not-applicable,0.0000,Small island utility; diesel-dominant. No public dispatch.
Kiribati,National,Public Utilities Board (PUB Kiribati),https://www.pub.com.ki/,,not-modelled,curtailment-renewable,documented-gap,parseable-HTML-table,not-probed,none,0.0,blocked-document-only,not-applicable,not-applicable,0.0000,Tarawa+Kiritimati islands; <0.03 TWh; diesel+small PV; no curtailment anchor.
Kuwait,,Ministry of Electricity Water and Renewable Energy (MEW),https://www.mew.gov.kw/,,not-modelled,curtailment-renewable,documented-gap,PDF-only,MEW annual statistical reports PDF; site Arabic-primary,IRENA Renewable Capacity Statistics 2024 Kuwait,0.0,blocked-document-only,not-applicable,not-applicable,0.0000,MEW=monopoly; ~70 MW Shagaya RE complex. Renewable share <1%. No live data feed.
Kuwait,,Kuwait Oil Company (KOC) - flare phenomenon,https://www.kockw.com/,,not-modelled,flare-associated-gas,published,no-public-data,GGFR/VIIRS; KOC sustainability reports PDF only,GGFR Global Gas Flaring Tracker Report 2024 (Kuwait),0.4,introduce-as-T3,T3,not-applicable,0.0000,Kuwait flared ~0.4 BCM 2023 per GGFR; KOC flare-reduction programme since 2010s targets near-zero.
Kyrgyzstan,,National Electric Grid of Kyrgyzstan (NESK),http://www.energo.gov.kg/,,not-modelled,none-expected,documented-gap,no-public-data,no operations data published,none,0.0,blocked-document-only,not-applicable,not-applicable,0.0000,Hydro-dominated (Toktogul). NESK successor to OJSC NEGK. No public real-time or annual curtailment series.
LCA / Saint Lucia,,LUCELEC (St. Lucia Electricity Services),https://www.lucelec.com/,,not-modelled,none-expected,documented-gap,parseable-HTML-table,unprobed,none,0.0,blocked-document-only,not-applicable,not-applicable,0.0000,Small island utility; diesel-dominant; small solar adds. No public dispatch.
LKA / Sri Lanka,National,CEB (Ceylon Electricity Board),https://www.ceb.lk/,,not-modelled,curtailment-renewable,documented-gap,JS-rendered-SPA,200,none,0.0,blocked-document-only,not-applicable,not-applicable,0.0000,Daily Net Electricity Generation panel is JS-loaded ('wait...'); LTGEP 2025-2044 PDFs only; no public TWh curtailment anchor
LUX / Luxembourg,,Creos Luxembourg,https://www.creos-net.lu/,,not-modelled,none-expected,documented-gap,no-public-data,not-probed,none,0.0,leave-not-modelled,not-applicable,not-applicable,0.0000,Small DSO inside Amprion/TenneT-DE control area; no domestic TSO-level curtailment expected separate from German bidding zone.
Laos,,Electricite du Laos (EDL),https://www.edl.com.la/,,not-modelled,none-expected,documented-gap,no-public-data,homepage minimal (logo only); no public ops data,Lao Statistics Bureau 2024 (energy chapter),0.0,blocked-document-only,not-applicable,not-applicable,0.0000,EDL state utility; >80% hydro; net exporter to Thailand/Vietnam/Cambodia. Spring spill exists but not published. EDL-Gen separate gencos.
Lebanon,,Electricité du Liban (EDL),https://www.edl.gov.lb/,,not-modelled,none-expected,documented-gap,no-public-data,EDL grid collapsed since 2019 economic crisis; no operations data,none,0.0,blocked-document-only,not-applicable,not-applicable,0.0000,EDL provides 2-4 hrs/day from public grid. Distributed diesel+rooftop PV dominant. No system-wide curtailment data.
Libya,,General Electricity Company of Libya (GECOL),https://gecol.ly/,,not-modelled,both,unknown,unreachable,homepage-timeout,GGFR Libya 2024 (flare),5.0,blocked-document-only,not-applicable,not-applicable,0.0000,Civil-war-affected; chronic blackouts; major associated-gas flaring per GGFR (~5 TWh-eq/yr); GECOL site rarely accessible.
MAC,Macau,Companhia de Electricidade de Macau (CEM),https://www.cem-macau.com/,,not-modelled,none-expected,documented-gap,no-public-data,known-no-public-data,none,0.0,blocked-document-only,not-applicable,not-applicable,0.0000,Macau peninsula+islands; mostly imports from Southern Grid; no public RE/curtailment data
MDA,,Moldelectrica,https://moldelectrica.md/,,not-modelled,curtailment-renewable,unknown,PDF-only,not-probed,none,0.0,blocked-document-only,not-applicable,not-applicable,0.0000,Moldova TSO. Synchronised with ENTSO-E CE since 2022 (war emergency); no public hourly curtailment data.
MDV / Maldives,National,STELCO (State Electric Company),https://www.stelco.com.mv/,,not-modelled,none-expected,documented-gap,auth-walled,403,none,0.0,leave-not-modelled,not-applicable,not-applicable,0.0000,403 forbidden on probe; small-island diesel+solar; no public dispatch data; phenomenon scale negligible
MEX / Mexico,,CFE (Comision Federal de Electricidad),https://www.cfe.mx/,,not-modelled,curtailment-renewable,documented-gap,JS-rendered-SPA,200 / text/html,none,0.0,blocked-document-only,not-applicable,not-applicable,0.0000,Distribution utility; system operator role transferred to CENACE in 2014. Operational anchor for Mexico held under CENACE row.
MKD,,Operator na Elektroprenosniot Sistem na Makedonija (MEPSO),https://www.mepso.com.mk/,,not-modelled,curtailment-renewable,unknown,PDF-only,not-probed,none,0.0,blocked-document-only,not-applicable,not-applicable,0.0000,North Macedonia TSO. ENTSO-E member; small system; annual reports as PDF; no hourly curtailment series found.
MLT / Malta,,Enemalta,https://www.enemalta.com.mt/,,not-modelled,curtailment-renewable,documented-gap,no-public-data,not-probed,none,0.0,blocked-document-only,not-applicable,not-applicable,0.0000,Small island distribution utility; no transparency feed; ENTSO-E coverage minimal; low VRE curtailment expected.
MNE,,Crnogorski Elektroprenosni Sistem (CGES),https://www.cges.me/,,not-modelled,curtailment-renewable,unknown,PDF-only,not-probed,none,0.0,blocked-document-only,not-applicable,not-applicable,0.0000,Montenegro TSO. ENTSO-E member; small system (~3 TWh/yr load); no public RES curtailment archive.
Malaysia,Sabah,Sabah Electricity Sdn Bhd (SESB),https://www.sesb.com.my/,,not-modelled,none-expected,documented-gap,unreachable,sesb.com.my timed out on probe,IRENA Renewable Capacity Statistics 2024 Malaysia,0.0,blocked-document-only,not-applicable,not-applicable,0.0000,SESB serves Sabah+Labuan; gas+diesel+small hydro. RE share <10%. No public dispatch data. Cross-ref 'malaysia'.
Mali,,Energie du Mali (EDM-SA),https://edmsa.ml/,,not-modelled,curtailment-renewable,documented-gap,unreachable,homepage-timeout,none,0.0,blocked-document-only,not-applicable,not-applicable,0.0000,Hydro+thermal+OMVS imports; severe load-shedding; site sporadic.
Marshall Islands,National,Marshalls Energy Company (MEC),https://www.mecrmi.net/,,not-modelled,curtailment-renewable,documented-gap,parseable-HTML-table,not-probed,none,0.0,blocked-document-only,not-applicable,not-applicable,0.0000,Majuro+Ebeye+outer atolls ~0.07 TWh; diesel-dominated; no curtailment anchor.
Myanmar,,Electric Power Generation Enterprise (EPGE),https://www.epge.gov.mm/,,not-modelled,none-expected,documented-gap,unreachable,epge.gov.mm refused connection on probe,IRENA Renewable Capacity Statistics 2024 Myanmar,0.0,blocked-document-only,not-applicable,not-applicable,0.0000,EPGE under MOEP post-2021 coup. Grid load-shedding chronic (~50% deficit). Hydro+gas dominant. No public real-time data.
NPL / Nepal,National,NEA (Nepal Electricity Authority),https://www.nea.org.np/,,not-modelled,none-expected,published,PDF-only,200,none,0.0,leave-not-modelled,not-applicable,not-applicable,0.0000,Hydro-dominant grid (>95%); operational reports as PDFs (Vidyut 2082); no curtailment phenomenon expected
Nauru,National,Nauru Utilities Corporation (NUC),https://nuc.com.nr/,,not-modelled,curtailment-renewable,documented-gap,parseable-HTML-table,not-probed,none,0.0,blocked-document-only,not-applicable,not-applicable,0.0000,Single-island diesel+PV; <0.04 TWh; no curtailment anchor.
New Caledonia,Sui Generis Collectivity (FRA),Enercal,https://www.enercal.nc/,,not-modelled,curtailment-renewable,documented-gap,parseable-HTML-table,not-probed,none,0.0,blocked-document-only,not-applicable,not-applicable,0.0000,French overseas; Grande Terre grid ~3 TWh including Doniambo/SLN nickel smelter; no public curtailment data.
Niger,,Societe Nigerienne d'Electricite (NIGELEC),https://www.nigelec.ne/,,not-modelled,curtailment-renewable,documented-gap,unreachable,homepage-timeout,none,0.0,blocked-document-only,not-applicable,not-applicable,0.0000,Imports ~70% from Nigeria; political instability since 2023; site sporadic.
Niue,National,Niue Power Corporation,https://www.niuepower.nu/,,not-modelled,curtailment-renewable,documented-gap,no-public-data,not-probed,none,0.0,blocked-document-only,not-applicable,not-applicable,0.0000,Single-island grid <0.005 TWh; diesel+PV; no public data.
Northern Mariana Islands,US Commonwealth,Commonwealth Utilities Corporation (CUC),https://www.cucgov.org/,,not-modelled,curtailment-renewable,documented-gap,parseable-HTML-table,not-probed,none,0.0,blocked-document-only,not-applicable,not-applicable,0.0000,US commonwealth; cross-ref to North-America task; Saipan+Tinian+Rota ~0.27 TWh.
PAN / Panama,,ETESA / CND (Centro Nacional de Despacho),https://www.etesa.com.pa/,,not-modelled,none-expected,unknown,unreachable,SSL cert verification failed,Secretaria Nacional de Energia 2024 (solar+wind ~10%),0.2,introduce-as-T3,T3,not-applicable,0.0000,ETESA SSL cert issue on probe; CND publishes Informe de Operacion daily as PDF. No public hourly feed.
PRK,National,Korea Power Industry / Ministry of Electric Power,https://www.naenara.com.kp/,,not-modelled,none-expected,documented-gap,no-public-data,known-no-public-data,none,0.0,blocked-document-only,not-applicable,not-applicable,0.0000,No public operator portal; isolated grid; no machine-readable RE or curtailment data; documented-gap
Palau,National,Palau Public Utilities Corporation (PPUC),https://palaupowerup.pw/,,not-modelled,curtailment-renewable,documented-gap,parseable-HTML-table,not-probed,none,0.0,blocked-document-only,not-applicable,not-applicable,0.0000,Koror-Babeldaob grid ~0.09 TWh; diesel+PV; no curtailment anchor.
Palestine,,Palestinian Energy and Natural Resources Authority (PENRA) / PETL,http://www.penra.pna.ps/,,not-modelled,none-expected,documented-gap,no-public-data,extremely limited public data; West Bank/Gaza split; mostly Israeli grid imports,none,0.0,blocked-document-only,not-applicable,not-applicable,0.0000,PETL (transmission) staged 2018+. Most power imported from IEC/Jordan/Egypt. No curtailment series.
Papua New Guinea,National,PNG Power Limited (PPL),https://www.pngpower.com.pg/,,not-modelled,both,documented-gap,parseable-HTML-table,not-probed,none,0.0,blocked-document-only,not-applicable,not-applicable,0.0000,Port Moresby/Ramu/Gazelle isolated grids ~1.2 TWh; PNG flare GGFR likely covered under flare-region pass.
Qatar,,QatarEnergy (flare phenomenon),https://www.qatarenergy.qa/,,not-modelled,flare-associated-gas,published,no-public-data,GGFR/VIIRS satellite; QatarEnergy publishes targets not volumes,GGFR Global Gas Flaring Tracker Report 2024 (Qatar),0.7,introduce-as-T3,T3,not-applicable,0.0000,Qatar flared ~0.7 BCM 2023 per GGFR; QE zero-routine pledge. North Field expansion may shift volumes.
RUS,Siberia (UES Siberia IPS),SO UPS - Siberia,https://www.so-ups.ru/,,not-modelled,curtailment-renewable,unknown,JS-rendered-SPA,not-probed,none,0.0,blocked-document-only,not-applicable,not-applicable,0.0000,Siberian IPS hydro-dominant (Bratsk/Krasnoyarsk/Sayano); spring-spill expected but SO UPS does not publish granular curtailment.
RUS,Far East (UES East),SO UPS - East,https://www.so-ups.ru/,,not-modelled,curtailment-renewable,unknown,JS-rendered-SPA,not-probed,none,0.0,blocked-document-only,not-applicable,not-applicable,0.0000,Russian Far East IPS isolated from UES until 2019; hydro+coal; no public RES curtailment archive.
RUS,Kaliningrad,SO UPS - Kaliningrad,https://www.so-ups.ru/,,not-modelled,curtailment-renewable,unknown,no-public-data,not-probed,none,0.0,blocked-document-only,not-applicable,not-applicable,0.0000,Kaliningrad islanded from BRELL since Feb 2025 (post-Baltic-states exit); gas-dominant; no public RES curtailment data.
RUS,Yamal-Nenets,Yamal-Nenets gas flaring (operator: Gazprom/Novatek; system: SO UPS Tyumen),https://www.so-ups.ru/,,not-modelled,flare-associated-gas,published,no-public-data,not-probed,GGFR 2024 Yamal-Nenets flaring (subset of West Siberia ~15 Bcm),10.0,introduce-as-T3,T3,not-applicable,0.0000,GGFR satellite flare estimate; Yamal-Nenets autonomous okrug. Could be split-out of w-siberia. No operator-direct data; GGFR-only.
RUS,East Siberia,East Siberia oil/gas flaring; system SO UPS Siberia,https://www.so-ups.ru/,,not-modelled,flare-associated-gas,published,no-public-data,not-probed,"GGFR 2024 East Siberia flaring (Irkutsk/Krasnoyarsk fields, ~3 Bcm ≈ 9 TWh)",9.0,introduce-as-T3,T3,not-applicable,0.0000,GGFR satellite flare anchor for East Siberian basin. Smaller than W-Siberia; no operator-direct data.
Regional,Southern Africa,Southern African Power Pool (SAPP),https://www.sapp.co.zw/,,not-modelled,none-expected,documented-gap,parseable-HTML-table,homepage-200,SAPP Annual Report 2024,0.0,blocked-document-only,not-applicable,not-applicable,0.0000,Power-pool coordinator (12 utilities); publishes day-ahead market HTML but no curtailment metric. Coordinator row.
Regional,West Africa,West African Power Pool (WAPP/EEEOA),https://www.ecowapp.org/,,not-modelled,none-expected,documented-gap,JS-rendered-SPA,homepage-200,WAPP 2024 Annual Report,0.0,blocked-document-only,not-applicable,not-applicable,0.0000,ECOWAS power-pool coordinator (14 states); SPA dashboard with no published curtailment series. Coordinator row.
Regional,East Africa,Eastern Africa Power Pool (EAPP),https://eappool.org/,,not-modelled,none-expected,documented-gap,parseable-HTML-table,homepage-200,EAPP Master Plan 2014 (no recent),0.0,blocked-document-only,not-applicable,not-applicable,0.0000,EAPP coordinator (12 states); little public operational data. Coordinator row.
Regional,Maghreb,Comite Maghrebin de l'Electricite (COMELEC),http://www.comelec-net.org/,,not-modelled,none-expected,documented-gap,unreachable,homepage-timeout,none,0.0,blocked-document-only,not-applicable,not-applicable,0.0000,Maghreb coordinator (5 states). Site offline at probe; coordinator role only.
SLV / El Salvador,,UT (Unidad de Transacciones),https://www.ut.com.sv/,,not-modelled,none-expected,unknown,unreachable,404 on root probe,IRENA Renewable Energy Statistics 2024 (El Salvador VRE share),0.2,introduce-as-T3,T3,not-applicable,0.0000,Probe returned 404 on root; UT publishes daily operation reports historically as PDF. Solar curtailment minor.
SRB,,Elektromreza Srbije (EMS AD),https://www.ems.rs/,,not-modelled,curtailment-renewable,unknown,parseable-HTML-table,not-probed,none,0.0,blocked-document-only,not-applicable,not-applicable,0.0000,Serbia TSO. ENTSO-E member; publishes daily/monthly operational reports but no curtailment-specific anchor identified.
SVK / Slovakia,,SEPS (Slovenska elektrizacna prenosova sustava),https://www.sepsas.sk/en/,,not-modelled,curtailment-renewable,documented-gap,XML-feed,doc-cited / ENTSO-E A75,none,0.0,blocked-document-only,not-applicable,not-applicable,0.0000,ENTSO-E A75 available; no public SEPS curtailment anchor found; low VRE share limits priority.
SVN / Slovenia,,ELES,https://www.eles.si/en,,not-modelled,curtailment-renewable,documented-gap,XML-feed,doc-cited / ENTSO-E A75,none,0.0,blocked-document-only,not-applicable,not-applicable,0.0000,ENTSO-E A75 available; no public ELES curtailment anchor found.
Samoa,National,Electric Power Corporation (EPC),https://www.epc.ws/,,not-modelled,curtailment-renewable,documented-gap,parseable-HTML-table,not-probed,none,0.0,blocked-document-only,not-applicable,not-applicable,0.0000,Diesel+solar+hydro ~0.13 TWh; no published curtailment time series.
Sao Tome and Principe,,Empresa de Agua e Electricidade (EMAE),https://www.emae.st/,,not-modelled,curtailment-renewable,unknown,unreachable,homepage-timeout,none,0.0,blocked-document-only,not-applicable,not-applicable,0.0000,Two island grids ~25MW; diesel; site sporadic.
Singapore,,SP Group / SP PowerGrid,https://www.spgroup.com.sg/,,not-modelled,none-expected,documented-gap,JS-rendered-SPA,SP Group consumer-app focused; no operations data,IRENA Renewable Capacity Statistics 2024 Singapore,0.0,blocked-document-only,not-applicable,not-applicable,0.0000,SP PowerGrid = transmission+distribution licensee. Operations governed by EMA PSO. Cross-ref EMA row.
Solomon Islands,National,Solomon Power (SIEA),https://www.solomonpower.com.sb/,,not-modelled,curtailment-renewable,documented-gap,parseable-HTML-table,not-probed,none,0.0,blocked-document-only,not-applicable,not-applicable,0.0000,Diesel-dominated island system ~0.1 TWh; Tina River hydro under construction; no curtailment data.
South Sudan,,South Sudan Electricity Corporation (SSEC),https://ssec.gov.ss/,,not-modelled,both,unknown,unreachable,homepage-timeout,GGFR South Sudan 2024 (flare),0.5,blocked-document-only,not-applicable,not-applicable,0.0000,Juba diesel grid <100MW; oil flaring relevant via GGFR; no public data.
Sudan,,Sudanese Electricity Transmission Company (SETCO) / National Electricity Corporation (NEC),https://nec.gov.sd/,,not-modelled,curtailment-renewable,unknown,unreachable,homepage-timeout,none,0.0,blocked-document-only,not-applicable,not-applicable,0.0000,Civil-war-affected since 2023; Merowe/Roseires hydro; chronic blackouts; site offline.
Syria,,Public Establishment of Electricity (PEE),http://www.moelec.gov.sy/,,not-modelled,none-expected,documented-gap,unreachable,civil-war affected; ministry site sporadic; data 10+ years stale,none,0.0,blocked-document-only,not-applicable,not-applicable,0.0000,Syria grid fragmented post-2011. Limited renewables. Ministry of Electricity site barely functional.
Tajikistan,,Barki Tojik,http://www.barqitojik.tj/,,not-modelled,none-expected,documented-gap,no-public-data,minimal public site; no operations data,none,0.0,blocked-document-only,not-applicable,not-applicable,0.0000,Hydro-dominated grid (Nurek/Rogun). Spring spill exists but not published. Site frequently unreachable.
Timor-Leste,,Electricidade de Timor-Leste (EDTL),https://www.edtl.tl/,,not-modelled,none-expected,documented-gap,unreachable,edtl.tl refused connection on probe,IRENA Renewable Capacity Statistics 2024 Timor-Leste,0.0,blocked-document-only,not-applicable,not-applicable,0.0000,EDTL state utility; ~150MW Hera+Betano HFO plants dominate. Solar ~5MW. Tiny grid no curtailment public data.
Tonga,National,Tonga Power Limited (TPL),https://www.tongapower.to/,,not-modelled,curtailment-renewable,documented-gap,parseable-HTML-table,not-probed,none,0.0,blocked-document-only,not-applicable,not-applicable,0.0000,Tongatapu+outer islands ~0.06 TWh; TERM 2020 plan; no live curtailment data.
Turkmenistan,,Türkmenenergo,https://www.energetika.gov.tm/,,not-modelled,none-expected,documented-gap,no-public-data,no public website with operations data,none,0.0,blocked-document-only,not-applicable,not-applicable,0.0000,Closed-regime utility; no public dispatch or curtailment data. Grid is gas-dominated; minimal renewables (<5%).
Tuvalu,National,Tuvalu Electricity Corporation (TEC),https://gov.tv/,,not-modelled,curtailment-renewable,documented-gap,no-public-data,not-probed,none,0.0,blocked-document-only,not-applicable,not-applicable,0.0000,No dedicated TEC website found; Funafuti diesel+PV; <0.01 TWh; no curtailment anchor.
USA,Southwest (non-CAISO),Western Area Power Administration,https://www.wapa.gov/,,not-modelled,curtailment-renewable,unknown,no-public-data,no-curtailment-figure,none,0.0,blocked-document-only,not-applicable,not-applicable,0.0000,WAPA is a federal PMA covering AZ/NV/UT/WY; no curtailment TWh published; EIA fuel-type covers via WACM/WALC BAs.
USA,Pacific Northwest non-BPA,Northwest Power Pool / WPP / NWPP RC,https://www.nwpp.org/,,not-modelled,curtailment-renewable,unknown,no-public-data,no-curtailment-figure,none,0.0,blocked-document-only,not-applicable,not-applicable,0.0000,NWPP Reliability Coordinator covers WECC north; member-utility BAs (PacifiCorp PACE/PACW Idaho Power IPCO PSCO etc.) report via EIA but no curtailment TWh.
USA,Southwest desert,Arizona Public Service / Salt River Project / NV Energy,https://www.eia.gov/opendata/,,not-modelled,curtailment-renewable,unknown,JSON-API,known-public-API,EIA Hourly Electric Grid Monitor (AZPS/SRP/NEVP 2024),0.0,blocked-document-only,not-applicable,not-applicable,0.0000,Western non-CAISO BAs hourly via EIA; no published per-BA curtailment TWh; structural gap.
USA,Kauai,Kauai Island Utility Cooperative,https://website.kiuc.coop/,,not-modelled,curtailment-renewable,documented-gap,PDF-only,known-public-PDF,KIUC annual reports (no TWh curtailment figure published),0.0,blocked-document-only,not-applicable,not-applicable,0.0000,KIUC is independent of Hawaiian Electric; ~70% renewable but no public curtailment TWh.
USA,Alaska (Railbelt),Railbelt utilities (Chugach/MEA/HEA/GVEA/AEA),https://www.akenergyauthority.org/,,not-modelled,curtailment-renewable,documented-gap,no-public-data,no-curtailment-figure,none,0.0,blocked-document-only,not-applicable,not-applicable,0.0000,Six interconnected utilities; very low VRE share; no public curtailment data.
United Arab Emirates,Federal,ADNOC (flare phenomenon),https://www.adnoc.ae/,,not-modelled,flare-associated-gas,published,no-public-data,GGFR/VIIRS only; ADNOC reports zero-routine targets but no flare-volume series,GGFR Global Gas Flaring Tracker Report 2024 (UAE),0.5,introduce-as-T3,T3,not-applicable,0.0000,UAE flared ~0.5 BCM 2023 per GGFR; ADNOC zero-routine 2030 target. Existing T2 'uae' covers solar-curtailment phenomenon.
VCT / Saint Vincent and the Grenadines,,VINLEC (St. Vincent Electricity Services),https://www.vinlec.com/,,not-modelled,none-expected,documented-gap,parseable-HTML-table,unprobed,none,0.0,blocked-document-only,not-applicable,not-applicable,0.0000,Small island utility; mostly diesel + 5 MW hydro. No public dispatch data.
VEN / Venezuela,,CORPOELEC (Corporacion Electrica Nacional),https://www.corpoelec.gob.ve/,,not-modelled,none-expected,documented-gap,unreachable,unprobed,Ember Venezuela 2024 (hydro-dominated; chronic shortages),0.0,blocked-document-only,not-applicable,not-applicable,0.0000,State utility; political crisis. No reliable public dispatch data. Hydro spill from Guri reported anecdotally; no anchor.
Vanuatu,National,UNELCO Engie / VUI,https://www.unelco.com.vu/,,not-modelled,curtailment-renewable,documented-gap,parseable-HTML-table,not-probed,none,0.0,blocked-document-only,not-applicable,not-applicable,0.0000,Concession utility (Engie) Port Vila + VUI Luganville; <0.1 TWh; no published curtailment.
Wallis and Futuna,Overseas Collectivity (FRA),EEWF (covered under France),https://www.eewf.fr/,,not-modelled,curtailment-renewable,documented-gap,parseable-HTML-table,not-probed,none,0.0,blocked-document-only,not-applicable,not-applicable,0.0000,French overseas collectivity; cross-ref to Europe-ENTSO-E task; isolated diesel grid <0.02 TWh.
XKX,,Kosovo Transmission System and Market Operator (KOSTT),https://www.kostt.com/,,not-modelled,curtailment-renewable,unknown,PDF-only,not-probed,none,0.0,blocked-document-only,not-applicable,not-applicable,0.0000,Kosovo TSO. ENTSO-E member since 2020 (own control area); coal-dominant; minimal VRE; no curtailment archive.
Yemen,,Public Electricity Corporation (PEC),https://pec.gov.ye/,,not-modelled,none-expected,documented-gap,unreachable,civil-war: grid fragmented Houthi/PLC zones; no public data,none,0.0,blocked-document-only,not-applicable,not-applicable,0.0000,Yemen grid collapsed since 2015. Distributed solar dominant in many areas (off-grid). PEC site sporadically reachable.
USA,Hawaii (Maui),Maui Electric Company,https://www.hawaiianelectric.com/,hawaii-maui,T2,curtailment-renewable,published,XLSX-table,known-public-table,Hawaiian Electric RSWG 2024 monthly + annual workbook,0.05,leave-existing-T1+,not-applicable,Pattern-A,-0.0070,Maui island system; same RSWG dataset as Oahu.
Kenya,,Kenya Electricity Transmission Company (KETRACO) + Kenya Power + KenGen,https://www.ketraco.co.ke/,kenya,T2,curtailment-renewable,published,parseable-HTML-table,homepage-200,EPRA 2025 (geothermal overnight venting),0.1,leave-T3,T3,not-applicable,-0.0080,Project T2 anchored on EPRA geothermal venting; KETRACO/Kenya Power/KenGen sites have annual reports only; no live SCADA feed public.
Namibia,,NamPower,https://www.nampower.com.na/,namibia,T2,curtailment-renewable,documented-gap,parseable-HTML-table,homepage-200,NamPower Integrated Strategic Business Plan 2025,0.1,leave-T3,T3,not-applicable,-0.0080,Project T2 anchored on NamPower ISB 2025; SAPP member; Ruacana hydro+IPP solar; no live dispatch feed.
United Arab Emirates,Abu Dhabi,Emirates Water and Electricity Company (EWEC) / TRANSCO,https://www.ewec.ae/,uae,T2,curtailment-renewable,documented-gap,parseable-HTML-table,EWEC publishes statements of capacity & projects; no live SCADA,IRENA Renewable Capacity Statistics 2024 UAE,0.1,leave-existing-T1+,not-applicable,not-applicable,-0.0080,EWEC procures Noor Abu Dhabi (1.2 GW) Al Dhafra (2 GW). TRANSCO transmission. Existing T2 'uae' aggregates UAE.
United Arab Emirates,Dubai,Dubai Electricity & Water Authority (DEWA),https://www.dewa.gov.ae/,uae,T2,curtailment-renewable,documented-gap,JS-rendered-SPA,DEWA portal app-based; sustainability reports as PDF,IRENA Renewable Capacity Statistics 2024 UAE,0.05,leave-existing-T1+,not-applicable,not-applicable,-0.0130,DEWA operates MBR Solar Park (~3 GW). Cross-ref existing T2 'uae'.
USA,Hawaii (Big Island),Hawaii Electric Light Company,https://www.hawaiianelectric.com/,hawaii-island,T2,curtailment-renewable,published,XLSX-table,known-public-table,Hawaiian Electric RSWG 2024 monthly + annual workbook (58.7% renewable),0.1,leave-existing-T1+,not-applicable,Pattern-A,-0.0140,Highest renewable share of the three island grids.
BGD / Bangladesh,National,BPDB (Bangladesh Power Development Board),https://bpdb.gov.bd/,bangladesh,T2,curtailment-renewable,published,PDF-only,TLS-cert-error,BPDB Daily Electricity Generation Report (misc.bpdb.gov.bd/storage/daily_entry/YYYY-MM-DD.pdf),0.05,leave-existing-T1+,not-applicable,not-applicable,-0.0220,Daily PDF with stable URL pattern - viable Pattern-D candidate for future T1 promotion
Oman,,Oman Electricity Transmission Company (OETC),https://omangrid.com/,oman,T2,curtailment-renewable,documented-gap,PDF-only,annual transmission reports PDF; 7-year statement on site,IRENA Renewable Capacity Statistics 2024 Oman,0.05,leave-existing-T1+,not-applicable,not-applicable,-0.0220,OETC under Nama Holding. Ibri II (500 MW PV) + Manah I/II in pipeline. Existing T2 'oman'.
PAK / Pakistan,National,NTDC / NPCC (National Power Control Centre),https://ntdc.gov.pk/,pakistan,T2,curtailment-renewable,published,PDF-only,timeout,Renewables First Pakistan Electricity Review 2024 (1 TWh solar 2024),0.05,leave-existing-T1+,not-applicable,not-applicable,-0.0220,NTDC IGCEP + NPCC dispatch data only in periodic PDFs; 5% RE share 2024; small absolute curtailment
RUS,Murmansk (Kola Peninsula),SO UPS - Kola wind dispatch,https://www.so-ups.ru/functioning/markets/surveys/renewable/2024/,russia-murmansk-wind,T2,curtailment-renewable,published,PDF-only,not-probed,SO UPS 2024 monthly DPM VIE reports (Kola wind dispatch limits 84 MW Sep 2024),0.05,leave-existing-T1+,not-applicable,not-applicable,-0.0220,Existing T2 narrow-source upgrade region. SO UPS DPM VIE monthly PDFs cite explicit wind output caps.
Saudi Arabia,,Saudi Electricity Company (SEC),https://www.se.com.sa/,saudi-solar,T2,curtailment-renewable,documented-gap,PDF-only,SEC annual reports PDF; National Grid SA site for transmission,IRENA Renewable Capacity Statistics 2024 Saudi Arabia,0.05,leave-existing-T1+,not-applicable,not-applicable,-0.0220,SEC + National Grid SA + ECRA. Sudair (1.5 GW) + Sakaka online; PIF/Acwa pipeline. Existing T2 'saudi-solar'.
PER / Peru,,COES-SINAC (Comite de Operacion Economica del SINAC),https://www.coes.org.pe/,peru,T1a,curtailment-renewable,published,parseable-HTML-table,200 / text/html,COES Vertimiento 2024 + IPEEM Anuario (~0.3 TWh hydro+RER),0.3,leave-existing-T1+,T1a,Pattern-A,-0.0240,Already T1a via COES live generation feed shaped to vertimiento anchor. Probe confirms server-rendered HTML.
CHE,,Swissgrid,https://www.swissgrid.ch/en/home/operation/grid-data.html,switzerland,T1c,curtailment-renewable,published,XML-feed,not-probed,ENTSO-E Swissgrid 2024 PV curtailment (rate calibrated from Czech CEPS),0.3,leave-existing-T1+,not-applicable,not-applicable,-0.0240,"Cross-ref: covered in europe-entsoe Task 7 (CH is ENTSO-E observer, no CACM agreement); existing T1c live-neighbour-anchored."
Thailand,,Electricity Generating Authority of Thailand (EGAT),https://www.egat.co.th/home/en/,thailand,T2,curtailment-renewable,documented-gap,parseable-HTML-table,EGAT statistics page lists 6 categories (capacity/generation/fuel/transmission/sales/reservoir); annual not real-time,Ember Asia Data Transparency 2023 (Thailand),0.3,leave-existing-T1+,not-applicable,not-applicable,-0.0240,EGAT generation+transmission monopoly; MEA/PEA distribute. EPPO holds national stats (XLSX). Existing T2 'thailand' covers solar curtailment.
Iran,,TAVANIR / IGMC,https://www.tavanir.org.ir/,iran,T2,curtailment-renewable,documented-gap,JS-rendered-SPA,Persian-language portal with stats dashboards; geo-blocking common from West,IRENA Renewable Capacity Statistics 2024 Iran,0.1,leave-existing-T1+,not-applicable,not-applicable,-0.0260,TAVANIR/IGMC publish SCADA dashboards in Farsi; sanctions/geo-block frictional. Solar+wind <2 GW. Existing T2 'iran'.
USA,Hawaii (Oahu),Hawaiian Electric Company,https://www.hawaiianelectric.com/,hawaii-oahu,T2,curtailment-renewable,published,XLSX-table,known-public-table,Hawaiian Electric RSWG 2024 monthly + annual workbook,0.2,leave-existing-T1+,not-applicable,Pattern-A,-0.0280,RSWG monthly reports publish per-island curtailment; provisional anchor.
Canada,Alberta,Alberta Electric System Operator (AESO),https://www.aeso.ca/,alberta,T1a,curtailment-renewable,published,parseable-HTML-table,known-public-table,AESO 2024 CSD report (~0.4 TWh wind curtailment),0.4,leave-existing-T1+,not-applicable,Pattern-A,-0.0320,AESO Current Supply Demand HTML table refreshed every minute.
IND / India,Karnataka,KSLDC (Karnataka State Load Despatch Centre),https://kptclsldc.in/,india-south,T2,curtailment-renewable,published,parseable-HTML-table,200,KSLDC RE Curtailment Details + SCADA portal (sda.kptclsldc.in),0.4,leave-existing-T1+,not-applicable,not-applicable,-0.0320,Real-time wind/solar dashboard + daily curtailment PDFs; rolls into india-south aggregate
Israel,,Israel Electric Corporation (IEC),https://www.iec.co.il/,israel,T2,curtailment-renewable,documented-gap,parseable-HTML-table,IEC site has stats pages; production stats annual,IRENA Renewable Capacity Statistics 2024 Israel,0.4,leave-existing-T1+,not-applicable,not-applicable,-0.0320,IEC retained generation/distribution; Noga is system operator. Cross-ref existing T2 'israel'.
PRY / Paraguay,,ANDE (Administracion Nacional de Electricidad),https://www.ande.gov.py/,paraguay,T3,none-expected,documented-gap,parseable-HTML-table,200 / text/html,Itaipu Annual Report 2024 (binational hydro),0.5,leave-T3,T3,not-applicable,-0.0400,"Paraguay grid is essentially binational hydro (Itaipu, Yacyreta). No VRE curtailment phenomenon. Existing T3 static at 0.5 TWh hydro spill proxy."
URY / Uruguay,,UTE (Administracion Nacional de Usinas y Trasmisiones),https://portal.ute.com.uy/,uruguay,T3,curtailment-renewable,documented-gap,parseable-HTML-table,unprobed,ADME Informe Anual 2024 (wind curtailment ~0.5 TWh),0.5,leave-T3,T3,not-applicable,-0.0400,UTE is utility; ADME is system operator (separate row). Existing T3 region keyed to Uruguay.
IND / India,Eastern Region,ERLDC (Eastern Regional Load Despatch Centre),https://erldc.in/,india-east,T2,curtailment-renewable,published,PDF-only,timeout,ERLDC daily PDFs; lower RE share but rising solar in Odisha/WB,0.1,leave-existing-T1+,not-applicable,not-applicable,-0.0440,Covers WB/Odisha/Bihar/Jharkhand/Sikkim; existing india-east fallback uses ERLDC
Egypt,,Egyptian Electricity Transmission Company (EETC),http://www.eetc.net.eg/,egypt,T2,curtailment-renewable,documented-gap,parseable-HTML-table,homepage-200,Ember Egypt 2024 + NREA Benban grid disconnections,0.6,leave-T3,T3,not-applicable,-0.0480,Project T2 anchored on Benban frequency disconnections (NREA); EETC site has grid code PDFs only; no live dispatch feed.
POL / Poland,,PSE,https://www.pse.pl/home,poland,T1a,curtailment-renewable,published,XML-feed,doc-cited / ENTSO-E A75,URE 2024 Redispatching Report (PSE 597 GWh PV + 125 GWh wind + DSO additions),0.7,leave-existing-T1+,not-applicable,not-applicable,-0.0560,T1a: ENTSO-E A75 multiplied by URE 2024 cited rates (3.5% solar / 0.5% wind).
GRC / Greece,,IPTO (ADMIE),https://www.admie.gr/en,greece,T1a,curtailment-renewable,published,XML-feed,doc-cited / ENTSO-E A75,HAEE Energy News Q1 2025 (IPTO 2024 RES curtailment 860 GWh),0.86,leave-existing-T1+,not-applicable,not-applicable,-0.0688,T1a: ENTSO-E A75 multiplied by HAEE-cited 3.6% wind+solar aggregate rate.
URY / Uruguay,,ADME (Administracion del Mercado Electrico),https://adme.com.uy/,uruguay,T3,curtailment-renewable,published,XLSX-table,200 / text/html,ADME Informe Anual 2024 + price/water XLT files,0.5,promote-to-T1,T1a,Pattern-A,-0.0700,Server-rendered PHP; publishes spot price + water value as XLT (Excel). Wind curtailment events in winter low-demand periods documented but not as a single anchor.
TWN,National,Taiwan Power Company (Taipower),https://www.taipower.com.tw/,taiwan,T2,curtailment-renewable,published,JS-rendered-SPA,homepage-200-open-data-section-spa,Taipower 2024 Renewable Generation Open Data,0.3,leave-existing-T1+,not-applicable,not-applicable,-0.0780,Open-data section confirmed but interactive dashboards (SPA); existing static covers it; curtailment growing 2024
Canada,Saskatchewan,SaskPower,https://www.saskpower.com/,saskatchewan,T2,curtailment-renewable,published,PDF-only,known-public-PDF,SaskPower 2024 Annual Report (~0.2 TWh wind curtailment),0.2,leave-existing-T1+,not-applicable,Pattern-A,-0.0880,SaskPower wind fleet ~0.6 GW; curtailment from transmission constraints.
Malaysia,Peninsular,Tenaga Nasional Berhad (TNB) / Single Buyer (GSO),https://www.tnb.com.my/,malaysia,T2,curtailment-renewable,documented-gap,PDF-only,TNB publishes Daily System Generation Summary in investor section; PDF format,Malaysia Energy Commission ST 2024 Annual Report,0.2,leave-existing-T1+,not-applicable,not-applicable,-0.0880,TNB Grid System Operator runs Peninsular dispatch; Single Buyer separate accounting unit. Existing T2 'malaysia'. SEDA tracks RE.
IND / India,Southern Region,SRLDC (Southern Regional Load Despatch Centre),https://srldc.in/,india-south,T2,curtailment-renewable,published,parseable-HTML-table,timeout,SRLDC WBES scheduling reports + daily PDFs (wbes.srldc.in/Report),1.2,leave-existing-T1+,not-applicable,not-applicable,-0.0960,WBES scheduling portal + daily PDFs; covers KA/TN/AP/TG/KL; india-south fallback uses SRLDC
CHL / Chile,Wind zones (Bio Bio/Araucania/Los Lagos),CEN (Coordinador Electrico Nacional) wind,https://www.coordinador.cl/,chile-wind,T3,curtailment-renewable,published,XLSX-table,unprobed,CEN ERV 2024 wind subset XLSX (~0.7 TWh),0.7,promote-to-T1,T1a,Pattern-A,-0.0980,Already in CEN ERV XLSX as separate wind subset. Currently held T3 because loader hasnt been wired; same XLSX feed as Atacama could lift it to T1a.
IND / India,Maharashtra,MSLDC (Maharashtra State Load Despatch Centre),http://www.mahasldc.in/,india-west,T2,curtailment-renewable,published,unreachable,TLS-cert-error,MSLDC daily reports (TLS cert error from probe location),0.2,leave-existing-T1+,not-applicable,not-applicable,-0.1000,Cert mismatch on www.mahasldc.in; reachable from India; rolls into india-west
MNG,National,Mongolian National Dispatching Center (NDC),https://www.nptg.mn/,mongolia,T2,curtailment-renewable,unknown,unreachable,homepage-econnrefused,NPTG fallback / IRENA 2024,0.2,leave-existing-T1+,not-applicable,not-applicable,-0.1000,NPTG site refused connection during probe; existing static modelling fallback; CCS-curtailed wind anchor
Israel,,Noga - Israel Independent System Operator,https://www.noga-iso.co.il/,israel,T2,curtailment-renewable,documented-gap,JS-rendered-SPA,Noga publishes Hebrew dashboard with real-time generation,IRENA Renewable Capacity Statistics 2024 Israel,0.4,leave-existing-T1+,not-applicable,not-applicable,-0.1040,Noga (since 2021) handles dispatch separated from IEC. PV ~5 GW; midday curtailment growing. Existing T2 'israel'.
KOR,Jeju Island,KPX Jeju Control Centre,https://www.kpx.or.kr/eng/,jeju,T2,curtailment-renewable,published,JS-rendered-SPA,known-spa,KPX Jeju Curtailment Report 2024,0.4,leave-existing-T1+,not-applicable,not-applicable,-0.1040,Already modelled as `jeju` static; highest %-curtailment in S Korea; data via SPA
Ethiopia,,Ethiopian Electric Power (EEP) / Ethiopian Electric Utility (EEU),https://www.eep.com.et/,ethiopia,T2,curtailment-renewable,documented-gap,JS-rendered-SPA,homepage-200,IRENA Ethiopia 2024 + GERD ramp-up,0.5,leave-T3,T3,not-applicable,-0.1300,Project T2 is hydro-spill proxy; EEP site is SPA with no dispatch feed; GERD operational data not public.
Indonesia,,Perusahaan Listrik Negara (PLN),https://web.pln.co.id/,indonesia,T2,curtailment-renewable,documented-gap,JS-rendered-SPA,homepage SPA; no transparency portal; data.go.id has limited PLN datasets,IEA Enhancing Indonesia Power System 2024,0.5,leave-existing-T1+,not-applicable,not-applicable,-0.1300,PLN vertically-integrated monopoly across Java-Bali + 600 isolated grids. Sumatra PV curtailment ~14% per studies. Existing T2 'indonesia'.
Morocco,,Office National de l'Electricite et de l'Eau Potable (ONEE),http://www.one.org.ma/,morocco,T2,curtailment-renewable,documented-gap,JS-rendered-SPA,homepage-200,ANRE Annual Report 2024,0.5,leave-T3,T3,not-applicable,-0.1300,Project T2 anchored on ANRE 2024 (south-north transmission constraint); ONEE site SPA; covers Western Sahara per project rule; no live dispatch.
IND / India,Gujarat,GSLDC (Gujarat State Load Despatch Centre),https://sldcguj.com/,india-west,T2,curtailment-renewable,published,unreachable,403,"Ember/IEEFA SET 2024 - Gujarat top RE state, 4.32 GW solar adds 2024",0.3,leave-existing-T1+,not-applicable,not-applicable,-0.1500,GSLDC publishes daily curtailment but probe blocked; rolls into india-west
Kazakhstan,,KEGOC (Kazakhstan Electricity Grid Operating Company),https://www.kegoc.kz/en/,kazakhstan,T2,curtailment-renewable,documented-gap,PDF-only,annual operational reports as PDF; no real-time API,IRENA Renewable Capacity Statistics 2024 Kazakhstan,0.4,leave-existing-T1+,not-applicable,not-applicable,-0.1760,KEGOC publishes annual ops reports (PDF). Wind curtailment ~2-3% per IRENA; no live data feed. Existing T2 region 'kazakhstan'.
UKR,,NPC Ukrenergo,https://ua.energy/,ukraine,T2,curtailment-renewable,published,PDF-only,not-probed,Ember 2024 Ukraine ~0.4 TWh solar curtailment (ENTSO-E absent post-war),0.4,leave-existing-T1+,not-applicable,not-applicable,-0.1760,Existing T2 region. Ukrenergo synchronised with ENTSO-E CE Mar 2022 but transparency platform reporting suspended; Ember anchor in use.
IND / India,Rajasthan,RSLDC (Rajasthan SLDC) / RRVPNL,https://rrvpnl.org/,india-north,T2,curtailment-renewable,published,unreachable,ECONNREFUSED,Rajasthan FY24-25 RE 57.35 BU (43.86% of 130.77 BU total),0.4,leave-existing-T1+,not-applicable,not-applicable,-0.2000,Largest solar capacity adds 2024 (7.09 GW); RSLDC publishes daily reports; rolls into india-north
IND / India,Western Region,WRLDC (Western Regional Load Despatch Centre),https://wrldc.in/,india-west,T2,curtailment-renewable,published,PDF-only,timeout,WRLDC daily/monthly RE reports (Maharashtra+Gujarat highest curtailment),0.5,leave-existing-T1+,not-applicable,not-applicable,-0.2200,Daily PDF reports; covers Gujarat/Maharashtra/MP/Goa; india-west fallback uses WRLDC
Jordan,,National Electric Power Company (NEPCO),https://www.nepco.com.jo/,jordan,T2,curtailment-renewable,published,PDF-only,NEPCO annual reports PDF (English+Arabic) with curtailment commentary,EMRC/NEPCO Annual Report 2023 (curtailment ~0.5 TWh),0.5,leave-existing-T1+,not-applicable,not-applicable,-0.2200,Jordan ~30% RE share 2024; chronic curtailment from south wind+solar transmission constraints. Existing T2 'jordan'.
NLD / Netherlands,,TenneT-NL,https://www.tennet.eu/,netherlands,T1b,curtailment-renewable,published,XML-feed,doc-cited / ENTSO-E A75,IEEFA May 2025 (Dutch 2024 wind+solar curtailment 3.0 TWh / 4.9% rate),3.0,leave-existing-T1+,not-applicable,not-applicable,-0.2400,T1b: IEEFA aggregate rate applied to ENTSO-E A75 wind+solar generation.
IND / India,Tamil Nadu,TNSLDC (Tamil Nadu State Load Despatch Centre),https://www.sldc.tn.gov.in/,india-south,T2,curtailment-renewable,published,unreachable,ECONNREFUSED,TNERC 2024 order on 249MW curtailment compensation (TNSLDC instructions),0.5,leave-existing-T1+,not-applicable,not-applicable,-0.2500,Material curtailment 2024 per TNERC; rolls into india-south
ARG / Argentina,,CAMMESA (Compania Administradora del Mercado Mayorista Electrico),https://cammesaweb.cammesa.com/,argentina,T3,curtailment-renewable,published,JS-rendered-SPA,ECONNREFUSED on probe,CAMMESA Informe Mensual 2024 + Informe Anual 2024 (wind curtailment Patagonia),1.0,leave-T3,T3,not-applicable,-0.2600,Existing project T3 region. CAMMESA publishes Informe Mensual via JS dashboards; bulk data via Memorias y Balances. Patagonia wind curtailment ~1 TWh.
CHL / Chile,,CEN (Coordinador Electrico Nacional) Atacama solar,https://www.coordinador.cl/,atacama,T1a,curtailment-renewable,published,XLSX-table,403 on direct probe,CEN Reduccion de Generacion Renovable 2024 XLSX (~2.5 TWh solar),2.5,leave-existing-T1+,T1a,Pattern-A,-0.3500,Already T1a via CEN ERV XLSX. Atacama region carries solar share.
IND / India,Northern Region,NRLDC (Northern Regional Load Despatch Centre),https://nrldc.in/,india-north,T2,curtailment-renewable,published,PDF-only,timeout,NRLDC Daily RE-Curtailment Report (nrldc.in/en/reports/daily-reports/re-curtailment-report/),0.8,leave-existing-T1+,not-applicable,not-applicable,-0.3520,Daily PDF + state SLDC feeds; covers Rajasthan/UP/Delhi/MP-north; existing india-north uses NRLDC fallback
KOR,Mainland,Korea Power Exchange (KPX) - System Operator,https://www.kpx.or.kr/eng/,south-korea,T2,curtailment-renewable,published,JS-rendered-SPA,homepage-200-epsis-spa,KPX EPSIS Renewable Utilization Rate 2024,1.5,leave-existing-T1+,not-applicable,not-applicable,-0.3900,EPSIS portal SPA; renewable utilization data exists but XHR-walled; existing static `south-korea` covers it
CHN,Tibet (Xizang),State Grid Tibet Electric Power,http://www.xz.sgcc.com.cn/,tibet,T2,curtailment-renewable,published,PDF-only,probe-not-attempted-known-walled,NEA 2024 provincial RE curtailment bulletin,1.0,leave-existing-T1+,not-applicable,not-applicable,-0.4400,Hydro spill + isolated grid; NEA 2024 figures provincial; no hourly public feed
HND / Honduras,,ENEE (Empresa Nacional de Energia Electrica) / ODS,https://ods.org.hn/,honduras,T3,curtailment-renewable,documented-gap,PDF-only,unprobed,IRENA / project static (1.0 TWh proxy for solar curtailment),1.0,leave-T3,T3,not-applicable,-0.4400,Existing project T3 region. ODS (Operador del Sistema) publishes monthly statistical reports as PDF. Solar curtailment cited 2019-2021.
DEU / Germany,,Amprion / TenneT-DE / 50Hertz / TransnetBW (consolidated via ENTSO-E),https://transparency.entsoe.eu/,germany,T1a,curtailment-renewable,published,XML-feed,doc-cited / ENTSO-E A75,BNetzA 2024 electricity market data (3.4 TWh onshore wind + 4.6 TWh offshore wind + PV curtailment),8.0,leave-existing-T1+,not-applicable,not-applicable,-0.6400,Loader uses ENTSO-E A75 multiplied by BNetzA-cited rates; per-TSO SMARD/BNetzA splits available but not split in loader.
KOR,Mainland,Korea Electric Power Corporation (KEPCO),https://home.kepco.co.kr/,south-korea,T2,curtailment-renewable,published,PDF-only,homepage-404-on-eng-corporate,KPX Renewable Curtailment Report 2024,1.5,leave-existing-T1+,not-applicable,not-applicable,-0.6600,KEPCO is asset owner; system operation by KPX. Currently modelled as static. KPX EPSIS has curtailment via SPA only
Vietnam,,National Power System and Market Operation (NSMO),https://www.nsmo.vn/,vietnam,T2,curtailment-renewable,documented-gap,JS-rendered-SPA,nsmo.vn timed out on probe; site exists but no public dispatch/curtailment API,IEEFA Vietnam Energy Transition 2024 (solar curtailment ~3 TWh),3.0,leave-existing-T1+,not-applicable,not-applicable,-0.7800,NSMO spun out of EVN Aug 2024 as independent SO. Investors petitioning for transparent dispatch. Existing T2 'vietnam' covers solar curtailment.
Vietnam,,Vietnam Electricity (EVN),https://www.evn.com.vn/,vietnam,T2,curtailment-renewable,documented-gap,JS-rendered-SPA,homepage lists hydro reservoir levels and grid op summary; no machine-readable feed,EVN Annual Report 2024,3.0,leave-existing-T1+,not-applicable,not-applicable,-0.7800,EVN parent (NPC/CPC/SPC distribution arms). Dispatch transferred to NSMO 2024. Severe curtailment Ninh Thuan/Binh Thuan. Cross-ref existing 'vietnam'.
CHN,Qinghai,State Grid Qinghai Electric Power,http://www.qh.sgcc.com.cn/,qinghai,T2,curtailment-renewable,published,PDF-only,probe-not-attempted-known-walled,NEA 2024 provincial RE curtailment bulletin,2.0,leave-existing-T1+,not-applicable,not-applicable,-0.8800,High solar penetration; NEA 2024 solar ~5%; no public hourly feed; aggregated under SGCC NW Branch
CHN,Ningxia,State Grid Ningxia Electric Power,http://www.nx.sgcc.com.cn/,ningxia,T2,curtailment-renewable,published,PDF-only,probe-not-attempted-known-walled,NEA 2024 provincial RE curtailment bulletin,2.5,leave-existing-T1+,not-applicable,not-applicable,-1.1000,Already modelled; SGCC NW Branch; high solar curtailment; portal walled
CHN,Gansu,State Grid Gansu Electric Power,http://www.gs.sgcc.com.cn/,gansu,T2,curtailment-renewable,published,PDF-only,probe-not-attempted-known-walled,NEA 2024 provincial RE curtailment bulletin,3.5,leave-existing-T1+,not-applicable,not-applicable,-1.5400,Historic high-curtailment province; NEA 2024 wind ~5% solar ~5%; SPA portal not machine-readable
Saudi Arabia,Eastern,East Saudi flaring (Aramco oilfields - Ghawar/Khurais),https://www.worldbank.org/en/programs/gasflaringreduction,e-saudi,T2-flare,flare-associated-gas,published,no-public-data,GGFR/VIIRS; Aramco does not publish per-field flare volumes,GGFR Global Gas Flaring Tracker Report 2024 (Saudi Arabia),3.4,leave-existing-T1+,not-applicable,not-applicable,-1.7000,Existing T2-flare 'e-saudi'. Saudi flared ~3.4 BCM 2023 per GGFR; Aramco aims zero-routine 2030.
CHN,Yunnan,Yunnan Power Grid (China Southern Grid),http://www.yn.csg.cn/,yunnan,T2,curtailment-renewable,published,PDF-only,probe-not-attempted-known-walled,NEA 2024 provincial RE curtailment bulletin,4.0,leave-existing-T1+,not-applicable,not-applicable,-1.7600,CSG jurisdiction (not SGCC); hydro spill; SPA portal; aggregated in CSG transparency PDFs only
CHN,Inner Mongolia,State Grid Inner Mongolia East / IMPS,http://www.im.sgcc.com.cn/,inner-mongolia,T2,curtailment-renewable,published,PDF-only,probe-not-attempted-known-walled,NEA 2024 wind+solar curtailment provincial bulletin,8.0,leave-existing-T1+,not-applicable,not-applicable,-3.5200,"Largest CN wind province; NEA 2024 reports wind ~7%, solar ~5% curtailment; SGCC portal SPA/walled"
CHN,Xinjiang,State Grid Xinjiang Electric Power,http://www.xj.sgcc.com.cn/,xinjiang,T2,curtailment-renewable,published,PDF-only,probe-not-attempted-known-walled,NEA 2024 provincial RE curtailment bulletin,9.0,leave-existing-T1+,not-applicable,not-applicable,-3.9600,Largest CN solar+wind curtailment; NEA 2024 wind ~7% solar ~5%; SGCC subsidiary; no public hourly feed
CHN,Sichuan,State Grid Sichuan Electric Power,http://www.sc.sgcc.com.cn/,sichuan,T2,curtailment-renewable,published,PDF-only,probe-not-attempted-known-walled,NEA 2024 provincial hydro-spill bulletin,12.0,leave-existing-T1+,not-applicable,not-applicable,-5.2800,Hydro spill dominated; NEA 2024 anchor; no machine-readable hourly portal
Iraq,South,South Iraq flaring (BOC/MOC oilfields - Basra),https://www.worldbank.org/en/programs/gasflaringreduction,s-iraq,T2-flare,flare-associated-gas,published,no-public-data,GGFR/VIIRS satellite; operator does not publish flare-volume series,GGFR Global Gas Flaring Tracker Report 2024 (Iraq),17.9,leave-existing-T1+,not-applicable,not-applicable,-8.9500,Existing T2-flare region 's-iraq'. Iraq #2 global flarer ~17.9 BCM/yr per GGFR 2024 (proxy as TWh thermal-equiv).
RUS,West Siberia (Khanty-Mansi),Gazprom/Rosneft/Surgutneftegaz flaring; system SO UPS Tyumen,https://www.so-ups.ru/,w-siberia,T2-flare,flare-associated-gas,published,no-public-data,not-probed,GGFR 2024 West Siberia flaring ~15 Bcm ≈ 44 TWh equivalent,44.0,leave-existing-T1+,not-applicable,not-applicable,-22.0000,Existing T2-flare region (w-siberia). GGFR satellite-only; no operator-direct annual archive.
